study id,cvd,ihd,htn,dm,ckd,ost,merlin_split
AC4215686,0,0,0,2,0,0,
AC4213f8d,0,0,0,0,0,0,
AC4214f10,3,3,1,3,3,3,
AC4216b11,0,0,2,2,0,2,
AC421656a,2,1,2,2,3,3,
AC421504e,0,0,2,2,0,0,val
AC42140b9,0,0,1,0,0,2,
AC4216dc9,0,0,0,0,0,0,test
AC4214148,2,0,2,0,0,0,
AC4215b51,2,0,2,0,1,0,
AC4245990,2,1,2,0,2,2,val
AC4215cce,0,0,0,0,0,0,
AC42169f4,0,0,2,0,2,0,
AC4214cda,0,0,0,0,0,0,
AC4213911,0,0,0,0,0,0,val
AC42426db,3,3,2,3,1,3,train
AC4213830,3,3,2,3,1,3,train
AC421556a,0,0,0,0,0,0,
AC4215507,0,0,2,2,0,0,
AC4214123,0,0,2,2,0,0,
AC4214d86,3,3,2,1,3,2,
AC4240402,3,3,2,1,3,2,
AC4216e1a,0,0,2,2,0,0,
AC4216a1c,0,0,0,0,0,0,
AC4215059,0,0,0,0,0,0,train
AC4215076,0,0,2,0,0,0,
AC421547d,0,0,2,2,2,0,train
AC4213eac,0,0,0,0,0,0,
AC421396f,0,0,1,2,0,0,
AC42139f4,0,0,1,0,0,0,val
AC4214713,3,3,1,3,3,3,val
AC4216980,1,0,2,0,0,0,train
AC42156b8,0,0,1,0,0,2,
AC421630c,0,0,2,1,0,1,
AC4214893,0,0,1,0,2,1,
AC4215bf0,1,0,2,0,0,0,
AC4216ae3,2,0,2,0,0,0,
AC42410fc,0,0,0,0,0,0,
AC421577d,1,1,0,0,0,0,
AC421462d,0,0,0,2,0,0,
AC42139a9,0,0,0,2,0,0,
AC42157c3,0,0,2,2,0,0,
AC4214d28,0,0,0,0,0,0,
AC4245a7d,2,0,0,0,0,0,
AC423e34b,2,0,0,0,0,0,
AC42169ec,2,0,0,0,0,0,
AC4244622,2,0,0,0,0,0,
AC4242d9e,2,0,0,0,0,0,
AC424176b,2,0,0,0,0,0,
AC4213efc,2,0,0,0,0,0,
AC42157d2,0,0,3,0,0,0,
AC42139de,2,1,3,3,1,3,
AC4215e03,1,1,2,2,0,2,
AC4214e76,0,0,2,0,0,0,
AC4214d7c,1,1,3,1,0,1,
AC42145c5,0,0,0,0,0,0,
AC4245218,1,1,2,0,1,1,
AC4214f64,1,1,2,1,1,1,
AC4213820,2,0,2,0,0,2,
AC42409d5,2,3,2,3,1,2,
AC42139b7,0,0,0,0,0,0,
AC4214063,0,0,0,0,0,0,
AC42157a5,2,0,2,0,1,0,
AC4213670,0,0,0,0,0,0,
AC4214e45,0,0,0,0,0,0,
AC42154fb,0,0,0,0,0,0,
AC42165ba,0,0,0,0,0,0,
AC4216d0c,1,0,1,0,0,1,val
AC4215eed,0,0,1,0,0,0,
AC4215740,0,0,2,0,0,0,
AC423ea1b,0,0,2,0,0,0,
AC4215cd8,0,0,2,0,0,0,
AC4216b05,0,0,0,0,0,0,
AC423fd88,1,1,2,2,2,3,
AC4216bdf,2,1,2,2,2,3,
AC42400c6,2,1,2,2,2,3,
AC423e920,2,1,2,2,2,3,
AC424354b,2,1,2,2,2,3,
AC4245881,2,1,2,2,2,3,
AC4215bec,0,0,0,0,0,0,
AC423e8e7,1,3,3,3,3,3,
AC42137f0,0,0,0,0,2,0,
AC421560a,2,0,0,0,0,1,
AC4215e38,0,0,0,0,0,0,
AC4215c76,0,0,0,0,0,0,val
AC42148c1,0,0,2,0,1,0,
AC4215ea9,0,0,0,0,0,0,
AC4216c24,1,0,2,0,0,1,
AC42164cf,1,3,3,3,3,3,test
AC423f48c,1,3,3,3,3,3,test
AC4214e20,1,3,3,3,3,3,test
AC42136cc,0,0,0,0,0,0,
AC4215038,0,0,0,0,0,0,
AC4215410,0,0,2,0,2,0,
AC42147ae,1,0,0,0,0,0,
AC42137dc,0,0,0,0,0,0,
AC42155ee,0,0,0,0,0,0,
AC4215d88,0,0,0,0,0,2,
AC421473e,1,1,2,2,1,3,
AC4213a0c,0,0,0,0,0,0,
AC4215677,0,0,0,0,0,0,val
AC4216cb7,0,0,0,0,0,0,val
AC42140b6,3,3,1,3,3,2,
AC4216bfe,0,0,2,0,0,0,
AC423fb02,0,0,1,0,0,0,
AC421645e,0,0,2,0,0,0,
AC424019a,0,0,0,1,0,0,
AC4215046,0,0,0,1,0,0,
AC4215492,0,0,0,0,0,0,
AC4215d03,0,0,0,0,0,0,
AC4216b2c,0,0,0,0,0,0,test
AC42155fb,0,0,0,2,0,0,train
AC4215e87,2,0,2,0,0,1,test
AC421501d,0,0,1,0,0,0,
AC421558f,0,0,0,0,0,0,
AC421390f,1,0,1,1,0,0,
AC4213668,3,3,2,2,3,1,
AC42147ff,0,0,2,0,0,0,
AC4215430,0,0,2,0,0,1,
AC4213fd8,0,0,0,0,0,2,
AC42148fd,2,1,2,0,0,1,
AC42141aa,0,0,0,0,3,0,
AC4241441,1,0,2,0,2,1,
AC421482c,1,0,2,0,2,1,
AC4214154,1,0,2,0,2,1,
AC4216dda,0,0,0,0,0,0,test
AC4213659,0,0,0,0,0,0,
AC42162f2,0,0,0,0,0,2,
AC42139f3,0,0,3,3,0,0,
AC4214f16,2,0,0,0,0,2,
AC4214d71,2,0,0,0,0,2,
AC4214e7c,0,0,0,0,0,0,test
AC42169a8,0,0,2,3,0,0,
AC42154c6,0,0,2,0,0,0,
AC4215438,0,0,2,3,0,0,
AC4215674,1,1,2,2,1,3,
AC423e92e,1,1,2,2,1,3,
AC42157eb,0,0,0,0,0,0,
AC4213fc9,0,0,3,0,0,0,val
AC42148c6,0,0,0,0,0,0,
AC42448f2,0,0,0,0,0,0,
AC423efe1,0,0,0,0,0,0,
AC4216998,0,0,0,2,0,0,
AC42402f8,2,1,0,0,0,1,
AC4240ef0,2,1,0,0,0,2,
AC4214f61,2,1,0,0,0,2,
AC4242f26,2,2,0,0,0,2,
AC4213fa9,1,0,2,0,0,0,
AC421558c,0,0,0,0,0,0,
AC4215b85,0,0,1,2,0,0,
AC4214fb7,0,0,2,2,0,0,
AC4243062,1,3,2,3,3,3,
AC4215c79,1,1,0,0,0,2,train
AC42457f6,0,0,0,1,0,0,
AC423fce1,0,0,0,1,0,0,
AC4214774,0,0,0,1,0,0,
AC4214cc8,0,0,2,0,0,0,
AC42136f7,3,3,1,3,3,3,val
AC4215447,0,0,0,0,0,0,
AC42163d6,0,0,1,2,0,0,
AC4214f86,3,3,1,2,3,3,
AC4215c16,3,3,1,3,3,3,
AC42433e6,0,0,0,0,0,0,
AC423c7aa,0,0,0,0,0,0,
AC4214cc1,0,0,0,0,0,0,
AC4213688,0,0,2,0,0,0,
AC4215782,0,0,0,0,0,0,
AC4216be7,0,0,0,0,0,0,
AC42147b7,1,1,3,3,3,3,
AC42446b1,0,0,0,0,0,0,
AC42146f4,0,0,0,0,0,0,
AC4242cc7,0,0,0,3,0,1,
AC42148f5,0,0,0,2,0,1,
AC4215ede,0,0,1,1,0,0,
AC4216981,0,0,0,0,0,0,train
AC423ed69,2,1,2,2,2,3,val
AC4215e88,0,0,3,0,0,0,
AC4215c97,1,1,2,0,0,0,
AC4214ef6,3,3,1,3,3,3,
AC4215ca6,3,3,1,3,3,3,
AC4241765,3,3,1,3,3,3,
AC423f02c,1,1,2,0,0,0,
AC4242233,1,1,2,0,0,0,
AC42428a9,1,1,2,0,0,0,
AC4245466,1,1,2,3,3,3,
AC4215e9b,0,0,1,0,0,0,
AC4216330,0,0,0,0,0,0,val
AC4215d61,0,0,2,0,0,0,
AC421478c,0,0,0,0,0,0,
AC423f718,2,0,2,2,0,0,
AC4240329,2,1,2,2,0,0,
AC42416b6,2,1,2,2,0,0,
AC4216571,2,1,2,2,0,0,
AC4216616,0,0,0,0,0,0,test
AC421457f,0,0,2,0,2,0,
AC4215636,0,0,0,0,0,0,
AC4213e9c,1,0,2,0,0,2,
AC4213f40,1,0,2,0,0,2,
AC4213e34,1,0,2,0,0,2,
AC42145a8,0,0,1,0,0,0,
AC4216dff,0,0,0,0,0,0,
AC4214857,0,0,0,0,0,0,
AC4215568,0,0,0,0,0,0,
AC4215449,0,0,0,0,0,0,
AC4214e1d,3,3,2,2,3,1,test
AC4241a50,3,3,2,2,3,1,test
AC42409cd,0,0,0,1,2,1,
AC42165f9,0,0,0,1,2,1,
AC423dae4,0,0,0,0,0,0,
AC42140bc,3,3,1,3,3,3,
AC42162ec,0,0,0,0,0,0,
AC423e0b2,0,0,3,0,0,0,
AC42141be,0,0,2,0,0,0,
AC4213f33,2,1,2,2,1,2,
AC4213df8,0,0,0,2,0,0,
AC4215091,2,0,2,0,2,0,
AC4214f91,1,1,0,0,0,0,
AC4213a08,1,0,1,0,0,0,
AC42162f0,0,0,2,1,0,0,
AC4213f50,1,1,1,3,3,3,
AC421569a,0,0,0,0,0,1,
AC421656d,0,0,2,0,0,0,
AC42163c7,1,0,2,2,2,0,
AC4213e40,0,0,0,3,0,0,
AC4214ddf,0,0,0,0,0,0,train
AC4215e22,0,0,1,0,1,1,
AC42433f3,1,1,3,3,3,3,
AC4214e27,1,1,3,3,3,3,
AC4243b2e,1,1,3,3,3,3,
AC42139e6,0,0,1,2,0,0,val
AC4214ccb,0,0,2,2,0,0,val
AC4215e0b,0,0,0,0,0,1,
AC423ccf5,3,3,2,2,1,3,
AC4214ffd,3,3,2,2,1,3,
AC42423c0,3,3,2,2,1,3,
AC4214e83,0,0,2,0,0,1,
AC423d528,0,0,1,0,0,0,
AC421408b,3,3,1,3,3,3,
AC4242280,0,0,2,2,0,2,
AC4214d5c,0,0,2,2,0,2,
AC4214614,3,3,3,3,3,1,
AC4216bf8,2,0,1,1,2,1,
AC423e105,2,0,1,1,2,1,
AC4214615,2,0,1,2,2,1,
AC4214918,1,0,2,0,0,1,
AC4214fac,0,0,1,0,0,0,
AC4215d1c,3,3,1,3,3,3,
AC421502c,0,0,2,0,0,0,
AC42146b0,0,0,2,2,0,0,
AC4214868,0,0,2,0,0,0,
AC42148db,3,3,1,2,3,3,
AC4244c0e,3,3,1,2,3,3,
AC4214cdc,0,0,1,0,0,0,
AC4214e18,0,0,2,0,1,0,
AC42163d2,0,0,2,0,0,0,
AC4240e6b,0,0,2,0,0,0,
AC42145fd,0,0,2,0,0,0,
AC42165a3,0,0,0,0,0,0,
AC42164b5,0,0,0,0,0,0,
AC42138ae,1,1,2,2,3,3,train
AC42429c0,2,1,2,2,2,0,
AC42163ae,2,1,2,2,2,0,
AC4216a8e,1,1,1,0,0,1,
AC4214e35,0,0,0,0,0,0,
AC421405f,0,0,0,0,0,0,test
AC421396a,1,0,0,0,0,0,
AC4216b44,0,0,0,0,0,0,
AC42147d9,0,0,0,0,0,0,
AC4216426,1,0,2,0,0,0,train
AC423c085,1,0,2,0,0,0,train
AC4214eca,1,0,2,0,0,0,train
AC421380a,0,0,2,0,0,0,test
AC4215b31,1,1,2,0,0,2,
AC4213882,0,0,1,0,0,0,
AC42140e4,0,0,0,0,0,0,
AC4215e9f,0,0,2,0,0,0,
AC421365a,0,0,2,0,0,0,
AC4215077,0,0,0,0,0,0,
AC4214df5,1,3,2,3,3,3,val
AC423c7a9,0,0,2,0,0,0,
AC42138d8,0,0,2,0,0,0,
AC42146b7,0,0,2,0,0,1,
AC4215cfa,0,0,0,1,0,0,
AC421383c,0,0,2,0,0,0,
AC42156db,2,1,2,1,1,0,
AC4215062,1,1,2,3,3,3,
AC423e193,1,1,2,3,3,3,
AC42427b9,1,2,2,3,3,3,
AC42140ca,0,0,1,0,0,0,
AC4242788,3,3,1,3,3,3,
AC42165c6,0,0,1,0,0,0,test
AC42163a1,0,0,0,0,0,0,
AC4216ceb,0,0,0,0,0,0,
AC421392c,0,0,0,0,0,0,
AC4214e03,0,0,2,3,0,2,
AC4213851,0,0,2,2,0,0,
AC42140ba,0,0,0,0,0,0,
AC4216613,0,0,0,0,0,0,
AC423f719,0,0,1,0,0,0,
AC42162b8,3,3,1,3,3,3,
AC4216e0e,0,0,0,0,0,0,val
AC4215c83,0,0,3,0,0,0,
AC42139cd,0,0,0,0,0,0,
AC423f67d,1,1,2,3,3,3,
AC4213f83,1,0,2,0,2,0,train
AC4214902,0,0,2,0,0,0,
AC4216317,2,1,2,3,3,3,
AC4215dee,0,0,0,0,0,0,
AC4213f2b,1,1,1,0,0,0,
AC4216e0b,3,3,3,3,1,3,train
AC4215d10,0,0,2,0,0,0,
AC42148ce,0,0,2,0,0,0,
AC4215dff,3,1,3,0,1,0,
AC4216558,3,3,3,1,3,3,test
AC423cc09,3,3,3,1,3,3,test
AC4213893,0,0,0,0,0,1,
AC421477b,0,0,2,0,0,0,train
AC421545b,0,0,0,0,0,0,
AC4214fe8,0,0,0,0,0,0,
AC4215e0f,0,0,2,2,0,0,
AC4216ab9,2,0,2,0,0,0,
AC4216afe,1,1,0,0,0,0,
AC4214f25,0,0,2,1,0,0,val
AC42154f3,1,1,1,1,3,3,
AC4213e6a,0,0,0,0,0,0,
AC423e8db,0,0,0,0,0,0,
AC42147b8,1,3,2,3,2,2,test
AC423cdf7,3,3,1,3,3,3,
AC423fc0a,3,3,1,3,3,3,
AC4214580,1,0,2,2,0,2,
AC42458fa,0,0,0,0,1,0,
AC4243f6d,0,0,0,0,1,0,
AC4216cd3,0,0,0,0,1,0,
AC421698e,2,0,2,0,0,2,
AC4215798,2,0,2,0,0,2,
AC423e6ce,0,0,0,0,2,2,val
AC42163c1,0,0,0,0,2,2,val
AC4216498,3,3,1,3,3,3,
AC4216b8a,0,0,0,3,0,0,test
AC4215090,0,0,1,3,1,0,
AC42154dd,1,3,1,3,3,3,
AC4213f9f,0,0,1,0,0,0,
AC421571e,0,0,2,0,0,1,
AC4216d15,1,1,2,0,1,0,test
AC423ef2f,1,1,2,0,1,0,test
AC423e0b5,1,1,2,0,1,0,test
AC4240e2e,2,0,2,2,0,0,test
AC4213810,2,0,2,2,0,0,test
AC421463b,0,0,2,0,1,0,
AC42154c1,1,1,2,2,1,0,
AC4216e14,3,3,2,3,1,3,
AC42165e3,2,1,2,2,2,0,
AC423d3b0,2,2,2,2,2,0,
AC42162fb,0,0,0,0,0,2,val
AC4215614,0,0,0,0,0,0,
AC4216533,1,0,2,0,0,2,
AC423f75a,1,0,2,0,2,2,
AC42146ac,1,0,2,0,2,2,
AC4214e8d,0,0,0,0,0,2,
AC4216dad,3,3,1,3,3,3,
AC42148b3,2,0,0,0,0,1,
AC42157e0,2,0,0,0,0,0,
AC4215487,0,0,0,0,0,0,
AC421397c,1,0,0,2,0,0,
AC4213858,0,0,2,0,0,2,
AC4242d7f,1,3,2,3,3,2,
AC4216c83,0,0,2,0,0,2,
AC42407b5,0,0,2,0,0,0,
AC42415d3,0,0,2,0,0,0,
AC421554d,0,0,2,0,1,0,
AC4244e75,3,3,2,3,1,3,
AC42415bd,0,0,0,2,0,0,
AC42164c3,0,0,0,2,0,0,
AC4241759,0,0,0,2,0,0,
AC423d2d4,0,0,0,2,0,0,
AC423f4c8,0,0,0,2,0,0,
AC4216b8e,0,0,1,0,0,0,train
AC4215c15,0,0,2,2,0,0,
AC423c6f4,1,1,3,2,1,3,
AC42136d7,0,0,0,0,1,1,val
AC4216993,0,0,1,0,0,1,
AC4215e9c,0,0,2,0,0,0,
AC4244291,0,0,0,0,1,0,test
AC4215da9,0,0,0,0,1,0,test
AC4216b86,0,0,0,0,0,0,
AC42146fc,0,0,0,0,0,0,
AC4214d81,0,0,0,0,0,0,
AC4216a93,0,0,2,0,0,0,
AC4216a9a,0,1,1,0,0,0,
AC4214ffa,0,0,0,0,0,0,
AC4214d10,0,0,0,0,0,0,
AC42145f9,0,0,0,0,0,0,
AC42139c9,1,1,2,2,3,3,val
AC4215e44,0,0,0,0,0,0,
AC4216471,0,0,0,0,0,0,train
AC42148b0,0,0,0,0,0,0,
AC42165c1,0,0,0,0,0,0,
AC423db93,1,1,2,1,0,0,
AC423e361,1,1,2,1,0,0,
AC424407b,1,1,2,1,0,0,
AC42448c6,1,1,2,1,0,0,
AC42139d5,1,1,2,1,0,0,
AC4216bcf,1,0,2,0,3,0,
AC4216ba0,0,0,1,0,0,0,
AC421550f,0,0,0,0,0,0,
AC42162b9,0,0,2,0,0,1,val
AC4213f69,0,0,2,0,0,0,
AC4214d18,0,0,0,0,0,0,test
AC4215ed3,1,0,0,0,0,0,test
AC423be1d,1,3,3,3,3,3,test
AC4240e66,1,3,3,3,3,3,test
AC4215e54,0,0,0,1,0,2,
AC4214790,0,0,0,2,0,2,
AC423c792,3,3,3,3,3,1,
AC4216c17,3,3,3,3,3,1,
AC4216ce1,1,3,3,3,3,1,test
AC4216a6c,0,0,2,0,0,2,
AC4213e60,1,0,1,0,0,0,
AC42140e0,1,1,2,1,1,0,
AC4213ff0,0,0,0,0,0,0,test
AC4214d96,0,0,0,2,0,0,
AC4214e77,0,0,0,0,0,0,
AC4216af6,0,0,2,0,1,2,
AC421662b,0,0,0,0,0,0,
AC42162cb,0,0,0,0,0,0,test
AC4216381,0,0,2,0,0,0,
AC42165f7,0,0,0,0,0,0,
AC42156dd,0,0,2,0,2,0,val
AC421639c,2,0,2,0,0,2,
AC4213997,0,0,2,0,0,0,
AC421383d,0,0,0,0,0,2,
AC4215642,0,0,0,0,0,2,
AC4240f24,1,1,1,3,3,3,train
AC4215b67,0,0,0,0,0,0,
AC4213694,0,0,0,0,0,0,
AC4216254,0,0,2,0,2,0,
AC421661d,0,0,0,0,0,0,val
AC423d35a,1,1,2,2,0,0,
AC42156f8,1,1,2,2,0,0,
AC423e782,2,2,2,2,0,0,
AC4214f9f,0,0,2,1,0,0,
AC42156b9,0,0,0,0,0,0,
AC4215427,0,0,2,0,0,1,
AC4215b24,0,0,2,0,0,2,
AC4216297,0,0,0,0,0,0,test
AC4240a0e,0,0,2,0,0,1,
AC4215c84,3,3,2,3,3,1,
AC4213faf,0,0,0,0,0,0,
AC4216a97,0,0,1,0,0,0,
AC4214e3b,0,0,2,0,0,0,
AC4214618,0,0,1,0,0,0,
AC4216572,2,0,0,0,0,0,
AC4213eb2,0,0,2,1,1,0,
AC4215724,0,0,2,1,1,0,
AC423c00b,3,3,2,1,1,3,
AC423e09a,3,3,2,1,1,3,
AC423ee8e,3,3,2,1,1,3,
AC423efd0,3,3,2,1,1,3,
AC4241a62,3,3,2,1,1,3,
AC424525e,3,3,2,1,1,3,
AC423ef12,3,3,2,1,1,3,
AC4216419,3,3,2,1,1,3,
AC4244766,0,0,1,2,0,0,
AC4214d94,0,0,1,2,0,0,
AC4214d14,1,3,2,2,3,3,
AC4216a86,0,0,2,0,0,0,
AC42148e5,1,0,1,0,0,2,
AC42164f5,0,0,1,0,0,0,
AC4213e57,0,0,2,0,0,0,
AC421417b,3,3,1,1,3,3,train
AC423c510,3,3,2,1,3,3,train
AC4215561,1,1,2,3,3,2,
AC42164dd,0,0,0,0,0,0,val
AC423e20a,0,0,0,0,0,0,
AC423fb49,0,0,0,0,0,0,
AC4213924,0,0,0,0,0,0,
AC4214f31,0,0,1,2,0,0,
AC42154a0,0,0,2,0,0,0,
AC4216472,0,0,3,3,1,0,
AC4213f21,3,3,2,2,1,3,
AC4214f06,0,0,0,0,0,0,
AC42148a7,1,0,0,0,1,0,train
AC42139f1,1,0,1,0,2,0,train
AC423d367,2,3,1,3,2,3,train
AC42435c7,2,3,1,3,2,3,train
AC4215738,1,0,2,0,0,2,
AC421370e,0,0,2,2,0,0,
AC42156ec,1,0,2,2,1,1,test
AC4215063,0,0,0,0,0,0,
AC4214cd1,0,0,1,0,0,0,
AC42157d4,0,0,1,0,0,0,
AC421385d,0,0,0,0,0,0,val
AC4214840,2,1,2,3,3,2,
AC4245cb9,1,1,2,2,0,1,test
AC4214d7e,1,1,2,2,0,2,test
AC423d580,1,1,2,2,3,2,test
AC42140ab,0,0,2,0,0,2,test
AC4214658,0,0,2,2,0,0,
AC4214d78,0,0,2,2,0,0,
AC421365c,0,0,0,0,0,0,
AC4216a4a,1,1,2,2,0,2,
AC421461b,1,0,0,0,0,1,
AC4213e7f,1,0,0,0,0,0,
AC423efa8,2,0,0,0,0,0,
AC423cf0e,2,0,0,0,0,0,
AC4214cba,2,0,0,0,0,0,
AC4213e00,2,3,1,3,3,3,
AC4215446,0,0,0,0,0,0,
AC4214126,0,0,0,0,0,1,
AC4216a36,1,1,2,2,1,2,
AC4215dd0,0,0,0,0,0,0,
AC4216451,0,0,0,0,0,0,train
AC421567c,0,0,2,0,0,0,
AC4215b7a,0,0,1,0,0,0,
AC4216d07,0,0,2,2,0,0,val
AC4214d66,2,0,2,1,1,0,train
AC4215b3e,0,0,0,0,0,0,
AC4244166,1,1,2,2,1,3,
AC42169a3,1,1,2,2,1,3,
AC42447f1,1,1,2,2,1,3,
AC423c706,3,3,2,2,1,3,
AC423d3e0,2,2,2,2,1,3,
AC423ea25,2,2,2,2,1,3,
AC42156a5,0,0,0,0,0,0,
AC424016f,3,3,3,3,3,1,
AC423ee29,3,3,3,3,3,1,
AC421634a,0,0,3,0,0,0,test
AC42155a1,0,0,2,0,0,0,
AC4215618,1,1,3,3,3,2,
AC424179e,3,3,1,3,1,3,
AC4214e56,2,3,2,3,1,3,
AC423c0bd,2,3,2,3,1,3,
AC42164ef,2,1,2,0,0,2,
AC42445c2,2,2,2,1,0,2,
AC4243039,2,2,2,1,0,2,
AC423d2df,2,2,2,1,3,2,
AC4244c18,2,2,2,1,3,2,
AC42434eb,2,0,1,0,0,0,
AC423d26e,2,0,1,0,0,0,
AC4216a45,2,0,1,0,0,0,
AC42140a4,0,0,1,1,0,0,
AC42148e7,2,0,3,2,0,0,
AC4214711,0,0,0,0,0,0,train
AC4215eef,0,0,0,0,0,0,
AC4214d47,2,0,0,2,0,0,test
AC4216c44,0,0,1,0,1,0,
AC421627f,2,0,1,0,0,0,train
AC4215697,0,0,0,0,0,0,
AC421394c,0,0,0,0,0,0,test
AC421652a,0,0,0,0,0,0,test
AC42145bf,2,0,2,0,0,2,
AC4215cba,2,0,2,0,0,2,
AC4213ede,2,0,2,0,0,2,
AC4242d21,1,1,3,2,3,3,
AC4214fed,1,1,3,2,3,3,
AC42137e3,2,2,1,3,3,3,
AC42154a9,0,0,2,1,0,0,
AC42162c8,0,0,1,0,0,0,val
AC4215bc9,3,3,3,3,3,1,
AC42138f0,0,0,2,0,0,2,
AC42165e8,0,0,0,0,0,0,
AC4214efc,0,0,2,0,0,0,
AC4215d1b,1,1,1,3,1,3,
AC42136e8,1,1,2,3,3,3,test
AC4215c4f,2,1,2,1,1,2,
AC4215c7f,0,0,2,2,0,0,
AC423c678,1,1,2,2,3,3,
AC4242f94,0,0,2,0,0,0,
AC4213f1e,0,0,2,0,0,0,
AC42434b8,0,0,0,0,0,0,val
AC424291e,0,0,0,0,0,0,val
AC421414d,1,1,2,1,3,3,
AC4213e38,0,0,0,2,0,0,
AC421573c,0,0,1,1,0,1,
AC421649c,0,0,0,0,0,0,
AC4213fc1,2,1,2,2,3,3,
AC423c152,2,1,2,0,2,0,
AC4216e13,2,1,2,0,2,0,
AC423e1b6,2,1,2,0,2,0,
AC4245d77,0,0,0,1,0,0,
AC4215461,0,0,0,1,0,0,
AC4213649,0,0,2,0,0,1,
AC4214f97,1,1,3,0,0,0,train
AC424204f,1,1,2,0,0,0,train
AC4242703,1,1,2,0,0,0,train
AC423e33a,0,0,2,0,1,0,
AC4214176,0,0,2,0,1,0,
AC42147e6,3,0,2,2,3,0,
AC4214ee2,1,1,0,0,0,0,train
AC4216316,0,0,0,0,0,0,
AC4214677,0,0,2,0,0,0,
AC4214fd9,0,0,0,0,0,0,
AC4240a26,1,1,0,0,0,0,
AC42408c6,1,1,0,0,0,0,
AC42155e1,1,1,0,0,0,0,
AC421695f,0,0,0,3,0,0,
AC4241ce4,0,0,0,0,0,0,val
AC4245a65,0,0,0,0,0,0,val
AC4213964,0,0,0,0,0,0,val
AC4215d50,1,1,2,2,2,3,
AC4216ce2,0,0,0,0,0,0,
AC4213829,0,0,0,0,0,0,
AC4244eaa,0,0,0,0,0,0,
AC4213908,0,0,0,0,0,0,
AC4242d7c,0,0,0,0,0,2,
AC4214cd7,0,0,0,0,0,2,
AC4215706,0,0,2,0,0,0,
AC4214fd2,0,0,2,0,0,0,
AC4215576,0,0,0,0,0,0,test
AC42147ac,1,1,3,3,3,2,test
AC42432f6,3,1,3,3,3,2,test
AC42138ef,0,0,0,0,0,0,val
AC421550b,0,0,0,0,0,0,
AC4215d41,0,0,2,0,0,0,
AC4215cbb,1,1,2,1,0,0,
AC42163f1,0,0,0,0,0,0,
AC42401cb,3,3,2,3,2,1,
AC423d354,3,3,2,3,2,1,
AC423e9b1,3,3,2,3,2,1,
AC4214dc9,0,0,0,1,0,0,
AC4215437,0,0,2,0,0,2,test
AC4214ff5,0,0,0,0,0,0,
AC4240774,0,0,2,2,0,0,
AC4245194,0,0,2,2,0,0,
AC42157bc,0,0,2,2,0,0,
AC42147f7,0,0,2,2,0,0,
AC423e204,0,0,2,2,0,0,
AC42169b2,0,0,2,2,0,0,
AC423e970,0,0,2,2,1,0,
AC4215428,0,0,2,2,1,0,
AC4216b0b,0,0,1,0,0,0,
AC4215695,0,0,0,0,0,0,test
AC42137a8,0,0,2,0,0,0,
AC4216a1b,0,0,0,0,0,0,
AC4216dc7,2,0,0,2,2,1,
AC4215b52,2,1,2,0,0,0,val
AC42138ee,3,1,2,3,3,3,
AC4213665,0,0,0,0,0,0,test
AC4214e17,1,0,1,0,0,0,
AC42137ce,0,0,2,0,0,0,
AC4213947,3,1,3,3,3,3,
AC423f730,3,1,3,3,3,3,
AC42139d1,0,0,1,0,0,2,
AC42156d7,1,1,2,3,3,1,
AC4214ded,0,0,2,0,0,0,
AC42137bd,0,0,2,0,0,0,
AC421559b,0,0,0,0,0,0,
AC4215631,0,0,1,0,0,0,
AC42446d2,2,0,2,0,0,0,
AC42148b7,2,0,2,0,0,0,
AC42426c8,0,0,1,1,1,0,
AC42140f8,0,0,1,1,1,0,
AC4241b0f,0,0,1,3,1,0,
AC4216a37,0,0,1,2,1,0,
AC4213f66,0,0,0,0,0,0,
AC42141b2,0,0,2,1,0,1,
AC423c74f,3,0,0,0,0,0,test
AC421698a,2,0,0,0,0,0,test
AC42442d8,0,0,2,1,0,0,val
AC4215b95,0,0,2,1,0,0,val
AC42147cf,0,0,1,0,0,0,
AC4216ca5,0,0,2,0,0,0,
AC4215455,1,1,2,3,3,3,
AC4215c4a,2,0,2,0,0,2,
AC42147bd,1,1,3,3,3,3,
AC424364f,0,0,0,0,0,0,
AC42433ae,0,0,0,0,0,0,
AC42422fb,0,0,0,0,0,0,
AC4216387,0,0,0,0,0,0,
AC421694b,0,0,1,0,0,0,
AC42146e0,0,0,0,0,0,0,
AC4214f5e,0,0,0,0,0,0,
AC4215640,0,0,2,0,0,0,
AC4216c26,1,1,2,3,3,3,val
AC4215590,0,0,3,3,0,0,
AC4213927,0,0,0,0,0,0,
AC42137a3,0,0,0,0,0,0,
AC4242e6e,0,0,2,0,1,0,
AC4216a2a,0,0,2,0,2,0,
AC4241468,0,0,2,0,2,0,
AC4213f89,0,0,0,0,0,1,
AC42141c0,0,0,1,0,0,0,train
AC4215c56,0,0,0,0,0,0,
AC424352b,1,1,1,0,0,0,
AC4215791,1,1,2,3,3,3,
AC4215406,0,0,0,0,0,2,
AC42140ce,1,1,1,3,3,3,
AC4241439,1,1,1,3,3,3,
AC4244c69,0,0,2,0,0,0,
AC42148b6,0,0,0,0,0,0,
AC4215d01,0,0,0,1,0,0,test
AC421630e,1,1,3,3,3,3,
AC4214100,0,0,2,0,0,0,test
AC42140a0,3,3,1,3,1,1,
AC421632c,0,0,0,0,0,0,
AC4216450,2,0,2,0,2,0,val
AC4215574,0,0,2,2,0,0,
AC4213865,2,0,2,0,1,0,
AC4216c9e,1,0,2,0,0,0,
AC4215783,1,1,2,2,1,3,
AC423edb0,2,2,2,2,1,3,
AC4215520,0,0,2,0,0,1,
AC4213df0,0,0,0,0,0,0,
AC4214de4,0,0,0,0,0,0,test
AC4215540,0,0,0,0,0,0,
AC4215cea,0,0,0,0,0,0,test
AC42434a6,3,3,3,3,3,1,test
AC423dfd4,0,0,0,0,0,0,
AC4214d68,0,0,0,0,0,0,
AC4244689,0,0,0,2,0,0,test
AC42155df,0,0,0,2,0,0,test
AC423d514,0,0,0,2,0,0,test
AC423f0e8,0,0,0,2,0,0,test
AC421650e,2,0,2,0,0,0,
AC421456d,2,0,2,0,0,0,
AC42137b5,2,0,2,0,0,0,
AC42156e7,0,0,2,0,0,0,
AC42146a5,0,0,0,0,0,1,
AC42157d8,0,0,0,0,0,0,val
AC421698c,0,0,0,0,0,0,
AC421459d,0,0,0,0,0,0,
AC42140aa,0,0,0,0,0,2,
AC42423de,1,1,1,3,1,2,
AC4214045,0,0,0,2,0,0,
AC423d540,0,0,2,2,0,0,
AC421417a,0,0,2,2,0,0,
AC4243447,0,0,2,2,0,0,
AC4215eca,0,0,2,2,0,0,
AC4213f2e,0,0,2,0,1,0,
AC4243b70,0,0,2,0,1,0,
AC4241a6e,0,0,2,0,2,0,
AC423da2f,2,0,0,0,0,2,
AC4215772,2,0,0,0,0,2,
AC4216d26,0,0,1,0,0,1,
AC4215e02,2,0,1,0,0,2,train
AC421540e,2,0,1,0,0,2,train
AC42139be,0,0,0,0,0,0,
AC423fd3d,1,0,0,0,0,0,test
AC4215078,1,1,2,2,1,1,
AC424541b,1,1,2,2,1,1,
AC4214671,0,0,0,0,0,0,
AC4213651,0,0,2,2,0,0,test
AC4243f81,2,0,0,0,0,0,
AC4215409,2,0,0,0,0,0,
AC42156c2,2,0,2,0,0,0,
AC4216b95,0,0,0,0,0,0,
AC421552e,0,0,0,0,0,0,
AC42139e8,2,3,2,1,1,3,
AC4243c57,2,3,2,1,2,3,
AC4214737,1,1,1,0,1,0,
AC423be65,3,3,1,0,1,0,
AC423fc26,0,0,1,0,0,0,
AC423e1f4,0,0,1,0,0,0,
AC4215dbc,3,3,1,3,3,3,
AC4213a09,3,3,1,3,3,3,
AC4215df6,0,0,0,0,0,0,
AC42154af,1,0,0,0,0,0,
AC4214ea9,0,0,2,0,0,0,val
AC4215ce3,3,3,1,3,3,3,
AC4216ad5,0,0,0,0,0,0,val
AC4215ca7,0,0,2,0,0,0,
AC423d601,0,0,2,0,0,0,
AC4216549,0,0,0,0,0,2,
AC4213f8b,0,0,0,0,0,0,
AC423ea3a,1,1,3,3,3,3,
AC42442a4,1,1,3,3,3,3,
AC4215d0a,0,0,2,0,1,0,train
AC4213ef4,0,0,2,0,2,0,train
AC42165f0,0,0,0,0,0,0,
AC421476a,0,0,2,0,0,0,val
AC4215c46,3,3,1,3,3,3,
AC4216323,0,0,0,0,0,0,
AC42164c5,3,3,2,3,1,3,
AC42156a2,0,0,0,1,0,0,
AC42145db,0,0,0,0,0,0,train
AC42148c2,0,0,0,0,0,0,
AC423c5cc,0,0,0,0,0,0,
AC42154ec,0,0,0,0,0,0,
AC4243a26,1,0,2,0,0,1,
AC4214819,1,0,2,0,0,1,
AC4214e6a,0,0,0,0,0,0,
AC4215d2c,2,1,2,3,2,3,
AC423f0b9,2,1,2,3,2,3,
AC423e948,2,1,2,3,2,3,
AC4215ed6,3,3,1,3,3,3,
AC4213821,0,0,0,0,0,0,
AC423fb36,0,0,0,0,0,0,
AC4216acd,3,3,1,3,3,3,
AC42154c3,0,0,0,0,0,0,test
AC4216bcb,0,0,2,1,0,0,
AC4244290,1,0,2,0,0,0,
AC4214754,1,0,2,0,0,0,
AC42137fe,0,0,0,0,0,2,
AC4214661,0,0,2,2,1,0,test
AC42442f4,3,3,2,2,1,3,test
AC4216517,0,0,0,0,0,0,
AC4215712,1,3,2,3,3,1,
AC423e022,1,0,0,0,0,0,
AC42146a3,1,0,0,0,0,0,
AC421655e,2,0,2,2,1,1,
AC423d37d,0,0,0,0,0,0,
AC42137b4,1,0,0,0,0,0,
AC42156f1,3,3,3,1,3,3,
AC423cdfe,3,3,3,1,3,3,
AC4243f74,3,3,3,1,3,3,
AC42436a4,3,3,3,1,3,3,
AC4213e49,1,1,2,3,3,2,
AC42156cd,0,0,2,0,0,0,
AC423fca2,0,0,0,0,0,0,
AC4215d8a,0,0,0,0,0,0,
AC421558a,0,0,2,2,0,0,
AC423dbf2,0,0,2,2,0,0,
AC42162d4,0,0,2,2,0,0,
AC4216b09,0,0,0,0,0,0,
AC42155b8,1,1,2,2,1,3,train
AC4214073,2,0,0,0,0,0,
AC42162e6,2,0,0,0,0,0,
AC4215612,2,0,2,2,2,0,
AC42146ee,0,0,0,0,0,0,
AC4214ed2,0,0,0,0,0,0,
AC4216c11,0,0,2,1,0,0,val
AC421458f,1,1,1,3,3,3,
AC421399d,1,0,2,2,0,0,
AC4214d5e,0,0,2,0,0,0,test
AC4213dfe,1,1,3,2,3,3,
AC4243697,1,1,3,2,3,3,
AC42136c6,0,0,0,1,0,0,
AC423faad,2,2,2,2,1,3,
AC4215f02,0,0,0,0,0,2,test
AC4214da3,0,0,1,0,0,0,
AC421561b,2,2,3,2,3,1,
AC4214e19,2,0,2,0,0,0,
AC4216550,3,3,3,3,1,3,
AC42169ac,0,0,0,0,0,0,test
AC4215cf8,0,0,0,0,0,0,test
AC4214d4a,0,0,2,0,0,0,
AC421655c,0,0,2,0,1,0,
AC4216a7b,3,3,1,3,3,3,val
AC4215710,0,0,0,0,0,0,
AC4214d58,3,3,2,3,3,1,
AC4213f02,3,3,2,2,2,1,
AC4216aa5,0,0,0,0,0,0,val
AC4216551,0,0,2,0,0,2,
AC4214ebc,0,0,2,0,0,2,
AC423ea06,0,0,2,0,0,2,
AC4240928,0,0,2,0,0,2,
AC4244177,0,0,2,0,0,2,
AC423db65,0,0,2,0,0,2,
AC424207c,0,0,2,0,0,2,
AC42163fb,0,0,2,0,0,2,
AC4216af1,1,1,2,2,0,2,
AC4214eec,0,0,0,0,0,0,test
AC423d307,1,0,2,0,0,2,test
AC4216cdd,3,3,3,1,3,3,
AC4215c94,1,1,2,1,0,0,
AC4216599,0,0,2,0,0,1,
AC4216cc7,0,0,0,0,0,0,
AC4214834,1,0,1,0,0,2,
AC4213f08,0,0,2,2,0,0,
AC42156d6,1,3,2,2,1,3,val
AC4214820,1,3,2,2,2,3,val
AC423c5ea,1,3,2,2,2,3,val
AC42427db,1,3,2,2,2,3,val
AC423d424,1,3,2,2,2,3,val
AC423ced6,1,3,2,2,2,3,val
AC4245300,1,3,2,2,2,3,val
AC42420fe,1,3,2,2,2,3,val
AC4241b22,0,0,0,0,0,0,
AC423f54d,2,0,2,2,1,0,
AC4213ea0,2,0,2,2,1,0,
AC42164c1,1,0,2,0,0,0,
AC424582f,1,1,2,0,0,0,
AC423e8fd,1,1,2,0,0,0,
AC424164c,1,1,2,0,0,1,
AC424213f,1,1,2,0,0,1,
AC4244d0d,2,1,2,0,0,1,
AC421418f,2,1,2,3,3,1,
AC4240786,2,2,2,3,3,1,
AC423cdae,2,2,2,3,3,1,
AC4243c3d,2,2,2,3,3,1,
AC4241c98,2,2,2,3,3,1,
AC42138d6,0,0,0,0,0,1,
AC42138f3,0,0,0,0,0,2,test
AC4213fd1,0,0,0,0,0,1,
AC423fc12,0,0,0,0,0,0,
AC4216c29,0,0,0,0,0,0,
AC4214dfb,0,0,0,0,0,0,
AC4215b33,0,0,2,0,0,0,
AC4214789,0,0,2,0,0,0,
AC4213f7f,1,0,1,0,0,0,
AC421559c,0,0,0,0,0,0,
AC4214fd6,0,0,0,0,0,0,
AC4242edc,0,0,0,0,0,1,
AC4242fa2,0,0,0,0,0,1,
AC4243667,0,0,0,0,0,1,
AC4213fd6,0,0,0,0,0,1,
AC42164ff,0,0,0,0,0,2,
AC4215055,2,0,2,3,0,0,
AC4215e34,0,0,0,0,0,1,
AC4213fcd,2,0,2,2,0,2,
AC4216be4,0,0,0,0,0,0,
AC42140f0,0,0,0,1,0,0,val
AC4216de7,1,1,1,0,0,0,
AC421368c,1,1,3,1,1,3,
AC4214646,0,0,0,0,0,0,
AC4216bc4,0,0,0,0,0,0,
AC4215d46,0,0,0,0,0,0,
AC421485e,0,0,0,0,0,0,test
AC4244bc6,3,3,2,1,1,3,
AC42140c9,0,0,2,2,0,0,
AC4215604,0,0,1,1,0,0,
AC4213a0f,0,0,0,0,0,0,
AC42165ef,1,0,2,2,1,0,test
AC4215504,0,0,0,0,0,0,
AC42169c2,0,0,0,0,0,0,
AC4215045,0,0,0,0,0,0,val
AC4215b29,0,0,0,0,0,1,
AC4213966,0,0,0,0,0,0,
AC423c119,1,1,1,2,0,2,
AC42169a7,0,0,0,0,0,0,test
AC42146ec,1,0,0,0,0,0,
AC4214119,0,0,2,0,0,0,
AC423bf8f,0,0,2,0,0,0,
AC42165d6,0,0,2,0,0,0,
AC423ef1b,0,0,2,0,0,0,
AC423c606,0,0,2,0,0,0,
AC4215e24,0,0,2,0,0,0,
AC4215ea1,2,0,2,2,0,0,
AC4214dcc,2,0,2,2,1,0,
AC4216311,3,3,2,1,3,3,
AC42137fb,0,0,2,2,0,2,
AC4216c48,1,3,1,1,3,3,test
AC4216436,0,0,2,2,0,0,
AC423fd69,0,0,2,2,0,0,
AC4214682,0,0,2,2,0,0,
AC4216e17,3,3,1,3,3,3,
AC4244e7e,3,3,1,3,3,3,
AC4240157,3,3,1,3,3,3,
AC4216540,0,0,0,0,0,0,
AC4215423,0,0,2,0,0,0,
AC4213854,3,3,1,3,3,3,
AC42147d0,3,3,3,3,3,1,
AC42148f1,0,0,2,0,0,0,
AC423f3c3,0,0,0,0,0,0,
AC42162ef,0,0,0,0,0,0,
AC4213ec7,0,0,0,0,0,0,
AC42136a0,0,0,0,0,0,0,
AC42165a0,0,0,0,0,0,0,val
AC42157c6,0,0,1,0,0,0,
AC4244cc5,0,0,2,2,0,1,
AC421392b,0,0,2,2,0,1,
AC4245d54,1,1,2,2,3,2,
AC4215b73,0,0,2,2,2,0,
AC4213ebe,1,0,0,0,0,0,
AC4215b4d,1,3,3,3,3,3,
AC4213ef8,2,0,2,0,0,0,
AC4216d2d,1,1,2,2,0,0,
AC421557d,0,0,0,0,0,0,
AC4216a5b,0,0,2,2,3,0,
AC423fb65,3,3,3,1,3,3,test
AC4215b84,3,3,3,1,3,3,test
AC4215b63,2,0,1,0,0,0,
AC4214e28,0,0,0,2,0,0,test
AC421633f,0,0,0,0,0,0,
AC4216bce,0,0,0,0,0,0,
AC4214f38,1,1,1,0,1,0,
AC42136f2,0,0,2,2,0,0,
AC4214eeb,0,0,2,2,1,0,
AC42155f4,0,0,1,0,0,0,
AC4216e28,0,0,2,0,0,0,val
AC423fa14,0,0,1,0,0,1,
AC4245203,0,0,1,0,0,1,
AC4213fd4,0,0,1,0,0,1,
AC4215c91,0,0,0,0,0,0,
AC4216a99,0,0,0,0,0,0,
AC4214732,3,3,2,1,3,2,
AC421415d,0,0,0,0,0,0,
AC42162a4,2,0,0,0,0,0,
AC423c19c,2,0,0,0,0,0,
AC423fd67,2,0,0,0,0,0,
AC423eeba,2,0,0,0,0,0,
AC4214756,0,0,0,0,0,0,
AC423fd4f,3,3,1,3,3,3,test
AC421398d,3,3,1,3,3,3,test
AC4215d18,3,3,1,3,3,3,test
AC4213eed,0,0,0,0,0,0,test
AC4214fc8,0,0,0,0,0,1,
AC4213fe9,0,0,3,0,0,0,train
AC42140f1,0,0,2,0,0,0,
AC424582e,0,0,0,0,0,0,test
AC42423ea,0,0,0,0,0,0,test
AC42436b1,0,0,0,0,0,0,test
AC4216325,0,0,0,0,0,0,test
AC42136be,0,0,0,0,0,0,
AC42169f5,0,0,0,0,0,0,
AC4214183,0,0,0,0,0,0,
AC421567d,0,0,0,0,0,0,
AC4214cbc,0,0,0,0,0,0,
AC42154c8,0,0,0,0,0,0,
AC4240de1,2,0,2,0,1,0,val
AC42137d5,2,0,2,0,1,0,val
AC4242d03,2,0,2,0,2,0,val
AC4242e0b,2,0,2,0,2,0,val
AC4214667,0,0,2,1,0,0,
AC4240d76,3,1,2,3,3,3,train
AC42146bc,2,0,2,0,0,0,
AC423c4ff,2,1,0,0,0,1,test
AC42459fa,2,1,0,0,0,1,test
AC4216bd0,2,1,0,0,0,1,test
AC421547f,0,0,0,0,0,2,
AC4216aa0,1,0,1,0,0,2,
AC4215c75,1,0,1,0,0,2,
AC4213859,3,0,0,0,0,0,
AC42137a5,1,1,3,3,3,3,
AC421379a,0,0,1,2,0,0,val
AC4215494,0,0,2,2,2,2,
AC42141bd,0,0,0,0,0,0,
AC421460f,2,0,0,0,0,0,
AC42156e8,2,0,2,0,0,0,
AC42140bf,1,1,1,1,3,3,
AC421696f,0,0,0,2,0,0,
AC4215dae,0,0,0,0,0,0,test
AC42156b7,1,1,2,3,3,3,
AC42169e6,0,0,2,0,0,0,
AC4215e9a,3,3,3,1,3,3,
AC4214f6f,1,0,2,0,2,1,
AC4216a44,1,1,2,3,1,3,val
AC4214866,0,0,0,0,0,0,
AC4244bf3,0,0,2,0,0,0,
AC423c071,0,0,2,0,0,0,
AC4215d28,0,0,2,0,0,0,
AC4214f3a,2,1,2,2,1,3,
AC4243f40,0,0,0,0,0,2,
AC42156ba,0,0,0,0,0,2,
AC42140dd,0,0,0,0,0,0,test
AC4216aa4,0,0,0,0,0,0,
AC4215ee0,0,0,0,0,0,0,
AC4245346,3,3,3,3,3,1,
AC42145ea,0,0,2,2,0,1,
AC4213ff6,0,0,2,0,0,0,
AC4214823,0,0,0,1,0,0,
AC423f461,0,0,0,0,0,0,
AC42164aa,0,0,0,0,0,0,
AC421503c,1,1,0,0,3,0,
AC4216b26,2,1,3,3,2,3,
AC424143a,2,1,3,3,2,3,
AC4243f96,2,1,3,3,2,3,
AC4242fea,2,1,3,3,2,3,
AC4216cd4,0,0,0,0,0,0,
AC4214def,0,0,0,0,0,0,train
AC42139d4,0,0,0,0,0,1,
AC4214e2a,0,0,2,0,0,2,
AC4242f77,0,0,2,0,0,0,
AC4243947,1,0,0,0,0,0,
AC4216251,1,3,3,3,3,3,
AC4215c77,2,0,0,0,0,0,
AC4240339,0,0,0,0,0,0,
AC4241d75,0,0,1,0,0,0,val
AC42155d1,0,0,1,0,0,0,val
AC4216604,0,0,1,0,0,0,val
AC4242fb1,0,0,0,0,0,0,
AC4242311,0,0,0,0,0,0,
AC42448db,0,0,0,0,0,0,
AC4213f0b,3,0,2,2,0,0,
AC4214ede,0,0,1,0,0,0,
AC4214ffe,0,0,2,2,0,0,
AC421464b,3,3,3,1,3,3,test
AC42442d6,3,3,3,1,3,3,test
AC423fbb1,3,3,3,1,3,3,test
AC42165e9,3,3,1,3,3,3,train
AC421570e,0,0,0,0,0,0,
AC4216957,0,0,0,0,0,0,test
AC4214fec,0,0,0,2,0,0,
AC421464d,0,0,0,0,0,0,
AC42155f3,0,0,1,0,0,1,
AC423cdde,3,3,1,3,3,1,
AC4215b9b,0,0,0,0,0,0,
AC421469c,0,0,1,0,0,0,train
AC4213e52,0,0,0,0,0,0,train
AC4215731,0,0,2,0,0,0,
AC423db26,1,1,2,0,0,2,
AC42146a0,1,1,2,0,0,2,
AC423fb23,2,2,2,3,1,2,
AC421388b,1,1,3,3,3,3,test
AC4213e43,1,0,2,0,0,0,
AC4215f03,0,0,1,0,0,0,
AC4214786,0,0,0,0,0,0,
AC4214d88,0,0,1,0,0,0,
AC4215ec1,1,0,2,2,0,2,test
AC423e869,1,0,2,2,0,2,test
AC42162e9,1,1,2,2,2,0,
AC4214621,0,0,0,0,0,0,
AC421394e,3,0,2,0,1,0,
AC4215589,2,0,2,0,1,0,
AC4213822,0,0,0,0,0,0,
AC4215b42,1,1,3,0,0,0,test
AC4213875,0,0,0,0,0,0,
AC4215d30,1,1,2,1,0,0,
AC423c52f,1,1,2,1,3,3,
AC4216bdc,1,1,2,1,3,3,
AC4241d03,1,1,2,1,3,3,
AC42147e2,0,0,1,0,0,0,
AC4215c54,2,0,0,0,0,0,
AC4213863,2,0,0,0,0,0,test
AC42137f9,2,0,2,0,0,0,
AC421489b,2,0,2,0,0,0,
AC4214dfa,3,3,1,2,3,3,
AC4215475,0,0,0,0,0,0,
AC421625e,0,0,0,0,0,0,
AC4214d26,1,1,2,2,1,3,train
AC4240386,0,0,2,2,0,0,
AC4214de9,0,0,2,2,0,0,
AC42154e8,0,0,2,2,0,0,
AC42416b0,0,0,0,0,0,0,test
AC423bff3,0,0,0,0,0,0,test
AC421634d,0,0,0,0,0,0,test
AC4214d38,0,0,0,0,0,0,
AC4216275,0,0,0,0,0,0,test
AC4216a16,0,0,0,0,0,0,
AC42169cc,0,0,1,0,1,0,
AC4216b66,1,1,2,0,1,1,
AC421406a,0,0,0,0,0,1,
AC4213ef6,2,0,2,0,2,2,
AC4213fe1,1,1,2,1,3,3,
AC42141af,2,0,2,0,0,2,
AC42138d7,0,0,0,2,0,0,
AC4214cfd,1,0,2,2,1,0,
AC4214ced,0,0,0,0,0,0,
AC4215e64,1,1,0,2,0,0,
AC4241110,0,0,2,0,0,0,
AC4216299,0,0,2,0,0,0,
AC42163d7,0,0,2,2,0,0,train
AC42157dd,0,0,0,1,0,0,
AC4214656,2,0,1,0,0,2,
AC4215d57,2,0,2,0,0,2,
AC421417c,0,0,0,0,0,0,
AC4214e3c,0,0,1,2,0,2,train
AC4245dc9,0,0,2,0,0,0,
AC42137ea,0,0,2,0,0,0,
AC4216c0b,0,0,0,0,0,0,
AC4244ee5,1,1,1,3,1,3,
AC4243bc0,1,1,1,3,1,3,
AC42137f5,1,1,1,3,1,3,
AC42433b9,1,1,1,3,1,3,
AC424553a,2,2,1,3,2,3,
AC42400b5,2,2,1,3,2,3,
AC423c141,2,2,1,3,2,3,
AC4216c8e,1,0,0,0,0,0,
AC421412e,0,0,0,0,0,0,
AC42169f3,2,0,0,0,0,0,
AC4215bc1,0,0,0,0,0,0,
AC4216ae2,0,0,0,0,0,0,
AC4213ff8,3,3,2,3,1,3,
AC423cd9e,0,0,1,2,0,0,
AC4213f88,0,0,2,2,0,0,
AC4242d34,0,0,0,0,0,0,
AC424537b,0,0,2,0,0,2,
AC421504a,0,0,2,0,0,2,
AC423f47d,1,1,2,3,3,2,
AC4216a58,1,1,1,0,0,0,
AC421574a,1,3,3,1,3,3,test
AC421636d,1,1,2,3,1,3,
AC4216b43,0,0,0,0,0,0,test
AC4216de4,0,0,0,2,0,0,
AC4216da1,0,0,0,2,0,0,
AC4216455,0,0,2,0,0,0,
AC4213fd0,0,0,3,0,0,0,
AC4214198,0,0,0,0,0,0,
AC4214fb8,1,3,2,2,3,3,
AC4243aff,1,0,0,0,0,0,test
AC42156b0,2,0,3,0,0,0,train
AC4214890,0,0,3,2,0,0,
AC42156c9,0,0,0,0,0,0,
AC42169bd,0,0,0,0,0,0,
AC421462f,0,0,0,0,0,0,train
AC4243982,1,1,2,3,3,3,
AC421388a,1,1,2,3,3,3,
AC4215d02,3,1,1,3,3,3,
AC42146b5,0,0,1,0,0,2,
AC42157c5,1,0,0,0,0,0,
AC4214163,0,0,0,0,0,0,test
AC424474c,0,0,2,0,0,0,
AC42408a0,0,0,2,0,0,0,
AC4244195,0,0,2,0,0,0,
AC421387c,0,0,2,0,0,0,
AC4214861,0,0,2,0,0,0,
AC4244f14,0,0,0,0,0,0,
AC4215e09,0,0,0,0,0,0,
AC421466b,0,0,1,1,0,0,
AC42155aa,0,0,1,0,1,0,
AC4214d6b,0,0,0,0,0,0,
AC4213f0f,0,0,0,0,0,0,
AC42156ca,0,0,0,0,0,0,val
AC4245319,0,0,0,0,0,0,
AC423bf76,0,0,0,0,0,0,
AC4216dd5,0,0,0,0,0,0,
AC424351b,1,0,0,0,0,0,
AC4215675,3,3,1,3,3,3,
AC4216407,0,0,0,0,0,0,
AC42137d7,0,0,1,0,0,0,val
AC4214039,3,3,2,2,1,3,
AC4214869,2,0,1,0,0,0,
AC42439c9,2,1,2,2,2,3,
AC4216cbb,0,0,2,0,0,0,
AC4215703,0,0,0,0,0,0,val
AC4245cc3,1,1,2,2,0,0,
AC4216dfc,3,3,2,2,0,0,
AC421541e,0,0,0,0,0,0,
AC42146f1,0,0,0,0,0,0,
AC42165ee,0,0,0,0,0,0,
AC4215542,0,0,0,0,0,0,
AC42434fb,3,3,1,2,3,3,
AC42400a9,3,3,1,2,3,3,
AC42139a5,0,0,0,0,0,0,
AC4215054,0,0,0,0,0,0,
AC42448bb,0,0,2,1,0,0,
AC423c052,0,0,2,1,0,0,
AC423d382,0,0,2,1,0,0,
AC424393a,1,1,2,1,0,0,
AC4244172,1,1,2,2,0,0,
AC4240ef1,1,1,2,2,0,0,
AC423cee3,1,1,2,2,0,0,
AC4243c3f,1,1,2,2,0,0,
AC4240a0f,1,1,2,2,0,0,
AC4244edf,1,1,2,2,0,0,
AC4240ffa,1,1,2,2,0,0,
AC4215e14,1,1,2,2,0,0,
AC4215daf,1,1,2,2,0,0,
AC4245522,2,0,2,0,0,0,
AC4214cfb,2,0,2,0,0,0,
AC4214583,3,3,2,3,3,1,
AC4216a8c,1,1,2,1,2,3,
AC4214133,0,0,0,0,0,0,
AC4244017,0,0,0,0,0,0,
AC4214de5,0,0,0,0,0,0,
AC42163e7,0,0,0,0,0,0,train
AC421551d,0,0,0,0,0,0,
AC4216bd6,0,0,0,0,0,0,
AC423c040,0,0,1,1,0,1,
AC42156d8,1,3,2,3,3,3,
AC423e7f0,1,3,3,3,3,3,
AC4216c7a,1,3,3,3,3,3,
AC4245338,3,3,2,1,1,3,
AC421480c,3,3,2,1,1,3,
AC423e74a,3,3,2,1,2,3,
AC4214ed5,3,3,2,1,2,3,
AC4215571,0,0,0,0,0,0,
AC423d491,0,0,1,2,0,0,val
AC423d9fa,0,0,1,2,0,0,val
AC4214156,0,0,0,0,0,0,train
AC423f490,1,1,2,0,0,0,
AC4214059,1,1,2,0,0,0,
AC4245c93,0,0,0,0,0,0,
AC42163fa,0,0,0,0,0,0,
AC42155b6,0,0,0,0,0,0,
AC4215cc7,0,0,0,0,0,0,
AC421485d,1,1,3,3,3,3,
AC4241013,3,3,1,3,3,3,
AC4214034,0,0,2,0,0,0,
AC4245179,0,0,0,0,0,0,
AC4216e09,0,0,0,0,0,0,
AC423f0ea,0,0,0,0,0,0,
AC4215b77,0,0,0,0,0,0,
AC4215c5b,0,0,1,0,0,0,test
AC421574f,0,0,0,0,0,2,
AC4214605,0,0,0,0,0,0,
AC4213e51,0,0,0,0,0,0,
AC42169c1,1,3,1,3,3,1,
AC4216bcc,2,1,2,2,3,3,
AC4241535,2,1,2,2,3,3,
AC42146c7,2,1,2,2,3,3,
AC423e239,2,1,2,2,3,3,
AC421696c,0,0,0,0,0,0,
AC42163d1,0,0,0,0,0,0,test
AC42145b6,3,3,2,1,3,3,
AC423e71f,1,0,2,2,2,0,
AC42157e7,2,0,2,2,2,1,val
AC423f442,2,1,2,2,2,1,val
AC4240394,0,0,0,0,0,0,
AC4213ee2,0,0,1,0,0,0,
AC423e07e,0,0,2,0,0,0,
AC4213de1,0,0,2,0,0,0,
AC423f741,0,0,2,0,0,0,
AC42137fc,0,0,2,0,0,0,
AC4215dfb,0,0,2,0,0,0,
AC423f043,1,3,2,3,3,3,
AC421570a,0,0,0,0,0,0,test
AC42156fc,0,0,0,0,0,0,
AC42140b8,1,1,2,2,1,1,
AC423ef49,2,2,2,2,1,1,
AC42136ea,0,0,1,0,0,0,
AC42138cd,3,3,1,3,3,3,
AC4213e5b,1,1,3,2,3,2,
AC4213eab,1,1,1,0,0,0,
AC42136a1,0,0,0,0,0,0,test
AC4213ee9,0,0,2,0,0,0,
AC42154fd,1,0,2,0,0,0,
AC4216b2e,0,0,0,0,0,0,
AC4214757,1,1,2,3,3,3,
AC42148c7,0,0,0,0,0,0,
AC4213e2b,2,1,2,3,1,2,
AC4216b16,0,0,0,0,0,0,
AC42140f3,0,0,0,0,0,2,
AC4216de1,0,0,0,0,0,0,
AC421660c,0,0,1,0,0,0,
AC424040e,0,0,2,2,1,0,
AC4215748,1,1,2,2,1,0,
AC424421c,1,1,2,2,1,3,
AC4243ba5,1,1,2,2,1,3,
AC424492e,1,1,2,2,1,3,
AC4240ea5,1,1,2,2,1,3,
AC42423f2,1,1,2,2,2,3,
AC42154d0,1,1,2,1,2,0,
AC423f6bb,2,2,2,1,2,3,
AC4242f7c,2,2,2,1,2,3,
AC4213f06,3,0,1,2,0,0,test
AC4215e46,0,0,2,0,0,0,
AC423f07c,3,3,1,1,3,3,
AC423bfd9,1,0,2,1,1,0,val
AC4214712,1,0,2,1,1,0,val
AC4216d20,1,0,2,2,2,0,val
AC4214eb8,1,0,2,2,2,0,val
AC4214e0b,1,0,2,2,2,0,val
AC421456c,0,0,0,0,0,0,
AC4216a39,1,1,1,3,3,3,val
AC4215ba0,0,0,0,0,0,0,
AC4215656,0,0,0,0,0,0,
AC4216c33,0,0,0,0,0,0,
AC4214f20,0,0,2,2,0,1,
AC4215b7b,0,0,2,0,0,0,
AC4243beb,2,0,2,0,0,0,
AC4241b1f,0,0,0,0,0,0,val
AC4215741,0,0,0,0,0,0,val
AC4214d23,0,0,0,0,0,0,
AC4214739,3,3,3,3,3,1,
AC4215e2e,2,0,2,0,0,0,
AC4213a03,2,0,2,2,0,1,
AC421629d,0,0,2,1,1,0,
AC4243036,1,1,2,2,3,3,test
AC421657a,1,1,2,2,3,3,test
AC421490f,1,1,0,0,0,0,test
AC4216462,0,0,2,3,0,0,
AC42137e1,0,0,2,2,0,0,
AC4216ac3,0,0,2,0,0,0,
AC4214faf,0,0,2,0,1,0,test
AC423cdc4,0,0,2,1,3,0,test
AC421483d,0,0,2,1,2,0,test
AC4241c14,3,3,2,1,2,3,test
AC4213656,1,1,3,3,1,1,
AC4215ef2,0,0,0,0,0,0,
AC4216c07,0,0,0,0,0,0,
AC42145d3,0,0,0,0,0,0,
AC4213f07,0,0,0,0,0,0,val
AC4214089,0,0,0,0,0,0,val
AC4215e68,0,0,3,0,0,0,
AC4213e28,0,0,0,0,0,0,test
AC4215650,0,0,1,0,0,0,
AC4241d22,0,0,1,0,0,0,
AC423d54d,0,0,1,0,0,0,
AC424413b,0,0,1,0,0,0,
AC423fa90,0,0,1,0,0,0,
AC4216ccf,0,0,1,0,0,0,
AC42148df,0,0,0,0,0,0,
AC4214844,0,0,2,1,0,0,
AC4214579,0,0,2,0,0,0,
AC4213fce,0,0,0,0,0,0,
AC424473b,1,1,1,1,2,2,
AC423ed94,2,1,1,1,2,2,
AC4216522,2,1,1,2,2,2,
AC4244e08,2,2,1,2,2,2,
AC4214032,0,0,2,1,2,0,
AC4214f7f,1,3,2,2,2,3,
AC4213f45,0,0,0,0,0,0,
AC4216506,1,0,2,0,0,0,
AC4215bc5,0,0,0,2,0,0,
AC4215eea,0,0,2,2,0,0,
AC421471d,0,0,0,0,0,0,
AC4215004,0,0,1,1,0,0,
AC4213984,1,1,2,2,3,3,
AC423c026,1,1,2,2,3,3,
AC4213814,0,0,0,0,0,2,
AC421410c,0,0,0,0,0,0,
AC4215cfd,0,0,1,0,0,0,
AC4214805,1,0,2,1,0,2,
AC42163aa,1,1,2,3,0,2,
AC42140ec,0,0,0,0,0,0,
AC424036f,0,0,0,0,0,0,
AC42156ea,0,0,0,0,0,0,
AC4216c4d,3,3,1,1,3,3,
AC423f407,0,0,0,0,0,0,
AC4242420,0,0,0,0,0,0,test
AC4215555,0,0,0,0,0,0,test
AC421504b,0,0,2,0,0,0,
AC4213ed3,0,0,0,1,0,0,
AC4215477,1,1,0,1,0,0,
AC42442c2,0,0,2,0,0,0,
AC4243f44,0,0,2,0,0,0,
AC424092d,0,0,2,0,0,0,
AC423c551,0,0,2,0,0,0,
AC42140fe,0,0,2,0,0,0,
AC4215654,0,0,2,0,1,0,val
AC42155b5,0,0,2,0,0,0,
AC421572d,1,1,2,2,3,3,test
AC42423b2,0,0,0,0,0,0,val
AC42141a9,0,0,0,0,0,0,val
AC42154e2,0,0,0,0,0,0,
AC421566e,0,0,0,2,0,0,
AC42154d7,1,0,1,1,0,0,
AC42145ca,0,0,0,0,0,0,
AC4215534,0,0,0,0,0,0,
AC421629b,0,0,0,0,0,0,
AC421372a,1,1,0,0,1,0,
AC4213849,1,1,0,0,2,0,
AC4214ee3,0,0,2,0,0,1,val
AC42140ea,0,0,2,0,0,1,val
AC42154e0,0,0,2,0,0,2,val
AC4216c5c,0,0,0,0,0,0,
AC423cd1a,1,0,0,0,0,1,
AC42155ea,1,0,0,0,0,1,
AC42162d2,1,0,0,0,0,1,
AC4213e65,3,3,3,3,3,1,
AC42147b2,0,0,2,0,0,0,
AC4216aa2,0,0,0,0,0,0,
AC42145d2,0,0,0,0,0,0,
AC4216562,0,0,2,0,0,0,
AC4215e0e,0,0,1,0,0,0,
AC4216bbe,1,1,3,1,3,1,
AC4214e13,0,0,0,0,0,0,
AC421502a,0,0,0,0,0,0,
AC4215c51,0,0,0,0,0,0,
AC42148fe,1,1,1,2,0,0,val
AC423dbbd,2,2,1,2,0,0,val
AC42446a8,2,2,1,2,0,0,val
AC4216b25,0,0,0,0,0,1,
AC42162b7,0,0,0,0,0,2,
AC4242f9c,0,0,0,0,0,0,
AC421469f,0,0,0,1,0,0,
AC42145fa,0,0,0,1,0,0,
AC423e046,3,3,3,1,3,3,
AC421488b,3,3,3,1,3,3,
AC421418c,0,0,1,2,0,0,
AC4245e35,0,0,1,0,2,0,test
AC423ed7e,0,0,1,0,2,0,test
AC4215757,0,0,1,0,2,0,test
AC423cf56,0,0,1,1,0,0,test
AC4215d15,0,0,1,1,0,0,test
AC423c083,0,0,2,1,0,0,test
AC42401c3,0,0,2,1,0,0,test
AC4240a7d,0,0,2,1,0,0,test
AC421407d,0,0,0,0,0,0,
AC4216d02,0,0,0,0,0,0,val
AC42138fb,2,0,2,2,0,0,
AC421369d,0,0,2,0,0,3,val
AC4214566,1,1,3,3,3,3,
AC4216db5,0,0,1,0,0,0,
AC4216366,0,0,2,0,1,1,
AC42402f6,0,0,2,0,2,2,
AC42454d5,0,0,2,0,2,2,
AC423f493,0,0,2,0,2,2,
AC4216b7a,0,0,2,0,0,0,
AC42137a1,0,0,1,0,0,0,
AC4216a47,0,0,2,0,0,0,test
AC4215c12,2,1,2,1,2,3,
AC42147d2,0,0,0,0,0,0,
AC4215c36,1,1,2,2,0,0,
AC42138fe,2,0,2,0,0,0,
AC4243b63,0,0,2,2,1,0,
AC423f616,0,0,0,0,0,0,test
AC4245434,0,0,0,0,0,0,test
AC421471a,1,1,2,3,2,3,
AC421400a,2,0,0,0,0,1,
AC4215c60,0,0,2,0,2,0,
AC421506d,3,3,3,1,3,3,test
AC423ef58,0,0,0,0,0,0,
AC4213a01,0,0,0,0,0,0,
AC4214197,0,0,2,0,0,0,
AC4213de7,0,0,0,0,0,0,
AC423e18e,0,0,0,0,0,0,
AC421480d,0,0,0,0,0,0,
AC4214d5d,0,0,1,0,0,0,
AC4242891,3,3,1,3,3,3,
AC4216246,0,0,0,0,0,0,
AC4213df6,0,0,2,2,0,0,
AC42155b0,2,0,2,1,0,0,
AC4215eaa,0,0,1,0,1,0,test
AC4215e17,0,0,0,0,0,0,
AC42165ec,0,0,0,0,0,0,
AC4215e7b,0,0,2,0,0,0,
AC42162f3,0,0,0,0,0,1,
AC4216bc1,0,0,0,0,0,0,
AC4214079,0,0,2,0,1,0,
AC4243962,0,0,1,0,1,0,
AC4216a89,0,0,1,0,1,0,
AC4215793,3,3,1,1,3,3,
AC42154cf,0,0,0,0,0,0,test
AC4214cd8,0,0,2,0,1,0,val
AC4214e8e,2,1,2,2,3,3,
AC4216aef,0,0,0,0,0,0,
AC4214881,0,0,0,0,0,0,val
AC4215e1e,0,0,0,0,0,0,
AC4215cb1,0,0,2,0,0,0,
AC421697e,0,0,0,0,0,0,
AC4215cd2,0,0,2,0,0,0,train
AC4216cf2,0,0,0,0,0,0,
AC4215bbd,0,0,0,0,0,0,
AC4215d35,0,0,0,0,0,0,
AC42155cd,0,0,0,0,0,0,val
AC4213884,0,0,1,0,0,0,
AC4213ff3,0,0,0,1,0,2,
AC42137ee,0,0,1,3,0,0,
AC4244bb7,0,0,1,0,0,0,
AC4214d57,0,0,1,0,0,0,
AC4213e94,0,0,1,0,1,0,
AC423eeb9,0,0,1,0,1,0,
AC4214622,0,0,1,0,1,0,
AC42416cd,3,3,1,3,1,3,
AC4242cdb,3,3,1,3,1,3,
AC4215b9e,3,3,1,3,1,3,
AC423ed60,3,3,2,3,1,3,
AC4241a2e,3,3,2,3,1,3,
AC4244ece,3,3,2,3,1,3,
AC4215ec0,0,0,1,2,0,2,test
AC4215084,1,1,0,0,0,0,
AC4216a34,0,0,0,0,0,0,
AC4215be5,0,0,1,0,2,0,
AC4215b3b,0,0,0,0,0,0,
AC4213949,1,0,2,0,0,2,val
AC4214806,0,0,2,2,0,0,
AC4214588,0,0,0,0,2,0,
AC4216503,2,0,2,0,2,0,test
AC42409bd,1,0,0,0,0,0,
AC4216db2,1,0,0,0,0,0,
AC423cc42,1,0,0,0,0,0,
AC42414b5,3,0,0,0,0,0,
AC423e6f0,2,0,0,0,0,0,
AC4240a2c,2,0,0,0,0,0,
AC4214d70,2,0,0,0,0,0,
AC4245e2d,2,0,0,0,0,0,
AC421651f,2,0,0,0,0,0,
AC42163e9,0,0,0,0,0,0,
AC4245b11,0,0,0,0,0,0,
AC4216dc0,0,0,0,0,0,0,
AC4214838,0,0,0,0,0,0,
AC42162c1,3,3,1,3,3,3,
AC4213eff,1,0,0,0,0,0,
AC4213fb5,1,0,0,0,0,0,
AC424471d,1,3,3,3,3,3,
AC4214888,1,3,3,3,3,3,
AC4214879,0,0,2,0,0,0,
AC4216a30,0,0,0,0,0,0,
AC42146e5,0,0,2,0,0,0,test
AC42140a9,0,0,0,0,0,0,
AC4243024,0,0,0,0,0,2,
AC4213f92,0,0,2,0,2,0,
AC4213e05,1,3,3,3,3,3,
AC423d521,1,0,2,0,0,0,
AC4214003,1,0,2,0,0,0,
AC42458fb,1,3,2,3,3,3,
AC42439b7,1,3,2,3,3,3,
AC4243b92,1,3,2,3,3,3,
AC423f045,1,3,2,3,3,3,
AC4216a2c,0,0,0,0,0,0,
AC4215e4d,0,0,0,0,0,0,
AC4214041,3,3,2,3,1,3,test
AC4216c91,3,3,1,3,2,3,
AC4213e68,0,0,2,0,0,0,
AC42137f7,0,0,1,0,0,0,
AC423f6c9,0,0,0,0,0,0,train
AC42154ed,0,0,0,0,0,0,train
AC4216ac5,0,0,0,0,0,0,
AC4215eec,1,1,2,2,3,3,test
AC4215dd7,0,0,0,2,0,0,
AC4214638,0,0,0,0,0,0,
AC42163e4,0,0,0,0,0,0,
AC4215d3c,2,0,2,2,2,2,
AC4214cce,2,0,2,2,0,0,
AC4245ca8,1,1,0,1,0,0,
AC4242e7c,1,1,0,1,0,0,
AC4244bad,1,1,0,1,0,0,
AC4240ed8,1,1,0,1,0,0,
AC4241555,1,1,0,1,0,0,
AC4244b8b,1,1,0,1,0,0,
AC423fc5d,1,1,0,1,0,0,
AC42408db,1,1,0,1,0,0,
AC4244ca8,2,2,0,1,0,0,
AC424412c,2,2,0,1,0,0,
AC4216965,2,2,0,1,0,0,
AC4242e1e,2,2,3,1,3,3,
AC4240205,2,2,3,1,3,3,
AC421641a,2,0,2,2,0,0,
AC421507f,0,0,0,0,0,0,
AC4215471,2,1,3,3,3,3,
AC421543d,0,0,0,0,0,0,
AC42137fa,3,3,1,3,3,3,test
AC4240f8b,0,0,1,0,0,0,test
AC4242fba,0,0,1,0,0,0,test
AC4213921,0,0,1,0,0,0,test
AC4215500,0,0,0,1,0,0,
AC4215049,0,0,0,3,0,0,
AC4213e22,0,0,0,2,0,0,
AC42164e2,1,0,2,0,0,2,
AC42155fd,0,0,2,0,0,0,train
AC42402fb,1,1,0,0,0,0,
AC4213925,1,1,0,0,0,0,
AC4215e19,3,3,1,3,3,2,
AC4215dda,0,0,2,2,0,0,
AC4216a43,2,3,2,2,1,2,
AC42148ee,0,0,0,0,0,0,
AC4215670,0,0,0,0,0,0,
AC421416a,2,0,2,1,0,1,test
AC423fd0a,2,3,2,2,3,1,test
AC4214084,1,1,2,2,2,3,val
AC423cd7c,1,1,2,0,0,2,test
AC4244efb,1,1,2,0,0,2,test
AC42146cc,1,1,2,3,3,2,test
AC42155ca,0,0,2,0,0,0,
AC42139df,1,3,1,3,3,3,
AC424350a,1,3,2,3,3,3,
AC4216cfa,0,0,2,2,0,2,
AC4245930,0,0,2,2,0,2,
AC4216d0f,1,1,2,3,3,3,
AC4213672,2,1,2,1,2,0,
AC4216377,1,0,3,0,0,0,test
AC4243375,1,3,2,3,3,3,test
AC4214013,0,0,2,2,0,2,test
AC4214573,1,1,2,2,0,2,test
AC4216a17,1,1,2,1,2,2,
AC4213e3e,0,0,2,1,0,0,test
AC42154a3,0,0,1,0,0,0,
AC423c7a0,3,3,1,3,3,3,
AC4213e83,1,1,2,2,3,2,
AC42137cd,2,0,2,0,0,0,
AC423bf55,0,0,2,2,0,0,
AC42137df,0,0,2,2,0,0,
AC4216365,2,0,0,0,0,0,
AC423d5e5,3,3,2,2,1,3,
AC4216295,0,0,3,0,3,0,
AC4216a22,0,0,1,0,2,0,val
AC423d5c7,2,0,2,0,0,0,
AC4213709,0,0,2,0,0,0,
AC421418e,0,0,2,0,0,0,
AC42146b8,0,0,3,0,2,0,
AC4215be1,0,0,0,0,0,0,
AC4216a66,0,0,0,0,0,0,test
AC421506e,0,0,1,0,0,0,
AC421627a,0,0,0,0,0,0,
AC42136d4,0,0,0,0,0,0,val
AC42145c8,2,0,0,0,0,0,
AC4214060,1,1,2,0,1,0,
AC423f74b,2,2,2,0,2,0,
AC421633d,0,0,0,0,0,0,
AC421419d,0,0,0,0,0,0,
AC4214036,3,3,2,2,1,3,
AC42154a8,0,0,2,0,0,0,
AC4214e00,1,1,2,1,1,0,
AC4215d60,0,0,0,0,0,0,
AC421634c,2,0,2,0,0,0,
AC4215519,2,1,2,2,3,2,
AC4215558,0,0,0,0,0,0,
AC4213978,0,0,0,0,0,1,test
AC421652d,1,1,1,0,0,1,
AC423fa2e,3,3,1,0,0,1,
AC42139ce,0,0,0,0,0,0,
AC423d3da,0,0,0,0,2,0,
AC4214ef0,0,0,0,0,2,0,
AC4241a8f,0,0,0,0,2,0,
AC421380e,0,0,0,0,2,0,
AC4244201,0,0,0,0,2,0,
AC423f4de,0,0,0,0,2,0,
AC4245ade,0,0,0,0,2,0,
AC4241a5a,0,0,0,0,2,0,
AC4216c37,0,0,0,0,2,0,
AC42138c4,1,0,0,0,0,1,
AC4215ea5,0,0,1,1,0,0,
AC4213808,0,0,1,3,0,0,
AC42136e3,0,0,0,0,0,0,
AC42403a5,1,1,2,2,0,0,test
AC423fc45,1,1,2,2,0,0,test
AC42138ce,1,1,2,2,0,0,test
AC42415c3,1,3,3,3,1,3,test
AC42420d8,1,3,3,3,1,3,test
AC424014f,1,1,2,2,1,0,
AC423f729,1,1,2,2,1,3,
AC42147e0,0,0,2,0,1,0,
AC42162bd,3,3,1,3,3,3,
AC421553b,0,0,0,0,0,0,
AC4213e93,0,0,0,0,0,0,
AC4216dae,2,1,2,1,3,1,
AC42136ae,1,0,0,0,0,0,test
AC421488d,1,3,3,3,3,3,
AC4216541,0,0,2,0,0,0,test
AC4214841,0,0,0,0,0,0,
AC4214f9c,0,0,2,2,0,0,test
AC423f39d,0,0,2,0,0,0,
AC4216dcb,1,0,0,0,0,0,
AC421397e,0,0,0,0,0,0,train
AC4216a9e,1,1,2,3,2,3,
AC421479e,0,0,2,0,0,2,
AC4214e74,3,3,3,1,3,3,
AC4216e18,0,0,0,0,0,0,
AC423efad,0,0,2,0,0,0,
AC4216b2f,0,0,2,0,0,0,
AC42137ed,0,0,0,0,0,0,
AC4215ed8,2,1,0,0,0,0,val
AC4214e4e,0,0,0,0,0,0,
AC421555f,0,0,0,0,2,0,
AC421626b,0,0,2,0,0,0,
AC421411b,0,0,0,0,0,0,
AC4213970,0,0,0,2,0,0,
AC4213683,2,0,2,0,1,2,
AC4213922,1,1,1,0,0,0,
AC4215eb7,1,1,2,2,2,0,
AC4213ead,1,1,2,1,3,2,
AC4215031,0,0,0,0,0,1,test
AC4214dc4,2,0,2,0,0,0,
AC4214655,0,0,0,0,0,0,
AC4213f6b,0,0,2,2,0,0,
AC421564a,0,0,2,2,0,0,
AC423e37f,0,0,2,2,0,0,
AC423c134,0,0,2,2,0,0,
AC4245308,0,0,2,2,0,0,
AC4214d2b,0,0,2,2,0,0,
AC4215758,1,3,2,2,3,2,test
AC421640f,1,3,2,2,3,2,test
AC423e763,1,3,2,2,3,2,test
AC4215432,0,0,0,0,0,2,val
AC423fd65,0,0,0,0,0,0,
AC4215d11,0,0,0,0,0,0,
AC4213dfd,1,0,1,2,2,0,
AC42137c3,2,0,2,2,2,0,
AC4215682,0,0,0,0,0,0,
AC423e723,0,0,1,0,0,1,
AC4216dcc,2,0,2,2,0,0,test
AC42410d3,1,1,1,1,0,0,
AC4244e01,2,1,1,1,1,0,
AC4243a12,2,1,1,1,1,0,
AC4243525,2,1,1,1,1,0,
AC42433dd,2,1,1,1,1,0,
AC42442c0,2,1,1,1,1,0,
AC423fa9a,2,1,2,1,1,0,
AC4243383,2,1,2,1,1,0,
AC4244140,2,1,2,1,1,0,
AC42433c0,2,1,2,1,1,0,
AC424296b,2,1,2,1,1,0,
AC42139b4,2,1,2,1,1,0,
AC4242084,2,2,2,2,1,3,
AC4242d56,2,2,2,2,1,3,
AC421486a,0,0,2,2,0,0,train
AC421509e,0,0,2,2,0,0,train
AC4214554,2,1,2,2,2,3,
AC4216304,0,0,0,0,0,0,
AC4214065,0,0,0,0,0,0,
AC42169e2,0,0,0,0,0,0,
AC4214e62,3,3,3,1,3,3,
AC4244e8f,3,3,3,1,3,3,
AC4214d65,0,0,0,0,0,0,val
AC4215ef7,0,0,1,1,0,0,
AC4215637,0,0,0,0,0,0,test
AC4213e4e,0,0,0,0,0,0,test
AC4215699,1,3,3,3,3,3,
AC4214098,0,0,0,0,0,0,test
AC423fda7,2,0,0,0,0,0,
AC4216e04,2,0,0,0,0,0,
AC4216c97,0,0,0,0,0,0,
AC421638b,1,1,2,2,2,3,
AC423f72c,1,0,0,0,0,0,test
AC4242086,1,0,0,0,0,0,test
AC423ef17,1,0,0,0,0,0,test
AC4241ba8,1,0,0,0,0,0,test
AC42148c4,1,3,3,3,3,3,test
AC42400af,0,0,2,0,0,0,
AC42458a0,1,1,1,1,2,0,test
AC42451a9,1,1,1,1,2,0,test
AC423c077,2,1,1,3,2,0,test
AC4241abe,2,1,2,2,2,0,test
AC423bef7,2,1,2,2,2,0,test
AC4244ef1,2,1,2,2,2,0,test
AC4243c12,2,1,2,2,2,0,test
AC42165f4,2,1,2,2,2,0,test
AC42440dd,2,1,2,2,2,0,test
AC4244264,2,1,2,2,2,0,test
AC42453f6,0,0,0,0,0,0,
AC4214047,0,0,0,0,0,0,
AC42138f7,2,3,2,2,1,3,val
AC423c863,2,3,2,2,1,3,val
AC4213690,2,1,2,0,2,0,
AC424287e,2,0,2,0,1,3,
AC421474e,0,0,2,0,0,0,
AC4214182,1,0,1,2,0,0,
AC42137e8,0,0,0,0,0,0,
AC421547e,2,1,2,0,0,2,
AC4216c88,0,0,2,0,2,0,
AC423f678,2,1,2,2,1,2,
AC4215b5c,2,2,2,2,1,2,
AC4245886,2,2,2,2,1,2,
AC4215d98,0,0,0,0,0,0,test
AC4215e4b,0,0,3,0,0,0,
AC423e8b1,0,0,2,2,0,0,
AC4213e01,0,0,2,2,0,0,
AC423bf25,1,1,2,2,3,3,
AC421419b,0,0,2,0,0,0,test
AC4216a0a,0,0,0,0,0,0,
AC423dce1,0,0,0,0,0,0,
AC4216aeb,0,0,0,0,0,0,
AC42164d9,0,0,1,1,0,0,
AC4242f4b,0,0,1,2,1,1,
AC42138b4,0,0,2,2,1,2,
AC4214f7e,0,0,0,0,0,0,train
AC423fd60,2,1,2,1,0,0,
AC4214fde,0,0,0,0,0,0,
AC42147ee,0,0,0,0,0,0,test
AC4216b85,0,0,2,0,0,0,
AC4215b9a,2,1,2,2,0,2,
AC42164b0,0,0,0,0,0,0,
AC4216245,0,0,0,0,0,0,
AC423c66d,1,1,2,0,0,0,
AC42422af,1,1,2,0,0,0,
AC423daa0,1,1,2,0,0,0,
AC423cf4c,1,1,2,0,0,0,
AC424344b,1,1,2,0,0,0,
AC4244eae,1,1,2,0,0,0,
AC424406c,1,1,2,0,0,0,
AC423c52e,1,1,2,0,0,0,
AC42162c9,1,1,2,0,0,0,
AC423e69e,1,1,2,0,0,0,
AC4243f71,1,1,2,0,0,0,
AC4216bd2,1,1,2,3,3,3,
AC42146cb,0,0,2,0,0,0,
AC4215781,0,0,3,1,1,0,
AC42155c1,1,1,3,3,1,3,train
AC4245214,2,2,2,2,1,3,train
AC42402fa,2,2,2,2,1,3,train
AC42165ce,0,0,2,0,0,0,
AC4216bca,0,0,0,0,0,0,
AC4215d3d,0,0,0,0,0,0,test
AC4216c5b,1,0,1,0,0,0,
AC42439fa,2,1,2,0,2,0,
AC423fab0,2,1,2,0,2,0,
AC42410d8,2,1,2,0,2,0,
AC421409a,2,1,2,3,2,3,
AC42423dc,2,1,2,3,2,3,
AC42145bc,2,1,2,2,2,0,
AC4216b3c,3,3,3,1,3,3,
AC4215479,0,0,0,0,0,0,
AC4216a7f,0,0,0,0,0,0,
AC42148f8,2,0,2,2,0,0,
AC4216ab1,0,0,0,0,0,0,test
AC4215505,1,1,2,0,0,0,
AC4216cc0,0,0,3,0,0,0,
AC4215d34,0,0,2,2,0,0,
AC4214736,2,1,1,3,3,2,
AC421403f,0,0,0,0,0,0,
AC42155bf,2,0,1,1,0,2,
AC421568e,0,0,1,1,0,0,
AC4242742,0,0,1,2,0,0,
AC4214895,0,0,1,2,0,0,
AC4215448,0,0,0,0,0,2,test
AC423cd71,0,0,0,0,0,2,
AC42163b6,0,0,0,0,0,2,
AC4216328,0,0,2,2,0,0,train
AC4216b06,0,0,2,1,0,2,
AC4216b5a,1,1,1,3,2,3,
AC4215c8e,0,0,0,0,0,1,
AC421544a,0,0,0,0,0,0,
AC4215619,0,0,2,0,0,2,
AC4213df2,0,0,0,0,0,0,
AC42163c2,0,0,0,0,0,0,
AC4215474,3,3,2,2,3,1,
AC4216612,2,0,2,2,0,2,
AC4243acc,0,0,0,0,0,0,
AC4216d23,0,0,0,0,0,0,
AC4215e42,0,0,0,0,0,0,
AC4216a73,0,0,0,0,0,0,
AC4215cb8,0,0,1,0,0,0,
AC4216bd4,0,0,2,2,0,2,
AC421473d,0,0,0,0,0,0,
AC4216439,1,1,0,0,1,0,val
AC4241baa,0,0,0,1,0,0,
AC4214043,0,0,1,1,0,0,
AC4213e0c,0,0,0,0,0,0,
AC4215b6e,3,3,1,3,3,3,train
AC4214009,2,1,2,0,1,0,
AC42169ce,0,0,0,0,0,0,
AC4244571,0,0,1,0,1,0,
AC423ede5,0,0,2,0,3,0,
AC423edf5,0,0,2,0,2,0,
AC42148d9,0,0,2,0,0,0,
AC42164e4,0,0,2,0,0,0,
AC4242e84,0,0,2,2,0,2,train
AC424466f,0,0,2,2,0,2,train
AC4215064,0,0,2,2,0,2,train
AC421552f,0,0,2,2,0,2,train
AC4213e88,1,1,2,3,1,3,
AC4216c94,2,0,2,0,0,0,
AC4214fc2,0,0,0,2,0,0,
AC4214ff1,0,0,0,0,0,0,
AC4213eba,0,0,1,1,0,0,test
AC4213983,0,0,1,1,0,0,test
AC4213e7c,0,0,0,0,0,0,test
AC421508b,0,0,0,0,0,0,
AC4214f68,0,0,0,0,0,0,
AC4214e96,0,0,0,0,0,0,train
AC42164ab,0,0,2,2,1,0,
AC4213e35,0,0,1,0,0,0,
AC4215c8a,0,0,0,0,0,0,test
AC4243902,0,0,2,0,0,2,train
AC421400b,0,0,2,0,0,2,train
AC423d607,0,0,2,0,0,0,
AC4215df1,0,0,1,3,0,0,
AC423be86,0,0,2,0,0,0,
AC4216a1d,0,0,2,0,0,0,
AC42157a7,0,0,0,0,0,0,
AC4216b90,0,0,0,2,0,0,val
AC4216cd8,0,0,1,2,0,0,val
AC42162c0,0,0,0,0,0,0,
AC4214905,1,1,2,0,2,0,
AC4215bad,0,0,0,0,0,0,
AC4214d1d,1,1,2,3,3,3,
AC4213939,0,0,2,1,2,0,
AC4214ce1,1,1,1,0,0,0,
AC4216a54,0,0,0,0,0,0,test
AC4240848,0,0,2,0,2,0,
AC423ccc6,0,0,2,0,2,0,
AC42441a1,0,0,2,0,2,0,
AC4216478,0,0,2,0,2,0,
AC4216cf9,0,0,2,0,0,0,
AC424302c,0,0,2,2,0,0,
AC4216428,0,0,2,2,0,0,
AC4216bef,1,3,2,3,2,3,
AC421384e,0,0,0,0,0,0,
AC4213a16,0,0,0,0,0,0,
AC4216afa,0,0,2,0,0,0,
AC42148e2,0,0,0,0,0,0,
AC4214e3a,0,0,0,0,0,0,
AC421417e,0,0,0,0,0,0,test
AC421652c,0,0,2,2,1,1,
AC4243fe8,1,1,2,2,1,0,
AC421465b,1,1,2,2,2,3,
AC423dc2f,1,1,2,2,2,3,
AC421644f,1,1,1,0,0,0,
AC4244bf2,1,0,2,2,0,0,
AC4216a19,1,0,2,2,0,0,
AC4216487,2,1,2,3,3,3,
AC4214f1f,0,0,2,0,1,0,
AC4214d1e,1,0,0,0,0,2,
AC421647b,2,0,2,2,0,0,test
AC423e09e,2,0,0,2,0,1,
AC42156e6,2,0,1,2,0,2,
AC4215e69,2,0,0,0,0,0,test
AC421561f,1,3,3,3,3,3,
AC4216ac6,1,0,1,0,0,0,train
AC421659a,0,0,0,0,0,0,
AC4215070,0,0,2,0,0,2,val
AC421389a,0,0,2,0,0,0,
AC4215ccd,1,1,2,3,3,3,
AC4214632,0,0,2,0,0,0,test
AC423d3e5,0,0,2,0,0,0,
AC4215de4,0,0,2,0,0,0,
AC4240799,0,0,2,0,0,0,
AC4216d2e,0,0,2,0,0,0,
AC42136fc,0,0,2,0,0,0,
AC4215e85,0,0,0,2,0,0,
AC4216ccd,2,0,0,0,2,0,train
AC4216d30,1,0,0,0,0,0,
AC4216468,1,0,0,0,0,0,
AC4213fdd,1,0,3,0,0,0,
AC4216b23,0,0,0,0,0,0,
AC423dcc3,0,0,0,0,0,0,
AC42146b1,0,0,0,0,0,0,
AC4216b07,0,0,0,0,0,0,
AC4214ed3,2,1,2,0,2,0,
AC42156e5,2,1,2,0,2,0,
AC423da00,2,1,2,0,2,2,
AC42165d7,2,0,1,2,0,0,
AC42154b8,0,0,0,0,0,0,
AC42162c6,0,0,0,0,0,0,
AC4244b7c,0,0,0,0,0,0,test
AC4215def,0,0,0,0,0,0,test
AC4216dfb,2,1,2,0,0,1,
AC423f464,2,3,2,0,0,1,
AC4244883,2,2,2,3,3,1,
AC4214e73,0,0,2,0,0,0,test
AC4241030,3,3,3,3,1,3,
AC4244c33,3,3,3,3,1,3,
AC42154e7,1,3,1,3,3,3,val
AC4216480,1,3,1,3,3,1,
AC42136a4,0,0,0,0,0,0,
AC4216df7,0,0,0,0,0,0,
AC4216c66,0,0,2,2,0,0,
AC42138f9,0,0,0,0,0,0,train
AC4216a20,0,0,0,0,0,0,test
AC4213941,0,0,0,0,0,0,
AC4213f0a,0,0,2,0,0,0,
AC42154ef,0,0,0,2,0,2,
AC424333a,2,0,2,2,0,0,
AC4213844,2,0,2,2,0,0,
AC421485c,0,0,0,0,2,0,test
AC42163c5,0,0,2,2,0,0,
AC4215745,2,0,1,0,0,0,
AC4216363,2,0,0,2,0,0,
AC4215cd4,0,0,0,0,0,0,
AC424100f,0,0,2,1,1,2,
AC423c7ee,0,0,2,1,1,2,
AC42400d3,0,0,2,1,1,2,
AC423dc48,0,0,2,3,1,2,
AC42147f8,0,0,0,0,0,0,
AC4213a0e,0,0,0,0,0,0,
AC42420c2,0,0,0,0,0,0,train
AC4216cfc,0,0,0,0,0,0,train
AC42154eb,0,0,0,0,0,2,
AC4216a95,1,0,2,2,0,2,
AC4214d69,3,3,1,1,3,3,test
AC4215467,0,0,0,0,0,0,
AC42155d8,0,0,0,0,0,0,test
AC4241a23,1,1,0,0,0,0,train
AC423e6d5,1,1,0,0,0,0,train
AC4213879,0,0,0,0,0,0,
AC42164a3,0,0,1,1,0,0,val
AC4213ff4,2,0,0,0,0,0,
AC42452ff,1,0,0,0,0,0,test
AC42452af,1,0,0,0,0,0,test
AC4215b41,2,0,0,0,0,0,test
AC4240863,1,1,1,3,3,3,
AC4216b0f,0,0,0,0,0,0,train
AC421659e,0,0,0,3,0,0,
AC421460e,2,0,2,2,0,0,
AC421468a,3,3,2,2,3,1,
AC4216af7,0,0,2,2,0,0,
AC4243a24,1,1,2,2,3,3,
AC421658d,0,0,2,0,0,0,
AC4215085,0,0,2,0,1,1,test
AC424350c,2,1,2,2,2,3,
AC4214719,2,1,2,2,2,3,
AC42139aa,2,0,2,0,0,0,
AC42410bc,0,0,2,1,0,0,
AC423d3ea,0,0,2,1,0,0,
AC4216398,0,0,2,2,0,0,
AC424231d,0,0,2,0,1,0,
AC4241db3,0,0,2,0,2,0,
AC42421dd,0,0,2,0,2,0,
AC421410b,0,0,0,0,0,0,
AC423d459,2,0,1,0,0,1,
AC4213666,3,3,1,3,3,3,test
AC4215567,0,0,0,0,0,0,
AC421630a,0,0,0,0,0,0,
AC421551f,0,0,2,0,0,0,
AC4216c3e,3,3,1,3,1,3,
AC4213641,0,0,0,0,0,0,
AC42402a3,0,0,0,0,0,0,
AC421650b,0,0,0,0,0,0,
AC4214ed7,2,0,2,0,1,0,
AC423c1a3,0,0,2,2,0,0,
AC4215e76,0,0,2,2,0,0,
AC4216b55,3,3,1,3,3,3,test
AC4243ada,0,0,2,0,0,0,
AC423cc85,0,0,2,0,0,0,
AC4215d23,0,0,2,0,0,0,
AC421397a,3,0,3,2,0,0,
AC42146db,0,0,2,0,0,1,
AC4214eb7,0,0,2,2,0,0,
AC4214e1f,2,0,2,2,0,0,
AC42148b9,0,0,0,0,0,0,
AC4213975,0,0,0,0,1,0,
AC4215621,0,0,2,0,0,0,test
AC4214804,1,0,0,0,0,0,
AC4216a67,0,0,1,0,0,0,
AC42139c5,2,0,2,2,1,0,
AC4213898,1,3,3,3,3,3,
AC4214f02,0,0,0,0,0,2,test
AC4213f72,1,0,0,0,0,0,
AC4245d9d,0,0,3,0,0,0,
AC4215d49,0,0,2,0,0,0,
AC4215e8f,0,0,2,0,0,0,
AC4242337,0,0,2,0,0,0,
AC4216c08,2,0,2,0,0,0,
AC421652b,3,0,2,0,0,0,
AC4215ee8,0,0,0,0,0,0,test
AC4213a1d,0,0,0,0,0,0,
AC423e202,0,0,0,0,0,0,
AC424353a,0,0,0,0,0,0,
AC421502b,0,0,0,0,0,0,
AC4213654,0,0,0,0,0,0,
AC4213663,0,0,0,0,0,0,
AC4213f05,0,0,2,0,0,0,
AC42137c5,0,0,0,0,0,0,
AC421460c,1,0,0,0,0,0,
AC4214011,1,1,0,0,0,0,
AC4213934,0,0,2,0,0,0,test
AC4214738,0,0,2,0,0,0,test
AC42163cf,1,1,0,0,0,0,val
AC421475c,0,0,1,1,0,0,
AC42163bb,1,0,1,0,0,0,
AC4216b8d,2,0,2,2,2,0,
AC4241a64,0,0,1,1,2,0,test
AC4215bc6,0,0,1,1,2,0,test
AC4243ba6,3,3,1,1,2,3,test
AC4215645,3,3,2,1,2,3,test
AC4244c92,3,3,2,1,2,3,test
AC42410b5,3,3,2,1,2,3,test
AC42423b0,3,3,2,1,2,3,test
AC4241411,0,0,2,2,1,2,val
AC4213657,3,0,2,0,0,0,
AC42145b3,0,0,0,0,0,0,
AC4214e43,1,0,0,0,0,0,val
AC4215549,1,1,1,1,3,3,
AC42459ab,2,1,2,2,3,3,
AC4215b66,1,0,1,0,0,0,
AC42136ff,0,0,3,2,1,0,
AC4216aff,0,0,0,0,0,0,
AC42147fc,0,0,0,0,0,0,
AC4214845,0,0,2,0,0,2,
AC4215093,0,0,0,0,0,0,test
AC4242f6a,0,0,2,2,0,2,
AC423da1a,1,1,2,2,3,2,
AC4215556,0,0,2,0,2,0,val
AC4216c16,2,3,2,3,1,3,
AC421648f,0,0,0,0,0,0,
AC4213eaa,0,0,0,0,0,0,
AC4214dbd,0,0,2,0,2,0,
AC421633e,0,0,2,1,0,0,val
AC4214565,1,1,2,0,0,0,
AC4215d3e,1,1,2,0,0,2,
AC4215d4c,0,0,2,2,0,0,test
AC424287f,2,0,2,2,1,2,val
AC4245dde,2,0,2,2,1,2,val
AC4216a32,2,0,2,2,1,2,val
AC4245a04,2,0,2,2,0,0,
AC4216d06,2,0,2,2,0,0,
AC42138e7,2,0,2,2,0,0,
AC421402c,0,0,2,0,0,0,
AC424224b,0,0,0,0,0,1,val
AC4213a0b,0,0,0,0,0,2,val
AC4216c5a,0,0,2,1,0,0,
AC4216ce9,0,0,0,0,0,0,
AC4215592,3,3,1,2,3,3,
AC4214e86,2,3,1,2,3,3,
AC42426f8,2,3,1,2,3,3,
AC4213ee5,2,0,2,0,2,0,
AC4215d77,0,0,0,0,0,0,
AC4214f26,0,0,2,2,2,0,
AC4213824,1,0,1,0,0,0,
AC4213e90,0,0,2,0,0,0,
AC4213940,0,0,0,0,0,0,
AC4214575,0,0,0,0,0,0,
AC4215e67,0,0,0,0,0,0,
AC4215029,0,0,0,3,0,0,
AC4215d2a,0,0,0,0,0,0,
AC4242d27,0,0,0,0,0,0,train
AC4241741,0,0,0,0,0,0,train
AC4240a1d,0,0,0,0,0,0,train
AC421561a,0,0,0,0,0,0,train
AC4216614,1,1,2,1,3,1,
AC42410a3,1,1,2,1,3,1,
AC4241abf,2,2,2,1,3,2,
AC4213e24,1,3,3,3,3,3,train
AC4241563,1,3,3,3,3,3,train
AC4213f87,0,0,2,2,0,0,
AC421635e,2,0,2,1,2,0,
AC4214f3c,0,0,0,0,0,2,train
AC4213f90,0,0,0,0,0,0,
AC423e928,0,0,0,0,0,0,
AC4216583,0,0,0,0,0,0,
AC4214862,1,3,2,3,1,3,
AC4216309,1,1,2,2,0,2,
AC42147a1,1,0,3,0,0,0,
AC42141a0,0,0,2,0,0,0,
AC4215bde,0,0,0,0,0,0,
AC4216c90,0,0,0,0,0,0,val
AC4216322,0,0,2,0,2,0,val
AC4215490,3,3,1,3,3,3,
AC4215db4,0,0,0,0,0,0,
AC42145c4,2,0,1,2,0,2,
AC421554c,0,0,0,0,0,0,test
AC4213825,0,0,0,0,0,0,
AC42155ed,1,1,2,3,2,3,
AC4215563,0,0,0,0,0,0,
AC4216dc1,2,1,2,0,0,2,
AC4213f67,2,1,2,0,0,2,
AC4213909,1,1,1,3,3,3,
AC4213969,0,0,0,0,0,0,
AC42140d3,0,0,0,0,0,0,
AC4216267,3,3,2,3,3,1,
AC4244b6c,3,3,2,3,3,1,
AC4215e5b,0,0,2,2,0,2,
AC4216a02,1,1,1,0,0,0,
AC42410d4,1,1,2,2,1,2,val
AC4213ea4,1,1,2,2,1,2,val
AC4240255,1,1,2,2,1,2,val
AC4240fe0,1,1,2,2,1,2,val
AC424207b,1,1,2,2,1,2,val
AC421501f,0,0,2,0,0,0,
AC42155da,0,0,2,0,0,0,
AC42165a7,0,0,0,0,0,0,
AC42154f5,0,0,1,0,0,1,
AC4214f6a,2,1,2,3,3,3,
AC423ce47,2,1,2,3,3,3,
AC4244697,2,1,2,3,3,3,
AC424593c,2,1,2,3,3,3,
AC4213ebc,0,0,0,0,0,0,
AC42163dc,0,0,0,0,0,0,test
AC4243573,0,0,0,0,0,0,test
AC4244eb8,0,0,0,3,0,0,
AC4216d16,0,0,0,2,0,0,
AC4216dc4,0,0,1,0,0,0,test
AC42154aa,1,0,2,1,0,0,
AC42447b6,0,0,2,2,0,0,
AC421490c,0,0,0,0,0,0,
AC423da07,0,0,0,0,0,1,
AC4213e77,0,0,0,0,0,1,
AC4214855,0,0,0,0,0,0,
AC4216c20,0,0,2,1,0,0,
AC4216b3d,0,0,2,3,0,0,
AC42138c8,2,0,2,2,0,2,test
AC4213e3a,0,0,2,0,0,0,
AC42162b1,0,0,2,0,0,0,test
AC421411c,1,1,2,2,0,0,
AC42157e1,0,0,0,0,0,0,
AC4215c01,0,0,0,0,0,0,
AC4216a69,0,0,0,0,0,0,
AC4216e02,0,0,1,0,0,0,
AC4216483,3,3,1,3,3,3,
AC4214851,0,0,2,0,0,0,
AC421624c,0,0,0,0,0,0,train
AC4215c86,0,0,0,0,0,0,test
AC4245309,0,0,0,0,0,0,test
AC4215cc1,0,0,0,0,0,0,
AC4214f5d,0,0,0,0,0,0,
AC42162ff,1,0,2,0,0,2,
AC4214f59,0,0,2,1,0,0,
AC4214ebd,1,1,2,1,3,3,
AC42140fc,0,0,0,0,0,0,
AC42139ab,0,0,0,0,0,0,test
AC421549e,0,0,2,0,2,0,test
AC42146f9,0,0,2,0,2,0,test
AC4215e5a,0,0,0,0,0,0,
AC4216cf8,0,0,2,0,0,0,
AC42138a4,3,3,1,3,1,3,
AC4244eb2,3,3,1,3,3,3,
AC4214e0e,0,0,3,0,0,0,
AC4215ca4,0,0,2,0,0,0,
AC42453b2,0,0,2,0,0,0,
AC4244307,1,3,2,3,3,3,
AC4214e0f,0,0,1,2,0,0,
AC4215c2a,2,0,2,2,0,0,
AC42157d1,0,0,0,0,0,0,
AC42147b4,0,0,0,0,0,0,
AC423dbf5,0,0,0,0,0,0,
AC424271b,0,0,0,0,0,0,
AC4215d68,0,0,1,0,0,0,
AC4214f8b,2,0,1,2,1,1,
AC42157d0,0,0,0,0,0,0,
AC42136fe,0,0,0,0,0,0,
AC421639d,0,0,0,0,0,1,
AC421492b,3,3,3,1,3,3,test
AC424012c,1,3,2,3,3,1,
AC423e13c,1,3,2,3,3,1,
AC4243990,1,3,2,3,3,1,
AC423d2c3,1,3,2,3,3,2,
AC4245847,0,0,2,0,0,0,
AC4214550,0,0,2,0,0,0,
AC42415c7,0,0,0,0,0,0,test
AC42156bc,0,0,0,0,0,0,
AC42137cb,2,0,1,0,0,2,
AC423f5b1,2,0,1,0,0,2,
AC424096b,2,0,1,0,0,2,
AC42165a4,2,0,1,0,0,2,
AC42139b9,2,0,0,0,0,2,
AC4215465,0,0,0,0,0,0,
AC42413fd,0,0,0,0,0,0,
AC423dba6,0,0,0,0,0,0,
AC42155a4,0,0,0,0,0,0,
AC4215c42,0,0,0,0,1,0,
AC4213905,0,0,0,0,0,0,
AC421482a,0,0,2,2,0,0,test
AC42164b2,1,3,2,3,3,3,
AC4216a7e,1,0,3,0,0,0,
AC42442a9,1,1,3,3,3,3,test
AC4216df4,0,0,0,0,0,0,
AC4215b3c,0,0,0,0,0,0,val
AC42145eb,1,1,0,0,0,0,
AC4213827,0,0,1,1,0,0,
AC4215780,1,1,2,2,1,0,
AC421400e,1,0,2,1,0,0,
AC4213e30,0,0,2,0,0,0,test
AC423e33c,2,1,2,1,2,3,
AC4216cac,2,1,2,1,2,3,
AC4214ef9,0,0,0,0,0,0,
AC4215e18,0,0,0,0,0,0,
AC42156e2,0,0,2,0,0,2,
AC4214cf7,0,0,2,0,0,2,
AC423fca0,1,1,0,0,0,0,
AC4214121,0,0,0,0,0,0,
AC421639b,0,0,0,0,0,2,
AC4215761,1,0,1,0,0,2,
AC4215d90,0,0,2,0,0,0,
AC4213807,0,0,2,0,0,0,
AC4213e82,1,0,2,0,0,0,
AC4215006,1,1,2,3,1,3,
AC4214d5a,1,1,2,3,2,3,
AC423ee6d,1,1,2,3,2,3,
AC4241522,1,1,2,3,2,3,
AC4245d4f,1,1,2,3,2,3,
AC4213872,0,0,0,0,0,1,
AC42163f5,0,0,1,0,0,0,
AC421417d,2,3,3,1,3,2,
AC4242951,0,0,3,1,0,0,
AC423e033,0,0,2,1,0,0,
AC423e0ce,0,0,2,1,0,0,
AC4245e40,0,0,2,1,0,0,
AC4241b48,0,0,2,1,0,0,
AC4213e91,2,1,2,2,3,2,
AC4243657,2,1,2,2,3,2,
AC4214d3b,1,1,3,3,3,3,test
AC42136e6,0,0,0,0,0,0,
AC4215484,1,1,2,0,0,2,
AC4215554,0,0,0,0,0,0,
AC42403f8,3,0,1,0,1,0,
AC421572e,2,1,1,0,1,0,
AC4215bfa,0,0,0,0,0,0,test
AC4240a2f,2,1,2,2,3,2,
AC42157b3,2,1,2,2,3,2,
AC4215da0,0,0,1,0,0,0,
AC42408fe,2,1,2,2,2,3,
AC4214d2c,3,3,3,1,3,3,
AC4214cd5,0,0,2,0,1,0,
AC4242767,0,0,2,0,0,0,
AC4213f5e,0,0,2,0,0,0,
AC42147f5,2,0,2,0,2,0,val
AC4214061,0,0,2,2,0,0,
AC42156ee,2,0,2,0,0,0,
AC421414b,0,0,0,0,0,0,
AC421562f,0,0,2,0,0,1,
AC4214ecb,0,0,0,2,0,0,
AC4214f57,1,0,1,0,0,0,
AC4216b78,0,0,0,0,0,0,
AC42140d1,1,1,2,2,2,3,
AC42136e2,0,0,0,0,0,0,
AC4214002,0,0,0,0,0,0,test
AC421574e,0,0,0,0,0,0,
AC421570c,0,0,0,0,0,0,
AC42147c7,0,0,3,0,0,1,
AC4214d49,0,0,1,0,0,0,
AC42433ff,1,0,1,0,0,0,
AC4216a4f,0,0,0,0,0,0,
AC423f639,0,0,0,0,0,0,
AC42147d6,0,0,0,0,0,0,
AC4216c5d,0,0,0,0,0,0,
AC4216372,0,0,0,0,0,0,
AC4215d54,1,1,3,3,3,3,test
AC423e307,2,1,3,3,3,3,test
AC423fce3,2,1,3,3,3,3,test
AC42138f5,0,0,0,0,0,0,test
AC4213eb1,0,0,2,0,0,0,
AC4241a90,3,3,3,3,3,1,
AC4216c96,0,0,0,0,0,0,
AC4216aa8,0,0,2,2,0,2,
AC4216a00,0,0,0,0,0,0,
AC4216e00,2,1,2,3,1,3,
AC4215e08,0,0,3,1,0,0,
AC4215c6c,0,0,2,0,0,0,train
AC4214cea,0,0,0,0,0,0,
AC4214e70,0,0,0,0,0,0,test
AC4215c59,0,0,3,2,0,0,
AC4214052,1,0,2,0,2,0,
AC421366a,2,0,2,0,2,0,
AC4216257,0,0,0,1,0,0,
AC4216ad6,0,0,0,0,0,0,
AC4216b50,3,3,3,3,1,3,test
AC42139fd,0,0,0,0,0,0,
AC4214030,2,0,2,2,2,0,
AC4215d09,0,0,0,0,0,0,
AC4216ce6,1,0,2,2,1,1,
AC4216410,1,3,2,2,1,1,
AC42136d2,0,0,2,0,0,1,
AC4214de6,2,0,2,0,0,0,
AC424217b,2,0,2,0,0,0,
AC423f08c,2,0,2,0,0,0,
AC42427cb,2,0,2,0,0,0,
AC4243aea,2,0,2,0,0,0,
AC4214ce4,2,0,2,2,0,0,train
AC421644a,0,0,2,2,0,0,test
AC423cf84,0,0,1,1,0,0,val
AC423f45f,0,0,1,1,0,0,val
AC4216954,0,0,1,1,0,0,val
AC42145ff,0,0,2,2,0,0,val
AC4216258,0,0,0,0,0,0,
AC4214693,1,1,2,2,1,3,
AC4213735,3,3,3,1,3,3,val
AC4216379,2,1,2,2,0,2,
AC4244163,2,2,2,2,0,2,
AC42407ef,2,2,2,2,0,2,
AC4214e6b,1,1,2,2,0,0,
AC421624d,0,0,0,0,0,0,
AC4215e6b,0,0,2,2,1,0,
AC4213912,0,0,0,0,0,1,
AC421562c,0,0,0,0,0,0,
AC4215c5c,0,0,0,0,0,0,
AC42136e9,0,0,0,0,0,0,test
AC4215cb6,1,1,3,3,3,3,
AC4214cfe,2,1,3,3,3,3,
AC42163b9,0,0,1,0,1,0,
AC4245534,1,1,2,3,3,2,train
AC4244d1e,1,1,2,3,3,2,train
AC42162af,1,1,2,3,3,2,train
AC423cc59,0,0,2,1,0,0,test
AC4240dc5,0,0,2,1,0,0,test
AC421473b,0,0,2,1,0,0,test
AC423e0f5,0,0,2,2,0,0,
AC4215607,0,0,2,2,0,0,
AC4214d35,0,0,2,1,1,0,
AC4215e6d,0,0,2,1,3,0,
AC421657f,0,0,0,0,0,0,train
AC4215df7,3,3,1,3,3,3,
AC4244cd0,0,0,2,0,0,0,
AC4213e5d,0,0,2,0,0,0,
AC4214ee9,3,3,1,1,3,3,
AC424222f,0,0,0,0,0,0,
AC4215698,0,0,0,0,0,0,
AC4216a8b,0,0,0,3,0,0,
AC4216611,1,1,1,1,1,3,test
AC4216c68,0,0,0,0,0,0,test
AC4215c61,0,0,0,0,0,2,
AC423fc3e,0,0,0,0,0,0,
AC4214ee8,0,0,0,0,0,0,
AC4213f4f,0,0,2,0,0,2,
AC4214f6b,2,0,2,0,0,0,
AC4214044,0,0,0,0,0,0,
AC4215b5f,0,0,0,0,0,0,
AC421560e,0,0,0,0,0,2,train
AC4214ce6,0,0,2,0,2,0,
AC4241d5a,0,0,1,0,0,0,test
AC4216dc6,0,0,1,0,0,0,test
AC421489c,1,1,2,2,2,1,
AC42138e4,0,0,0,0,0,0,
AC4215bcd,0,0,2,0,0,0,
AC4216c2d,2,3,3,1,3,3,
AC4214692,1,1,2,2,1,0,
AC423dc72,2,2,2,2,2,0,
AC4243606,2,0,2,2,0,0,
AC423cf37,2,0,2,2,0,0,
AC424361e,2,0,2,2,0,0,
AC42429b0,2,0,2,2,0,0,
AC423e07f,2,0,2,2,0,0,
AC4215c6b,2,0,2,2,0,0,
AC42146fd,1,0,2,0,0,0,
AC4216b63,0,0,1,0,0,0,
AC42164e3,2,1,2,0,0,2,val
AC42410e0,0,0,0,0,0,0,
AC4214000,0,0,0,0,0,0,
AC42164b4,0,0,0,0,2,0,
AC421502e,0,0,2,1,2,0,
AC42446c2,1,1,2,2,0,0,
AC421635b,1,1,2,2,0,0,
AC4216b2a,0,0,2,0,1,0,
AC4216cff,0,0,1,0,0,0,
AC4215d70,1,3,3,3,3,3,
AC4213fa2,0,0,1,1,0,0,
AC423e2a1,1,1,2,1,1,3,
AC42438ff,1,1,2,2,1,3,
AC42139fe,0,0,0,0,0,0,
AC423cd8c,0,0,0,0,0,0,
AC4216df2,0,0,0,0,0,0,
AC4215023,1,1,2,3,2,3,test
AC4216477,0,0,2,0,2,0,
AC4215cfb,1,0,0,1,0,0,
AC4215c37,0,0,0,0,1,2,test
AC4215e99,0,0,0,0,0,0,
AC421509c,1,0,2,0,0,0,
AC4215e80,0,0,2,2,2,0,train
AC4216a3b,0,0,1,0,0,0,
AC4216d1f,0,0,0,0,0,0,val
AC42163e0,0,0,0,0,0,0,val
AC42137c0,0,0,2,0,0,2,
AC42169bb,1,1,2,0,0,2,
AC4214f08,1,3,2,2,1,3,
AC4243f68,2,3,2,2,1,3,
AC4216c64,0,0,0,0,0,0,
AC4214e8b,1,1,2,3,3,3,
AC4215497,0,0,0,0,0,0,
AC4213674,0,0,0,0,0,2,
AC4215e11,1,0,0,0,0,0,
AC4213f4c,0,0,0,1,0,0,
AC42165b2,0,0,0,0,0,0,
AC4214fae,0,0,1,2,0,0,
AC4215d0d,0,0,0,0,0,0,test
AC4216a5e,0,0,1,0,1,0,test
AC4216e05,2,0,0,0,0,0,
AC42137f2,1,1,3,2,1,1,
AC423c734,0,0,0,1,1,0,train
AC424012b,0,0,0,1,1,0,train
AC4241b21,1,0,0,1,1,0,train
AC4243374,1,0,0,1,1,0,train
AC423d9a8,1,0,0,1,1,0,train
AC423bea1,1,0,0,1,3,0,train
AC423c5ad,1,0,0,1,2,0,train
AC4214d8a,1,0,0,1,2,0,train
AC42154db,1,1,1,3,3,2,
AC4215c2d,2,1,1,2,0,0,
AC421385a,1,1,2,3,3,3,test
AC4214886,2,2,2,0,0,0,
AC4214e57,0,0,0,0,0,0,
AC4216999,0,0,0,0,0,0,
AC4243578,2,0,2,0,2,0,
AC4215c26,2,0,2,0,2,0,
AC4215e58,0,0,1,0,0,0,
AC4214153,0,0,1,0,0,0,
AC4216e23,0,0,3,0,0,0,
AC4215dc5,0,0,0,0,0,0,
AC424580e,1,1,2,1,1,1,
AC421492c,1,1,2,1,2,2,
AC4242e6f,0,0,2,0,2,2,
AC4244789,0,0,2,0,2,2,
AC4215e47,2,0,2,0,0,0,
AC42423c6,0,0,2,0,0,0,
AC423e290,0,0,2,0,0,0,
AC42420d2,0,0,2,0,0,0,
AC4245503,0,0,2,0,0,0,
AC423d2ac,0,0,2,0,0,0,
AC4215d5a,1,0,2,1,1,0,
AC42136c7,0,0,0,0,0,0,
AC4215c1d,1,0,2,0,0,2,
AC4240f4c,1,0,2,0,1,2,
AC4213e19,0,0,0,0,0,0,
AC4242ccb,0,0,0,0,0,2,
AC42138e5,0,0,0,0,0,2,
AC4213f41,0,0,0,0,0,0,
AC4240ab9,3,3,1,3,3,3,
AC4214e14,0,0,2,0,0,0,
AC4215ec3,0,0,2,0,0,0,
AC42139f6,0,0,1,0,0,1,
AC42154c4,0,0,2,1,3,1,
AC42169d0,0,0,0,0,0,2,
AC421648d,0,0,0,0,0,0,
AC4214d54,1,0,2,1,0,0,
AC4215581,0,0,2,0,0,0,val
AC42140e3,0,0,2,0,0,0,
AC421491b,0,0,2,1,0,0,
AC4215544,0,0,2,2,0,0,val
AC4216c2b,1,0,2,2,0,0,
AC42136ac,1,0,2,2,0,0,
AC4215de3,1,0,2,2,0,0,
AC42163bf,0,0,2,2,0,0,
AC4243c58,0,0,2,2,1,0,
AC421384b,0,0,2,2,1,0,
AC42145d7,1,1,2,2,1,0,
AC424144c,3,3,3,1,3,3,test
AC423bfab,1,3,3,3,3,3,
AC4244e42,1,3,3,3,3,3,
AC4214f44,0,0,0,0,0,0,train
AC423e794,1,1,3,3,3,3,train
AC4242e72,1,1,1,0,0,0,
AC4243522,1,1,1,0,0,0,
AC42422fa,2,1,1,0,0,0,
AC4215722,0,0,1,0,1,0,
AC42154f6,0,0,2,2,1,0,
AC424021a,0,0,2,2,1,0,
AC4215c5d,0,0,0,0,0,1,
AC4215463,1,1,2,0,0,0,
AC4213662,0,0,0,0,0,0,test
AC4216bfc,2,0,2,1,0,0,
AC4216400,0,0,0,0,0,0,val
AC42169d9,0,0,0,0,0,0,
AC4213e1e,0,0,0,0,0,0,val
AC4216cc5,0,0,0,0,0,0,
AC4216c5e,0,0,0,0,0,0,
AC4216a5c,0,0,0,0,0,0,
AC4214d6e,0,0,2,2,0,0,
AC421371a,2,0,2,0,0,0,train
AC4214814,0,0,0,0,0,0,
AC423ce90,1,1,2,3,2,3,
AC421545d,1,1,2,3,2,3,
AC42146ca,1,0,2,0,0,0,
AC42139a4,0,0,2,0,0,0,
AC421395a,0,0,2,0,0,0,
AC4213870,3,3,2,3,1,3,val
AC421578a,0,0,0,0,0,0,
AC4216aac,0,0,0,0,0,1,
AC4214ce7,0,0,2,0,0,2,val
AC4214d83,1,3,2,3,3,2,val
AC42403a7,1,3,2,3,3,2,val
AC4216305,0,0,1,0,0,2,
AC4214600,1,1,2,3,3,3,
AC42136f1,2,0,2,0,0,0,
AC4241596,2,3,1,3,3,3,
AC4215003,2,3,1,3,3,3,
AC421379c,0,0,0,0,0,0,
AC421507d,1,1,0,1,0,0,
AC421410e,0,0,0,0,0,0,
AC42157ca,0,0,0,0,0,0,
AC4216c18,0,0,2,0,0,2,
AC4214f79,0,0,0,0,0,0,
AC4215789,0,0,0,1,1,0,test
AC42148b8,1,1,1,2,2,3,test
AC42414ab,1,1,1,2,2,3,test
AC4215d6f,0,0,0,1,0,0,
AC42146fb,0,0,2,0,0,0,test
AC4215736,0,0,0,0,0,0,
AC4214d31,1,0,0,0,0,0,
AC423dc85,0,0,2,0,0,0,
AC42157bb,0,0,2,0,0,0,
AC4242d2b,0,0,0,0,0,0,
AC423f6cb,1,0,0,0,0,0,
AC424228f,1,0,0,0,0,0,
AC42433af,1,0,0,0,0,0,
AC424160e,1,0,0,0,0,0,
AC4244261,1,0,0,0,0,0,
AC4215eae,1,0,0,0,0,0,
AC4244837,1,3,3,3,3,3,
AC4214909,1,1,1,0,0,0,
AC4243c18,2,2,2,0,0,0,
AC4241d88,2,2,2,0,0,0,
AC42165e6,1,1,1,1,1,0,
AC423fcd0,1,1,1,1,1,0,
AC423f775,1,1,1,1,1,0,
AC42138d4,1,1,1,1,1,0,
AC4216c79,1,3,2,2,2,3,test
AC42141ae,1,3,1,3,3,3,test
AC4213fc0,0,0,2,2,0,0,
AC421503a,0,0,2,2,0,0,
AC4214f53,0,0,2,2,0,0,
AC4214f0d,0,0,0,0,0,0,
AC42164de,1,0,0,0,0,0,
AC42148a2,2,1,0,0,0,0,
AC421484b,0,0,2,0,0,0,
AC424473c,0,0,2,2,1,2,test
AC4241a18,0,0,2,2,1,2,test
AC421415f,0,0,2,2,1,2,test
AC4216988,3,3,2,2,1,3,
AC421564c,0,0,0,0,0,0,
AC421474b,2,0,2,2,0,0,
AC421404f,2,0,2,2,0,0,
AC42140a8,0,0,0,0,0,0,test
AC4214d55,0,0,0,0,0,0,
AC4215b74,0,0,0,0,0,0,
AC4216b74,0,0,2,0,0,0,
AC424090e,0,0,1,0,0,0,
AC4214688,0,0,1,0,0,0,
AC42162e2,0,0,3,0,0,0,
AC42148c5,0,0,3,0,0,0,train
AC423f572,1,1,1,0,0,0,
AC4243922,1,1,1,0,0,0,
AC42140e9,1,1,1,3,3,3,
AC42420cc,0,0,1,2,1,0,
AC4240416,1,1,1,2,1,0,
AC423db1a,1,1,2,2,2,3,
AC424109e,1,1,2,2,2,3,
AC423cc2d,1,1,2,2,2,3,
AC4240aa3,1,1,2,2,2,3,
AC42154a1,2,1,2,3,1,2,test
AC4244f2f,0,0,0,0,0,1,test
AC42164f2,0,0,2,0,0,0,
AC4216966,0,0,0,0,0,0,
AC4215b83,0,0,0,0,2,0,
AC421548f,1,3,2,2,3,3,val
AC4216b91,2,0,2,2,0,0,
AC4213682,0,0,2,0,0,0,
AC421469a,0,0,1,0,0,0,val
AC4213fd7,0,0,0,0,0,0,
AC42157b1,0,0,2,0,0,0,
AC4241c93,0,0,2,0,0,0,
AC42164a4,0,0,2,2,1,0,train
AC4216e2b,0,0,2,2,0,0,
AC4216a5d,1,0,0,0,0,0,
AC4216352,0,0,0,0,0,0,
AC4214170,0,0,0,0,0,3,
AC421503b,0,0,2,0,0,0,val
AC4216e16,1,1,1,0,0,0,
AC4215da2,0,0,0,0,0,0,train
AC421382f,0,0,1,0,0,0,
AC4214d46,0,0,2,2,0,0,test
AC421385b,0,0,0,0,0,0,
AC423db06,0,0,1,0,0,0,
AC421540b,0,0,2,0,0,0,
AC4215711,0,0,1,0,1,1,
AC4215e39,2,0,2,2,0,0,
AC423f02d,3,3,2,1,3,3,
AC42163fc,3,3,2,1,3,3,
AC4213ecb,0,0,2,0,0,0,
AC4215dab,0,0,0,0,0,0,
AC4213914,2,1,0,0,0,0,
AC423d4ac,2,2,0,0,0,0,
AC42156bd,0,0,0,0,0,0,
AC4215bc7,0,0,0,0,0,0,
AC42139e9,0,0,2,0,0,0,
AC423bf13,2,0,2,0,2,0,test
AC42145f4,2,0,2,0,2,0,test
AC4215523,2,0,2,0,2,0,test
AC4242dd7,0,0,0,0,0,0,train
AC4244e56,0,0,0,0,0,0,train
AC42428a4,0,0,0,0,0,0,train
AC4245221,0,0,0,0,0,0,train
AC42155a0,0,0,0,0,0,0,train
AC4214793,3,3,1,3,3,3,
AC4216475,0,0,3,0,0,0,
AC4214fa5,0,0,0,2,0,0,
AC4241dea,0,0,0,0,0,0,
AC4215c8f,0,0,0,0,0,0,
AC4215763,1,3,2,3,3,1,
AC4216617,1,1,3,3,1,3,
AC421574b,0,0,0,1,0,1,
AC423e078,0,0,1,0,0,0,
AC423e26e,0,0,1,0,0,0,
AC4245d19,0,0,1,0,0,0,
AC424109f,0,0,1,0,0,0,
AC42459eb,0,0,2,0,0,0,
AC424142e,0,0,2,0,1,0,
AC423d4ba,0,0,2,0,1,0,
AC4242898,3,3,2,3,1,3,
AC424152a,3,3,2,3,1,3,
AC423d5c8,3,3,2,3,1,3,
AC4215627,3,3,1,1,3,3,test
AC4215c0c,2,0,2,0,2,0,
AC4215e30,2,0,2,0,2,0,
AC423e781,1,1,3,3,3,2,
AC4214e6c,3,1,3,3,3,2,
AC42169f9,0,0,1,1,2,2,
AC42165ed,0,0,0,0,0,0,
AC4215bfc,0,0,0,0,0,0,
AC423e97e,0,0,0,0,0,0,
AC421557f,0,0,0,0,0,0,
AC4216ddb,2,3,1,3,3,3,
AC423cd82,2,3,1,3,3,3,
AC4213e29,2,1,2,0,0,0,val
AC4244c16,0,0,0,0,0,0,
AC423ced3,0,0,0,0,0,0,
AC4245a87,0,0,0,0,0,0,
AC423e128,0,0,0,0,0,0,
AC4240264,0,0,0,0,0,0,
AC42155bd,0,0,0,0,0,0,
AC42145f7,0,0,2,0,0,0,
AC4216e1c,0,0,2,0,0,2,
AC421481d,0,0,0,0,0,0,val
AC4214031,0,0,0,0,0,0,val
AC4215ed4,0,0,0,0,0,0,
AC4214e7b,1,1,2,0,0,2,
AC4216574,1,1,2,0,0,2,
AC4244251,0,0,2,0,0,0,test
AC4213fee,0,0,2,0,0,0,test
AC4214607,1,1,2,2,3,3,
AC4214555,0,0,0,0,0,0,
AC4216b7f,1,1,2,0,0,0,
AC4213f04,2,0,1,0,0,2,
AC421483b,2,0,2,0,0,2,
AC42146eb,0,0,0,2,0,0,val
AC421399f,0,0,2,2,0,0,
AC42169c6,0,0,2,2,0,0,
AC421381a,0,0,2,2,2,0,train
AC4216547,0,0,0,0,0,0,
AC421501b,0,0,2,0,0,0,train
AC4216af5,0,0,0,0,0,0,
AC4216caf,0,0,0,0,0,0,
AC4214700,1,1,0,1,0,0,
AC423f05d,0,0,0,0,0,2,test
AC4240e75,0,0,0,0,0,2,test
AC4214095,0,0,0,0,0,2,test
AC4213fca,0,0,2,0,0,0,
AC4216b49,0,0,1,0,0,0,test
AC423ce27,2,1,2,2,2,3,
AC4213917,2,1,2,2,2,3,
AC421576b,2,1,2,2,2,3,
AC424365e,0,0,2,0,1,0,
AC42453c2,0,0,2,0,2,0,
AC4216d22,0,0,0,0,0,0,
AC4216dfe,0,0,0,0,0,0,
AC4213980,0,0,0,0,0,0,
AC4215073,0,0,1,0,0,0,
AC4214162,0,0,2,0,0,0,
AC4213e17,1,1,2,3,3,3,
AC42157b0,0,0,2,0,0,0,
AC42147b1,0,0,2,0,0,0,
AC424396e,1,1,2,1,3,3,
AC42145ee,2,0,2,0,0,0,
AC4216c63,0,0,0,0,0,0,
AC4214773,0,0,0,0,0,0,test
AC4216b6e,0,0,0,0,0,0,
AC4240df7,0,0,2,0,0,0,
AC4241b55,0,0,2,0,0,0,
AC423c17f,0,0,2,0,0,0,
AC4243b06,0,0,2,0,1,0,
AC4216979,0,0,2,0,1,0,
AC4216e06,0,0,1,0,0,0,
AC421642b,3,3,3,3,3,1,
AC4214fa9,0,0,1,0,0,0,train
AC4215b3d,0,0,0,1,0,2,
AC42169e0,0,0,0,0,0,0,
AC4214663,0,0,0,1,0,0,val
AC4216cf1,0,0,0,0,0,0,
AC4216a13,2,0,2,0,1,0,
AC4214744,0,0,2,0,0,0,
AC4215d9f,0,0,0,0,0,0,val
AC423d2b2,0,0,1,0,0,0,
AC42164d5,3,3,3,1,3,3,val
AC4215714,0,0,2,2,0,0,
AC4213ed4,0,0,0,0,0,0,test
AC4214fb5,0,0,2,2,0,0,
AC42147d3,0,0,1,0,0,0,
AC4241db9,3,3,1,3,3,3,
AC4214870,0,0,0,0,0,0,
AC4215db3,0,0,2,0,0,0,
AC4213f14,0,0,2,0,0,0,
AC4213703,0,0,2,0,0,2,
AC4213977,2,0,0,0,0,2,test
AC42155c5,2,0,0,0,0,2,test
AC4244133,0,0,2,2,2,0,
AC4216587,0,0,2,2,2,0,
AC42140a2,0,0,2,0,0,0,
AC421508a,2,0,0,0,0,0,
AC421367f,0,0,2,0,0,3,
AC42145bb,0,0,0,0,0,0,
AC4240880,1,1,2,3,3,3,train
AC423e222,1,1,2,3,3,3,train
AC4214e11,1,1,2,3,3,3,train
AC4215750,0,0,0,0,0,0,
AC4214d4b,0,0,2,0,0,0,test
AC421366f,0,0,2,0,0,0,test
AC4216395,2,1,1,0,2,0,
AC4240313,0,0,0,0,0,0,
AC423c615,0,0,0,0,0,0,
AC4245905,0,0,0,0,0,0,
AC4213e87,0,0,0,0,0,0,
AC4213f71,0,0,0,0,0,0,
AC4241b01,0,0,2,2,0,0,
AC42139f2,0,0,2,2,0,0,
AC421627d,0,0,0,0,0,0,
AC421541d,2,0,2,0,0,0,
AC42413d9,2,0,2,0,0,0,
AC4215db8,2,0,2,0,0,0,
AC42138c9,2,1,2,3,3,3,
AC42140fa,0,0,0,0,0,0,
AC4215727,0,0,0,0,0,0,
AC4216c77,0,0,0,0,0,0,train
AC4216bec,0,0,0,0,0,0,
AC423faac,0,0,0,0,0,0,
AC423faab,0,0,0,0,0,0,
AC423e326,0,0,0,0,0,0,
AC4213ec8,0,0,1,0,0,0,
AC4216b92,2,0,2,0,0,0,
AC423bffa,0,0,2,0,0,0,
AC423c6e8,0,0,2,0,0,0,
AC4241472,2,0,2,0,0,0,
AC4215c23,2,0,2,0,0,0,
AC4216972,0,0,2,0,0,0,
AC4215688,0,0,0,0,0,0,test
AC421392a,0,0,0,0,0,0,
AC4216382,0,0,0,0,0,0,
AC4245871,1,1,0,1,0,0,
AC423c06c,1,1,0,1,0,0,
AC4240d85,1,1,0,1,0,0,
AC4215c96,1,1,0,1,0,0,
AC423f402,1,1,3,1,3,3,
AC4215779,0,0,0,0,0,0,
AC421645d,0,0,2,0,0,0,
AC4215c45,0,0,2,0,0,0,
AC42157ea,0,0,1,2,0,0,test
AC4216b17,0,0,1,0,0,0,
AC4213f1b,2,0,2,1,0,1,
AC4213de2,0,0,0,0,0,0,
AC4216318,0,0,0,0,0,0,
AC4216461,0,0,0,0,0,0,
AC42138d9,0,0,2,2,0,1,test
AC421491d,0,0,2,2,0,0,
AC42139e2,0,0,0,0,0,0,
AC42156f5,0,0,2,0,0,0,
AC42157d3,3,3,2,2,3,1,
AC4216c8c,0,0,0,0,0,0,
AC4215ec5,0,0,0,0,0,0,test
AC4214f1d,2,0,0,1,0,2,
AC4214eea,0,0,0,0,1,0,
AC4214d1a,0,0,1,0,1,0,
AC4213ec1,0,0,1,0,3,0,
AC4215460,0,0,0,0,0,0,
AC4213e2e,0,0,2,0,0,0,
AC4216d27,0,0,2,0,0,0,
AC4215e77,1,0,0,0,0,0,
AC4214ff7,1,0,0,0,0,0,
AC4213e3f,0,0,0,0,0,0,
AC4214697,0,0,0,0,0,0,
AC4213990,2,0,0,0,2,0,
AC421500b,2,3,2,1,1,1,
AC42458d0,2,0,2,0,1,0,
AC4241a1f,2,0,2,0,1,0,
AC4216c67,2,0,2,0,1,0,
AC4215cf9,0,0,0,0,0,2,val
AC42169df,2,0,0,2,1,0,
AC4216b51,1,1,1,0,1,0,
AC42162fd,1,1,2,1,1,0,
AC4216b1d,3,3,1,3,3,3,test
AC4214146,3,3,1,3,3,3,test
AC4244156,2,0,0,0,0,0,
AC421468c,2,0,0,0,0,0,
AC4215d8f,2,0,0,1,0,0,
AC421477d,1,1,3,1,3,3,
AC42140d0,1,1,2,2,1,0,test
AC42458ff,0,0,2,0,0,0,
AC42138c0,0,0,2,0,0,0,
AC4215ba7,0,0,2,0,3,0,
AC421655b,0,0,0,0,0,0,
AC4213edb,0,0,0,0,0,0,
AC4215039,2,0,2,2,0,0,test
AC4214e39,3,1,2,0,2,0,
AC4214922,0,0,0,1,0,0,
AC42136b5,0,0,2,0,0,0,test
AC4215473,0,0,0,0,0,0,train
AC4214127,0,0,0,0,0,0,
AC4216c82,0,0,1,0,0,0,test
AC42164cd,3,3,2,3,1,3,test
AC421500c,3,3,2,3,1,3,test
AC4245d6c,3,3,2,3,1,3,test
AC423e28b,3,3,2,3,1,3,test
AC4245215,3,3,2,3,1,3,test
AC421479f,1,0,1,0,2,0,train
AC421464c,0,0,0,0,0,0,
AC421699b,0,0,2,1,0,2,test
AC4215679,0,0,0,0,0,0,
AC4214e5b,0,0,3,0,0,2,
AC4215e6c,0,0,2,0,0,2,
AC4215ded,0,0,0,0,0,0,
AC42136d0,0,0,0,0,0,0,
AC4215016,0,0,0,0,0,0,test
AC4242e48,0,0,2,0,2,0,
AC4244b68,0,0,2,0,2,0,
AC4215d6e,0,0,2,0,2,0,
AC421509f,1,3,2,3,2,3,
AC423dbab,1,3,2,3,2,3,
AC421553e,0,0,0,0,0,0,
AC42146be,0,0,0,0,0,0,
AC42451d1,0,0,2,0,1,0,
AC423c7da,1,1,2,3,2,3,
AC423fd78,1,1,2,3,2,3,
AC42409de,1,1,2,3,2,3,
AC424369c,1,1,2,3,2,3,
AC4215683,1,1,2,3,2,3,
AC42163f9,0,0,0,1,0,0,
AC4241cd5,0,0,2,0,0,0,val
AC4214fe1,0,0,2,0,0,0,val
AC4214dbb,0,0,0,0,0,0,
AC42148f6,1,1,2,0,1,3,
AC4241bc1,2,2,2,1,2,2,
AC42169a2,1,0,2,0,0,2,
AC4243670,2,3,2,0,0,2,
AC424467b,2,1,2,0,0,2,
AC4215c66,2,1,2,0,0,2,
AC4215ca8,2,1,2,3,3,2,
AC4214ee5,2,3,2,2,1,1,
AC4213846,0,0,0,0,0,0,val
AC4242ead,2,0,2,2,2,0,test
AC42163ee,2,0,2,2,2,0,test
AC4242d1b,2,0,2,2,2,0,test
AC4245dda,2,0,2,2,2,0,test
AC4215de8,2,0,2,2,2,0,test
AC4216c19,1,3,3,3,3,3,
AC4214f81,0,0,0,0,0,0,
AC4216e0f,0,0,0,0,0,0,
AC4214561,0,0,0,0,0,0,train
AC421552b,0,0,0,0,0,0,
AC421487f,0,0,0,0,0,0,
AC4216e26,0,0,0,0,0,0,
AC4213f5c,0,0,0,0,0,0,
AC42148e8,0,0,0,0,0,0,
AC4214768,0,0,0,0,0,0,
AC42148ca,3,3,1,2,3,3,
AC42156f4,2,0,2,0,0,0,
AC4216d1d,1,0,2,2,0,2,
AC4245429,2,3,2,2,1,2,
AC4215019,3,3,1,2,1,3,val
AC421418d,0,0,0,0,0,1,
AC4244c0a,3,3,3,3,3,1,
AC423be4c,3,3,3,3,3,1,
AC423cd54,3,3,3,3,3,1,
AC4213fdb,2,2,2,1,1,2,
AC4215cc5,0,0,0,0,0,0,test
AC4214dda,0,0,0,0,0,2,
AC4216a26,2,1,2,3,3,3,
AC421363e,0,0,2,2,1,0,
AC4215dba,0,0,0,0,0,0,
AC4214fd1,0,0,0,0,0,0,
AC4213e10,2,0,2,2,2,0,
AC4216bfb,1,1,1,3,3,3,val
AC4215b69,2,1,3,3,2,2,
AC4214ea1,0,0,0,0,0,0,val
AC423f401,3,3,1,2,3,3,
AC4213874,2,3,1,2,2,3,
AC42155d2,3,3,2,1,3,1,test
AC4215bdf,0,0,0,0,0,0,
AC4216c00,0,0,2,2,0,0,test
AC423c113,1,1,1,0,0,0,val
AC42147e7,0,0,2,2,0,0,
AC4215719,0,0,2,0,0,1,
AC4213fcc,0,0,2,0,0,0,
AC421491e,0,0,2,0,0,0,
AC4241004,1,3,2,3,3,3,
AC4213ed2,1,1,1,3,2,3,
AC4240f12,1,1,2,3,2,3,
AC421468d,1,1,2,3,3,2,test
AC42157bf,1,1,0,0,0,0,
AC4213ec5,0,0,2,0,2,0,
AC42163c9,0,0,2,0,0,0,test
AC423ef97,1,0,0,0,0,0,
AC4214d85,1,0,0,1,0,0,
AC423fbfd,1,0,1,0,2,0,
AC421654d,1,0,1,0,2,0,
AC4214dee,3,0,1,0,2,0,
AC423db43,2,0,1,0,2,0,
AC4214fc7,0,0,0,0,0,0,test
AC4214ec5,0,0,0,0,0,0,
AC42164eb,0,0,0,0,0,0,
AC42155ac,0,0,2,0,0,0,
AC4214144,0,0,0,0,0,0,test
AC4214018,1,0,2,2,1,0,
AC4214f37,0,0,1,0,0,0,
AC423f5d3,0,0,2,0,1,0,
AC423f3d1,0,0,2,0,1,0,
AC42140c2,0,0,2,0,1,0,
AC42156da,0,0,2,0,2,0,
AC4215dd1,1,3,3,3,3,3,
AC4215407,1,0,2,0,0,0,
AC42453a1,1,0,2,0,0,0,
AC4242973,0,0,0,0,0,0,
AC4241420,0,0,0,0,0,0,
AC4242e60,0,0,0,0,0,0,
AC424082a,0,0,0,0,0,0,
AC4214df9,0,0,0,2,0,0,
AC42403ed,3,3,1,2,3,3,
AC4214112,0,0,0,0,1,0,
AC4214826,0,0,2,0,0,0,
AC421627b,2,0,2,0,2,0,
AC423ee7f,3,3,3,3,3,1,
AC421557b,3,3,3,3,3,1,test
AC4214d8c,0,0,0,0,0,0,
AC421631b,0,0,0,0,0,0,
AC42138a1,0,0,0,0,0,0,
AC4214f7a,1,0,2,0,0,0,
AC423bde6,0,0,2,0,0,0,
AC423fad0,0,0,2,0,0,0,
AC4215ee5,0,0,0,0,0,0,
AC42141a2,0,0,1,1,0,0,train
AC421461d,0,0,0,0,0,0,
AC4213f4d,1,0,2,2,1,0,test
AC4215764,2,0,2,2,2,0,test
AC4216953,0,0,0,0,0,0,
AC4216425,0,0,0,0,0,0,
AC42140c5,1,0,2,0,0,0,
AC4216c70,1,0,2,0,0,0,
AC4216ca8,0,0,2,0,2,0,
AC4213a17,1,1,1,2,3,3,
AC421393b,0,0,2,0,0,0,
AC42138b8,0,0,0,0,0,0,
AC4216c0d,0,1,0,0,0,0,
AC4215e96,0,0,0,0,0,0,
AC421500f,0,0,0,0,0,0,
AC42136d6,0,0,0,0,0,0,
AC423eea5,0,0,0,0,0,0,
AC421404e,0,0,0,0,0,0,
AC4213979,0,0,0,0,0,0,
AC42163d4,0,0,0,0,0,0,
AC42138f6,0,0,0,0,0,0,
AC4216a1e,3,3,1,3,2,3,
AC4214d42,0,0,2,2,0,0,
AC4215d85,0,0,0,0,0,0,
AC42145f6,0,0,0,0,0,0,
AC423c7bb,0,0,2,0,0,0,
AC42139f0,0,0,2,0,0,0,
AC42137ba,0,0,2,2,2,1,
AC4216619,1,3,2,2,3,3,
AC4215010,0,0,0,1,0,0,train
AC4213fb2,0,0,1,0,0,0,
AC4213f0e,0,0,2,0,0,0,test
AC4213ef2,0,0,2,0,0,0,test
AC4215d42,2,0,3,0,0,0,
AC4215ddc,1,1,2,2,3,3,
AC42426e9,1,3,2,2,3,3,
AC423e897,1,3,2,2,3,3,
AC423d2b9,1,3,2,2,3,3,
AC42452cb,1,3,2,2,3,3,
AC4215452,1,3,2,2,3,3,
AC423e9c7,1,3,2,2,3,3,
AC4245198,1,3,2,2,3,3,
AC4244795,1,3,2,2,3,3,
AC4213e95,0,0,0,0,0,0,
AC4215bdc,0,0,0,0,0,0,
AC4213967,0,0,2,0,0,0,
AC424590c,1,1,2,3,3,3,
AC421626e,0,0,0,0,0,0,
AC42137bc,0,0,0,0,0,2,
AC42421ea,0,0,0,0,0,0,
AC4214781,0,0,0,0,0,0,
AC4215db9,0,0,2,0,0,0,val
AC4214d7b,0,0,0,0,0,0,
AC4214f0b,0,0,0,0,0,0,
AC423eeae,0,0,0,0,0,0,
AC423d972,0,0,0,0,0,0,
AC424028e,0,0,2,0,1,0,
AC4242e63,0,0,2,0,1,0,
AC423cbcf,0,0,2,0,1,0,
AC4215b56,1,1,2,0,1,0,
AC4245480,1,1,2,3,1,3,
AC4214f98,0,0,0,0,0,0,
AC42140db,0,0,2,0,0,0,
AC424411b,0,0,0,0,0,0,
AC4214f95,0,0,0,0,0,0,
AC421473a,0,0,0,0,0,0,
AC421542b,3,3,1,2,3,3,
AC4215596,1,1,2,0,0,0,
AC423dce8,0,0,2,2,2,0,test
AC4214e04,0,0,2,2,2,0,test
AC4240a86,0,0,0,0,0,0,
AC423f032,0,0,0,0,0,0,
AC424094a,0,0,0,0,0,0,
AC42155a5,0,0,0,0,0,0,
AC4215c28,3,3,2,1,1,3,
AC423d353,0,0,2,0,1,0,
AC4216536,1,0,0,0,0,0,
AC4214fb1,1,0,0,0,0,0,
AC423c138,0,0,0,0,0,0,
AC42162e1,0,0,0,0,0,0,
AC42145f8,0,0,0,0,0,0,
AC423e09d,0,0,0,1,1,0,
AC4244849,0,0,0,1,1,0,
AC42145b0,0,0,0,1,1,0,
AC4243c42,0,0,0,1,1,0,
AC423e218,0,0,0,1,3,0,
AC4214729,0,0,0,3,2,0,
AC421662a,0,0,2,1,0,0,
AC421482f,0,0,0,0,0,0,val
AC4243b34,1,3,2,3,1,3,train
AC4241af0,1,3,2,3,1,3,train
AC421458e,1,3,2,3,1,3,train
AC4244e8e,1,3,2,3,1,3,train
AC4245e22,1,3,2,3,1,3,train
AC42136ce,0,0,0,0,0,0,
AC4215b39,0,0,0,0,0,0,
AC4213801,1,1,1,2,3,3,
AC42136f5,0,0,2,0,0,0,
AC421478f,0,0,0,0,0,2,test
AC421470b,3,3,2,1,2,3,
AC42140e6,0,0,1,0,0,1,
AC423d3d1,0,0,2,2,0,2,
AC421416c,0,0,0,0,0,0,test
AC4216cc3,1,1,2,1,1,0,
AC42442a1,2,2,2,2,2,0,
AC42138ff,0,0,2,0,0,0,
AC42154ab,1,3,2,3,1,3,
AC4243af2,1,3,2,3,1,3,
AC42439c6,0,0,0,0,0,0,
AC421624f,0,0,0,0,0,0,
AC423edf7,0,0,0,0,0,0,
AC423f410,1,1,2,2,1,0,
AC4215767,1,1,2,2,1,0,
AC4243f6c,1,1,2,2,1,0,
AC4244b6d,1,1,2,2,1,0,
AC4243532,1,1,2,2,1,0,
AC4241072,2,2,2,2,1,0,
AC423fb71,2,2,2,2,1,0,
AC423f687,2,2,2,2,1,0,
AC424109b,2,2,2,2,3,0,
AC4242f4e,2,2,2,2,2,0,
AC423dc16,2,2,2,2,2,0,
AC423ce2b,2,2,2,2,2,0,
AC4243301,2,2,2,2,2,0,
AC423d9a3,2,2,2,2,2,0,
AC4243a4e,2,2,2,2,2,0,
AC423f588,2,2,2,2,2,0,
AC4240d6a,2,2,2,2,2,0,
AC4214db5,3,3,1,3,1,3,
AC42434bf,0,0,0,0,0,1,
AC421553d,0,0,0,0,0,1,
AC423d9b3,0,0,0,0,0,1,
AC421578d,0,0,0,0,1,0,
AC4244e0c,2,2,0,0,0,0,
AC4214808,2,2,0,0,0,0,
AC42416a8,0,0,0,0,0,0,
AC4215b4c,0,0,0,0,0,1,val
AC4214dab,0,0,0,0,0,1,val
AC4216b46,0,0,0,0,0,1,val
AC42154cd,0,0,0,0,0,0,train
AC423f432,0,0,0,0,0,0,
AC421413f,0,0,0,0,0,0,
AC4213ec6,0,0,1,0,0,0,test
AC4216ae8,0,0,1,0,0,0,test
AC4214919,0,0,2,0,0,0,
AC4214f30,0,0,1,0,0,0,
AC4242a2d,0,0,0,0,0,0,
AC4215c3c,0,0,0,0,0,0,
AC4216b1f,0,0,0,0,0,0,
AC4216cf5,0,0,2,0,0,0,
AC421413a,0,0,2,2,0,0,
AC423e1a9,0,0,2,2,0,0,
AC42137eb,0,0,0,0,0,0,test
AC4243642,0,0,0,0,0,0,test
AC4214731,0,0,2,0,2,0,
AC42165ff,0,0,2,0,2,0,
AC4215d16,0,0,1,0,0,0,
AC4214e01,0,0,0,0,0,0,val
AC4216a7c,0,0,0,0,0,0,
AC423f3a7,0,0,2,0,0,0,test
AC4215739,0,0,2,0,0,0,test
AC421560c,0,0,2,0,0,0,test
AC4242072,0,0,2,0,0,0,
AC4215c9a,0,0,2,0,0,0,
AC4214e22,0,0,0,0,0,0,test
AC42155d5,0,0,1,0,0,0,
AC421364a,0,0,2,0,0,0,
AC42154ac,1,1,1,3,3,3,
AC423f5dd,1,1,3,1,1,3,
AC423bfc6,1,1,3,1,1,3,
AC42402ed,1,1,3,1,1,3,
AC42410e2,1,3,1,3,3,3,
AC4216aa6,1,3,2,3,3,3,
AC42155c2,0,0,2,0,0,0,
AC42148ba,0,0,2,0,0,0,val
AC42165fe,0,0,0,2,1,0,
AC42429c5,0,0,1,2,1,0,
AC423da42,0,0,1,2,1,0,
AC423c165,0,0,1,2,1,0,
AC4245293,0,0,1,2,1,0,
AC423dcd2,0,0,1,2,2,0,
AC42458eb,2,1,1,3,3,3,
AC4215b82,2,1,2,3,2,3,
AC42163be,0,0,0,0,0,0,
AC42162dc,3,3,3,3,1,3,
AC42145fc,0,0,0,0,0,0,
AC4214167,0,0,3,0,0,0,test
AC4216620,0,0,0,0,0,2,
AC4214f2f,0,0,3,2,0,0,test
AC421544f,0,0,2,2,0,0,test
AC42136a2,0,0,0,0,0,0,
AC4216add,0,0,0,0,0,0,
AC4244caa,3,3,1,3,3,3,test
AC4215790,3,3,1,3,3,3,test
AC42147b5,0,0,0,1,0,0,
AC42164fe,1,0,2,2,0,0,
AC4216c6a,0,0,0,0,0,0,
AC4214016,0,0,0,0,0,0,
AC4215bf5,0,0,0,0,0,0,test
AC4216a35,0,0,0,0,0,0,test
AC421364b,0,0,0,0,0,0,test
AC42137f1,0,0,0,0,0,0,test
AC4215d59,0,0,0,0,0,0,
AC4215766,0,0,0,2,0,0,
AC4214769,0,0,2,0,0,0,
AC4240352,1,0,1,0,1,0,
AC4216312,1,0,2,0,1,0,
AC42147ad,2,2,2,0,0,0,
AC421483e,3,3,3,3,1,3,train
AC42169ef,0,0,0,0,0,0,
AC4215ed0,1,1,2,1,1,0,
AC4216d12,0,0,0,0,0,0,
AC4214115,0,0,0,0,0,0,
AC4214d45,1,0,2,0,0,0,
AC4215dfe,0,0,0,0,0,0,train
AC4216a23,0,0,0,0,0,0,
AC4215053,0,0,0,0,0,0,
AC4214f43,1,0,2,0,2,0,
AC4214ee6,0,0,0,0,0,0,
AC4213f3a,1,1,0,0,0,0,
AC4216abb,0,0,0,0,1,0,
AC4216249,0,0,0,0,1,0,
AC42162f4,2,1,2,0,0,0,
AC4215bb7,3,3,1,3,3,3,
AC4213e48,1,1,2,3,3,2,
AC421579c,0,0,0,0,0,0,test
AC423c7fc,0,0,0,0,0,0,test
AC42156c7,0,0,0,0,0,0,
AC4213fb0,1,1,0,0,0,0,
AC42146e1,0,0,2,2,0,0,
AC42157de,0,0,0,0,0,0,
AC4214ee0,0,0,0,0,0,0,test
AC423c636,1,3,3,3,3,3,test
AC421649e,0,0,0,0,0,1,
AC421509d,0,0,0,0,0,0,
AC42163cb,1,1,2,1,1,0,
AC42148ed,1,1,2,0,2,0,val
AC42140bb,1,0,1,0,1,0,
AC423dbe8,1,3,1,1,1,3,
AC4243414,1,3,1,1,2,3,
AC423fc83,2,3,2,1,2,3,
AC423edd8,2,3,2,1,2,3,
AC4215be9,0,0,0,0,0,0,
AC4243496,0,0,0,0,0,0,test
AC4213f99,0,0,0,0,0,0,test
AC4215b78,0,0,2,1,0,0,
AC4214899,0,0,2,1,1,0,
AC42155e5,0,0,2,1,1,0,
AC42165b8,0,0,0,0,0,0,train
AC4214d4c,1,0,0,0,0,0,
AC42169aa,1,1,0,0,0,0,
AC4216bf5,0,0,2,0,1,0,test
AC4214758,1,0,1,0,0,0,
AC4216aea,0,0,0,0,0,0,
AC4216dc3,0,0,2,0,0,0,test
AC4216598,0,0,0,0,0,0,
AC4215da3,0,0,0,0,0,0,
AC421486f,0,0,0,0,0,0,
AC42148eb,0,0,0,0,0,0,test
AC423f00f,1,1,3,1,1,2,
AC423e112,1,1,3,1,1,2,
AC4214cc7,1,1,3,1,1,2,
AC421629f,0,0,0,0,0,0,
AC42165ad,0,0,1,0,0,0,
AC4216cb6,0,0,2,2,3,0,
AC4215435,0,0,0,0,0,0,
AC4213e7a,2,0,2,0,0,0,
AC4245380,2,0,2,0,0,0,
AC423ef28,2,0,2,0,0,0,
AC4243b80,2,0,2,0,0,0,
AC42429fe,3,3,3,1,3,3,
AC4242f27,0,0,0,0,0,0,
AC42165a8,0,0,0,0,0,0,
AC4214876,0,0,0,0,0,0,
AC423dcf2,0,0,0,0,0,0,
AC423f574,0,0,0,0,0,0,
AC423c5c9,0,0,0,0,0,0,
AC4213ef3,0,0,0,0,0,0,
AC4216c8b,0,0,0,0,0,0,
AC4214747,0,0,0,0,0,0,test
AC42138f4,0,0,1,0,0,0,
AC4215b44,0,0,1,0,0,0,
AC4216dea,2,1,2,2,1,0,test
AC42136bd,2,1,2,2,1,0,test
AC424537e,0,0,0,0,0,0,
AC4215d95,0,0,0,0,0,0,
AC4216532,0,0,2,1,0,0,
AC42162b3,2,0,0,0,0,0,
AC4215dd8,1,3,3,1,3,3,
AC4214051,0,0,0,0,0,0,train
AC4214e84,0,0,0,2,0,0,
AC4216b30,0,0,0,0,0,0,
AC4214801,0,0,0,0,0,0,train
AC4242976,0,0,0,0,0,0,
AC421393f,0,0,0,0,0,0,
AC42154f4,0,0,0,0,1,0,
AC4215f01,2,0,2,2,0,0,test
AC4243ca2,0,0,0,0,0,1,
AC4215bf2,0,0,0,2,0,0,
AC4213f64,0,0,0,0,0,0,val
AC424597f,0,0,0,0,0,0,val
AC424230f,0,0,0,0,0,0,val
AC4215d82,0,0,0,0,0,0,val
AC4214578,0,0,0,0,0,0,val
AC4216e10,0,0,0,0,0,0,
AC4213918,3,3,3,1,3,3,
AC4215dce,0,0,2,0,0,0,test
AC4215bee,0,0,1,0,0,0,
AC4215001,0,0,1,0,0,0,
AC421470a,0,0,0,0,0,0,
AC42145c2,1,1,2,0,2,0,
AC4213ed8,0,0,0,0,0,0,
AC4240f13,0,0,0,0,0,0,
AC4215d56,0,0,0,0,0,0,
AC42165c7,0,0,0,0,0,0,
AC4214936,0,0,0,0,0,0,
AC42164a7,0,0,0,0,0,0,test
AC4214d92,0,0,1,0,0,0,test
AC4214eed,0,0,0,0,0,0,
AC423bfd1,3,3,2,1,3,2,test
AC42163e2,3,3,2,1,3,2,test
AC4214f42,2,1,2,0,0,0,
AC4213ffd,0,0,2,0,0,0,
AC42163ba,0,0,0,0,0,0,
AC421466f,0,0,0,0,0,0,
AC4214fd0,0,0,0,1,0,0,
AC4215708,0,0,2,2,2,0,
AC4215c0e,0,0,2,2,2,0,
AC42169c4,0,0,2,2,2,0,
AC4240751,0,0,1,0,0,0,test
AC423c83b,0,0,1,0,0,0,test
AC4215608,0,0,3,0,0,0,test
AC42141b0,0,0,0,0,0,0,
AC4215f08,3,3,1,3,1,3,
AC4216b57,0,0,0,0,0,0,
AC4214e8a,0,0,2,0,0,0,
AC42407e6,0,0,0,0,0,0,val
AC423f01d,0,0,0,0,0,0,val
AC4214df1,0,0,0,0,0,0,val
AC4214fa0,0,0,0,0,0,0,val
AC4216dd0,0,0,0,0,0,0,
AC421389d,2,0,2,0,0,0,
AC421548d,0,0,2,0,0,0,
AC4215b96,0,0,0,0,0,0,
AC4213834,0,0,0,0,0,0,train
AC4216b38,3,3,2,2,3,1,
AC421479b,0,0,0,0,0,0,
AC4214f4d,0,0,0,0,0,0,
AC42433a4,0,0,0,0,0,0,
AC4215b8d,0,0,0,0,0,0,
AC4213fe0,0,0,0,0,0,0,
AC4215c14,1,0,2,1,2,1,test
AC4214fcb,0,0,0,0,0,0,
AC42162ca,0,0,0,0,0,0,
AC4215e49,0,0,0,0,0,0,test
AC4215464,0,0,0,0,0,0,
AC4213e46,0,0,0,0,0,0,
AC42165c3,0,0,0,2,0,0,
AC42140d7,0,0,0,0,0,0,
AC4242a56,3,3,3,3,1,3,
AC42165ca,3,3,3,3,1,3,
AC42141a8,0,0,0,0,0,0,test
AC421415b,0,0,0,0,0,0,test
AC4216a33,2,0,0,1,0,1,
AC421654e,0,0,0,0,0,0,
AC4214ef8,0,0,2,0,0,0,test
AC4215ba5,0,0,1,0,0,0,
AC4214e59,0,0,0,0,0,0,
AC4216ca7,2,0,1,2,2,0,
AC4214854,2,0,1,2,2,0,
AC42140e2,2,0,1,2,2,0,
AC423fde4,0,0,2,2,0,0,train
AC4243506,0,0,2,2,0,0,train
AC4215ca2,0,0,0,0,0,0,
AC4213f63,0,0,0,0,0,0,
AC4213e32,0,0,0,0,0,0,
AC4213818,0,0,0,0,0,0,
AC4214035,0,0,0,0,0,0,
AC4214f75,1,1,1,2,3,2,
AC4216bed,3,3,3,3,3,1,
AC42169d7,3,3,3,3,3,1,
AC42442a5,0,0,0,0,0,0,
AC4215de5,0,0,0,0,0,0,
AC4245307,0,0,2,2,0,0,
AC4245e51,0,0,2,2,0,0,
AC42428f6,0,0,2,2,0,0,
AC421465d,1,0,2,2,0,0,
AC423ce2e,1,3,2,2,3,3,
AC4214759,3,3,1,2,3,3,
AC4215bb3,0,0,0,1,0,0,val
AC4245a29,2,1,1,3,3,3,
AC4242d3c,2,1,2,3,3,3,
AC4214d79,0,0,0,0,0,0,
AC4240282,2,2,2,2,0,0,
AC424105e,2,2,2,2,0,0,
AC4216b47,2,2,2,2,0,0,
AC4215d29,0,0,2,1,2,0,train
AC4215480,0,0,0,0,0,0,
AC4213de3,1,1,1,0,2,0,
AC4216618,0,0,0,0,0,0,
AC421695a,0,0,2,0,2,0,
AC423c0be,0,0,0,2,0,0,
AC4214cdb,0,0,1,1,0,0,
AC421413d,0,0,3,3,0,0,
AC423d591,0,0,2,0,1,0,
AC423d63a,0,0,2,0,1,0,
AC4214024,0,0,2,0,1,0,
AC4215439,0,0,0,0,0,0,
AC4213f7e,0,0,1,0,0,1,train
AC4215b90,0,0,2,2,0,0,
AC4215485,0,0,0,0,0,0,
AC421368d,0,0,0,0,0,0,
AC42139a6,0,0,0,0,0,0,
AC42163e5,3,3,1,3,3,3,
AC4213fb8,0,0,0,2,0,0,
AC421490b,0,0,0,2,0,0,
AC423fcb4,0,0,2,0,0,0,
AC4213862,0,0,2,0,0,0,
AC42157af,0,0,1,1,1,0,train
AC421641e,0,0,0,0,0,1,
AC4214fe4,0,0,0,2,0,0,
AC42446f8,0,0,2,2,1,1,
AC4216bee,0,0,2,2,1,1,
AC421696a,0,0,0,0,0,2,
AC423c6db,2,0,2,2,2,2,
AC42147a5,2,1,2,2,2,3,
AC42154a5,0,0,2,2,0,0,test
AC4216527,0,0,0,0,0,0,
AC4214d4f,0,0,0,0,0,0,
AC421454f,0,0,2,0,0,0,test
AC4215005,0,0,2,0,0,0,test
AC4243b27,0,0,2,1,0,0,
AC42434c1,0,0,2,1,0,0,
AC424285c,0,0,2,1,0,0,
AC4241d97,0,0,2,1,0,0,
AC421629e,0,0,2,1,0,0,
AC4241a53,0,0,0,0,0,0,
AC421405e,0,0,0,0,0,0,
AC4240e93,0,0,0,0,0,0,
AC423c0fb,0,0,0,0,0,0,
AC424487d,0,0,0,0,0,0,
AC4215488,0,0,1,3,0,0,
AC423e7ad,0,0,0,0,0,0,
AC4241077,0,0,0,0,0,0,
AC42156d4,0,0,0,0,0,0,
AC4213897,1,1,1,2,0,0,
AC4216c75,2,0,2,0,0,0,
AC4215d0c,2,0,2,0,0,0,
AC4216c80,2,3,2,1,3,3,
AC4213f29,1,3,3,3,3,3,
AC4213de6,2,1,2,0,0,0,
AC423fb74,0,0,0,0,0,0,
AC423e35e,0,0,0,0,0,0,
AC4213e36,0,0,0,0,0,0,
AC4214ea4,0,0,2,0,0,0,
AC4213717,0,0,0,0,0,0,
AC4216d11,0,0,0,0,0,0,
AC421394d,0,0,0,2,0,0,
AC421570b,0,0,2,0,1,0,test
AC4213fc5,1,3,1,1,1,1,
AC4215cbc,1,3,1,1,1,1,
AC4244159,2,0,0,0,0,1,
AC423ef48,2,0,0,0,0,1,
AC4214134,2,0,0,0,0,1,
AC42440df,0,0,1,0,0,0,
AC4244b8a,0,0,1,1,0,0,
AC42154b3,0,0,1,1,0,0,
AC421399c,2,0,0,0,0,0,
AC423e7e3,2,0,0,0,0,0,
AC4215579,2,0,0,0,0,0,
AC421395d,0,0,2,2,0,0,
AC42148b1,2,3,2,1,3,3,
AC4214f1a,2,1,0,0,0,0,
AC423efa5,2,1,0,0,0,0,
AC423ce33,2,1,0,0,0,0,
AC4240e99,2,2,0,0,0,0,
AC4240e7c,2,2,0,0,0,0,
AC4213e59,0,0,0,0,0,0,
AC42420ae,1,1,2,1,3,1,
AC421403e,0,0,1,1,0,0,
AC4216b0e,0,0,0,0,0,0,
AC4214f58,0,0,0,0,0,0,
AC4216307,0,0,0,0,0,0,
AC42164d2,0,0,1,0,0,0,
AC4214129,0,0,0,0,0,0,
AC424100a,1,0,2,0,0,0,
AC4216baf,1,0,2,0,0,0,
AC423dc0d,2,0,2,0,0,0,
AC4215458,0,0,0,0,0,0,val
AC421626f,0,0,1,0,0,0,val
AC42400b1,0,0,1,0,0,0,val
AC424225c,0,0,1,0,0,0,val
AC42165d9,0,0,0,0,0,0,
AC42140df,1,0,3,3,0,0,
AC421385c,0,0,0,0,0,0,
AC423c536,0,0,1,0,0,0,test
AC4215c2e,0,0,1,0,0,0,test
AC4213ffa,0,0,1,0,0,1,
AC421412b,3,3,2,3,3,1,
AC4213f37,0,0,0,0,0,0,
AC42139ef,0,0,0,0,0,0,
AC4245379,0,0,2,1,0,0,test
AC42426d4,0,0,2,2,0,0,test
AC4215770,0,0,2,2,0,0,test
AC42137b1,0,0,0,0,0,0,
AC423ed16,1,0,0,0,0,0,
AC4216dcd,1,0,1,1,0,0,test
AC4215716,2,3,2,2,1,3,test
AC421384f,0,0,0,2,0,0,
AC4244dd7,0,0,0,2,0,0,
AC4245ab0,1,1,2,2,3,3,
AC4216c27,3,1,2,2,3,3,
AC4216dbb,0,0,0,0,0,0,
AC421363f,3,0,1,0,0,1,
AC423e1e8,2,3,1,1,1,3,
AC4215525,0,0,1,1,0,0,
AC4216989,1,0,2,0,0,2,train
AC4213f03,0,0,0,0,0,0,
AC4215b6b,3,3,1,3,3,3,
AC4215efa,0,0,0,0,0,0,
AC4245c9e,2,0,2,2,1,0,
AC4215edf,2,1,2,2,2,3,
AC4216c43,0,0,0,0,3,0,train
AC423bee5,0,0,0,0,0,0,
AC42147d4,0,0,0,0,0,0,
AC4244bdb,0,0,0,0,0,0,
AC4215737,0,0,0,0,0,0,
AC4214749,0,0,0,0,0,0,
AC4214e7e,0,0,0,0,0,0,
AC4244b65,0,0,0,0,0,0,
AC423e840,0,0,0,0,0,0,
AC421391c,3,3,1,1,3,3,
AC4215d40,0,0,0,0,0,0,
AC4213693,0,0,2,0,0,0,
AC42155d7,0,0,0,1,0,0,val
AC421644b,0,0,0,0,0,0,
AC4215eaf,0,0,1,0,0,0,train
AC42162cc,0,0,1,0,0,0,train
AC4216c7b,0,0,0,0,0,0,
AC42454af,0,0,2,0,0,0,
AC4244efa,0,0,2,0,0,0,
AC4215e7d,0,0,2,0,0,0,
AC4215dc9,0,0,2,0,0,0,
AC4215020,0,0,1,0,0,0,
AC4215ef3,0,0,0,0,0,0,
AC4215d04,0,0,0,0,0,0,
AC4216605,1,1,2,1,3,3,
AC4214125,0,0,0,0,0,0,
AC4216c1f,0,0,0,0,0,0,
AC4216548,0,0,1,1,1,0,
AC4215d2b,3,3,1,2,1,3,
AC423cc8b,3,3,3,2,1,3,
AC424463b,0,0,0,0,0,0,
AC4216cf3,0,0,0,0,0,0,
AC4216e2a,0,0,0,1,0,0,
AC4214086,0,0,0,0,0,0,
AC4213655,1,0,2,0,0,2,
AC421391d,2,0,2,2,0,0,val
AC4216a28,0,0,0,0,0,0,
AC42136ef,0,0,0,0,0,0,
AC421413c,0,0,0,0,0,0,
AC4213e41,0,0,0,0,0,0,
AC4213725,1,3,2,3,2,3,
AC421624e,0,0,1,0,0,0,train
AC421659f,1,0,1,0,0,0,
AC42148e4,0,0,0,0,0,0,
AC423dfdf,0,0,2,0,0,0,
AC4216d04,0,0,2,0,0,0,
AC4216c4e,0,0,3,0,0,0,
AC4213e1c,0,0,3,0,1,0,train
AC42157ad,0,0,0,0,0,0,
AC42157a1,0,0,0,0,0,0,val
AC424154a,0,0,2,2,0,0,
AC42413f5,0,0,2,2,0,0,
AC423dc10,0,0,2,2,0,0,
AC4215cda,0,0,2,2,0,0,
AC423ed2e,1,0,1,2,0,0,train
AC423d635,1,0,1,2,0,0,train
AC423fd75,1,0,1,2,0,0,train
AC42428fc,1,0,1,2,0,0,train
AC4245d63,3,0,1,2,0,0,train
AC4240349,2,0,1,2,0,0,train
AC42403d0,2,0,1,2,0,0,train
AC423f47e,2,0,1,2,0,0,train
AC423ed53,2,0,1,2,0,0,train
AC4244bc0,2,0,1,2,0,0,train
AC4242754,2,0,2,2,0,0,train
AC4240f74,2,0,2,2,0,0,train
AC42169f0,2,0,2,2,0,0,train
AC4215de7,0,0,0,0,0,0,val
AC4242d93,0,0,0,0,0,0,val
AC4215d3b,0,0,0,0,0,0,
AC42141b6,0,0,0,0,0,0,
AC423ede0,0,0,0,0,0,0,test
AC424238c,0,0,0,0,0,0,test
AC4242fbe,0,0,0,0,0,0,test
AC421491a,0,0,0,0,0,0,test
AC421480e,0,0,0,0,0,0,test
AC423c109,3,0,1,0,0,0,
AC4242da8,2,0,1,0,0,0,
AC4215e72,2,0,2,0,0,0,
AC421365b,0,0,0,0,0,0,
AC4216b20,0,0,3,0,0,0,
AC4240ad8,1,1,2,0,0,0,test
AC4241046,1,1,2,0,0,0,test
AC4240f78,1,1,2,3,3,3,test
AC4245c82,1,1,2,3,3,3,test
AC4242279,1,1,2,3,3,3,test
AC424479f,1,1,2,3,3,3,test
AC4215759,1,1,2,3,3,3,test
AC4214f3e,0,0,0,0,0,0,
AC4242dd9,0,0,0,0,0,0,test
AC42454ed,0,0,0,0,0,0,test
AC4215de0,0,0,0,0,0,0,test
AC42157e4,0,0,0,0,0,1,
AC42165e2,0,0,0,0,0,1,
AC42157ae,0,0,0,0,0,1,
AC424481b,1,3,3,2,3,3,val
AC423e240,1,3,3,2,3,3,val
AC4215671,1,3,3,2,3,3,val
AC42422b0,1,3,3,2,3,3,val
AC4215dbb,0,0,2,0,0,0,
AC4213677,0,0,2,2,2,0,
AC4214d8b,0,0,0,0,0,1,train
AC4214eab,0,0,2,0,0,0,
AC4216a2d,0,0,0,0,0,0,test
AC4215c1c,0,0,3,1,0,0,
AC42154ca,0,0,3,0,0,0,
AC42157b5,0,0,0,0,0,0,
AC42422d8,3,3,2,2,1,3,
AC4215008,3,3,2,2,1,3,
AC4215c3b,0,0,0,0,0,0,
AC42147f0,0,0,2,0,0,0,
AC42156b1,0,0,0,0,0,0,
AC4214dfe,0,0,0,0,0,0,
AC4215ef8,0,0,0,0,0,0,val
AC4216997,0,0,0,0,0,0,
AC4213dec,0,0,0,0,0,0,
AC4215b8b,3,0,2,0,0,0,train
AC4242264,0,0,0,0,0,0,
AC4216df0,0,0,0,0,0,0,
AC4214072,1,3,3,3,3,3,
AC4216a11,1,3,2,3,3,3,
AC42148b5,3,0,2,0,0,0,
AC42140a1,0,0,0,0,0,0,
AC42136bb,0,0,0,0,0,0,
AC4215db2,0,0,0,0,1,0,val
AC4216ca0,0,0,0,0,0,0,
AC423fcfb,1,3,2,2,1,3,
AC423c7ef,1,3,2,2,2,3,
AC42157c9,1,1,1,0,0,0,
AC423f0c8,1,0,2,0,0,2,
AC4214d7a,2,0,2,1,0,2,
AC42138f8,1,1,1,1,1,3,
AC423cbde,1,0,3,1,0,0,train
AC42147a2,2,0,2,1,0,0,train
AC4216c4b,2,0,2,2,0,0,train
AC4215517,0,0,0,0,0,0,
AC42146a1,0,0,0,0,0,0,val
AC423be54,0,0,0,0,0,0,
AC4216a53,0,0,0,0,0,0,
AC4215bc2,3,3,2,2,2,0,
AC4215c48,0,0,0,0,0,0,test
AC4242f39,0,0,0,0,0,0,
AC4215b3a,0,0,0,0,0,0,
AC4216ded,0,0,0,0,0,0,
AC4241de8,0,0,0,0,0,0,
AC4216403,0,0,2,0,0,0,
AC4215eb6,1,1,1,1,3,3,
AC4213a23,0,0,0,2,0,0,
AC4216b45,1,0,3,3,0,0,
AC4243459,3,0,2,2,0,0,
AC4214833,0,0,3,0,0,0,
AC4214e9e,0,0,2,0,0,0,
AC4243663,0,0,2,0,0,0,
AC424469c,0,0,2,0,0,0,
AC423cc94,0,0,2,2,0,0,
AC4214d15,0,0,0,0,0,0,
AC4216d03,1,0,0,0,0,0,
AC4216df8,1,0,0,0,0,0,
AC4214906,0,0,2,0,0,0,val
AC4214734,0,0,0,0,0,0,
AC4213fc4,2,0,2,0,1,0,
AC42148ae,1,1,2,1,0,1,
AC4215498,0,0,0,3,3,0,
AC4214d82,0,0,0,2,2,0,
AC4216c6f,0,0,0,2,2,0,
AC42139e7,0,0,0,0,0,1,train
AC42145f2,3,3,2,2,1,3,
AC42162b5,3,0,2,2,0,0,
AC424146f,0,0,2,1,0,0,val
AC421381d,0,0,2,1,0,0,val
AC421508c,3,3,1,3,1,3,test
AC4216467,1,0,2,2,0,1,
AC42148bb,0,0,0,0,0,0,
AC421505f,3,0,0,0,0,0,
AC4213952,3,0,3,0,0,0,
AC4215bf6,0,0,0,0,0,0,
AC42442be,1,0,0,0,0,1,
AC4213f9c,1,0,0,0,0,1,
AC42163af,0,0,2,0,1,1,
AC424359f,0,0,2,0,1,2,
AC42434ec,0,0,2,0,2,2,
AC4215b91,1,3,1,3,3,3,
AC4214606,1,1,1,1,1,0,
AC4214e55,0,0,0,0,0,0,train
AC4243345,0,0,0,0,0,0,train
AC421661c,0,0,0,0,0,0,
AC423e38d,0,0,1,0,0,0,
AC42446bc,3,3,3,1,3,1,val
AC4214e02,2,0,1,0,0,1,
AC4215704,0,0,2,0,0,0,
AC4214014,0,0,0,0,0,0,test
AC42164f6,1,1,1,1,0,2,
AC421628e,0,0,2,0,1,3,
AC4213eb8,0,0,2,0,1,2,
AC423da27,1,1,1,0,0,2,
AC4214068,1,1,1,3,3,2,
AC423d4cb,1,1,1,3,3,2,
AC4214d97,0,0,0,0,0,0,
AC423f43c,0,0,0,0,0,0,test
AC4214d61,0,0,0,0,0,0,test
AC42140e8,0,0,0,0,0,0,
AC4214012,0,0,1,0,0,0,
AC421501c,0,0,0,0,0,0,
AC4214708,0,0,0,0,0,0,
AC421506a,3,3,1,3,3,3,
AC4216350,0,0,2,0,0,0,
AC424088e,1,0,0,0,0,2,
AC423ea22,1,0,0,0,0,2,
AC4245334,3,0,0,0,0,2,
AC421543e,2,0,0,0,0,2,
AC423fc72,2,0,0,0,0,2,
AC42138e1,1,3,1,1,1,3,
AC4215668,2,0,2,0,0,0,
AC4216535,0,0,0,0,0,0,
AC4216985,0,0,0,0,0,0,
AC4214f66,0,0,0,1,0,0,
AC424539b,0,0,0,0,0,0,test
AC4245175,0,0,0,0,0,0,test
AC423d647,0,0,0,0,0,0,test
AC4216c36,0,0,0,0,0,0,test
AC4214d39,0,0,1,0,0,0,val
AC4213de9,0,0,3,0,0,0,
AC4216dcf,0,0,3,0,0,1,test
AC4215559,0,0,0,0,0,0,
AC4240dc0,1,3,2,3,3,3,train
AC4214fc0,1,3,2,3,3,3,train
AC4215bd9,0,0,0,0,0,0,
AC4216568,0,0,2,2,0,0,test
AC4215503,1,0,2,2,2,0,
AC421635c,1,0,2,2,2,0,
AC421509a,0,0,0,0,0,0,
AC4213e03,0,0,0,0,2,0,val
AC421544b,0,0,0,0,0,0,
AC4215db1,1,3,2,1,1,3,
AC4216621,0,0,0,0,0,0,train
AC4216c74,0,0,0,0,0,0,
AC4213f52,0,0,3,0,0,0,
AC4216e0a,1,3,2,2,2,3,
AC42145e9,3,0,3,0,0,0,
AC423d2e8,2,0,2,0,0,1,
AC4214686,0,0,0,0,0,0,
AC423d517,0,0,0,0,0,0,
AC421383a,0,0,0,0,0,0,
AC423ef56,1,0,1,0,0,0,test
AC4244d8f,1,0,1,0,0,0,test
AC424403f,0,0,0,2,0,0,
AC4215cf7,0,0,0,2,0,0,
AC4215d9a,0,0,0,0,0,0,
AC4216e08,0,0,0,0,0,0,
AC4216625,3,3,1,3,3,3,test
AC4215d32,0,0,0,0,0,0,
AC4215056,0,0,0,0,0,0,
AC4216434,0,0,2,0,0,0,
AC4215502,0,0,2,0,0,0,
AC4216589,0,0,0,0,0,0,
AC42414d8,3,3,3,3,1,3,test
AC4240828,3,3,3,3,1,3,test
AC4216b9a,0,0,0,0,0,0,train
AC423fb6f,0,0,2,2,2,0,
AC4243063,1,3,2,2,2,3,
AC421467a,1,3,2,2,2,3,
AC42415b9,1,3,2,2,2,3,
AC4216a60,0,0,0,0,0,0,
AC42138b3,0,0,0,0,0,0,
AC4214fc9,0,0,2,0,0,0,
AC421478a,0,0,0,0,0,0,
AC4215b37,0,0,0,0,0,0,
AC42145f0,0,0,2,2,1,0,
AC42441be,0,0,2,2,0,0,
AC42139a3,0,0,0,0,0,0,train
AC424478f,2,0,2,2,3,0,
AC42139a8,2,0,2,2,2,0,
AC4214eb4,0,0,3,0,0,0,val
AC421414c,3,3,1,3,3,3,
AC4214fcd,1,0,0,0,0,0,test
AC4215c3a,0,0,1,2,0,1,val
AC42146b6,0,0,0,0,0,0,
AC4213953,0,0,0,0,0,0,val
AC421368b,0,0,2,2,1,0,
AC42407da,0,0,2,0,0,0,
AC424305d,0,0,2,0,0,0,
AC421556b,0,0,2,0,0,0,
AC421481f,2,0,0,0,0,0,
AC421506f,0,0,0,0,0,0,
AC4242f7e,3,3,2,1,3,3,
AC4215486,1,1,1,3,1,1,
AC42441c3,2,2,1,3,1,1,
AC4244667,2,2,1,3,1,1,
AC423ea07,2,2,1,3,1,1,
AC4214e1a,0,0,0,0,0,0,val
AC4213e4c,0,0,1,0,0,0,train
AC4216ad2,3,3,1,3,3,3,train
AC4213652,0,0,3,0,0,0,
AC423e99d,0,0,0,0,0,0,
AC4213df9,0,0,0,0,0,0,
AC4216da6,0,0,1,0,0,0,
AC4215c6e,3,3,1,3,3,3,
AC4213894,0,0,1,0,0,0,test
AC4215c39,0,0,3,0,0,0,
AC42162d1,0,0,2,1,0,0,
AC4216baa,0,0,2,1,0,0,
AC4214d48,0,0,2,0,0,0,
AC4214dcf,0,0,0,0,0,0,
AC423d3b5,0,0,1,0,0,0,
AC4241bcc,0,0,1,0,0,0,
AC42409b7,0,0,1,0,0,0,
AC4243fe9,0,0,1,0,0,0,
AC4240ab5,0,0,1,0,0,0,
AC4216dba,0,0,1,0,0,0,
AC42459d5,0,0,3,0,0,0,
AC423f484,0,0,2,0,0,0,
AC423f45e,0,0,2,0,0,0,
AC421648e,3,3,2,3,1,2,
AC42148d3,3,0,1,0,0,0,
AC4214776,0,0,0,0,0,0,test
AC4214557,0,0,2,2,0,2,
AC4216d0a,0,0,2,0,0,0,
AC42169c9,0,0,2,0,2,0,
AC4216346,0,0,2,0,0,0,
AC421488f,0,0,0,0,2,0,
AC4215b3f,0,0,0,0,0,0,
AC4215e95,0,0,0,0,0,0,
AC4214e5a,1,0,1,0,0,0,
AC42442bd,1,0,0,0,0,0,
AC4213805,1,0,0,0,0,0,
AC423cf26,2,0,0,0,0,0,
AC4214040,3,3,1,2,3,3,
AC4214828,0,0,1,1,0,0,
AC42147eb,0,0,2,0,0,0,val
AC4214164,0,0,0,0,0,0,
AC42145a5,1,1,1,3,3,3,
AC42414ec,0,0,0,0,0,0,
AC4214122,0,0,0,0,0,0,
AC4214e2d,3,3,2,3,1,2,
AC4214847,0,0,0,0,0,0,
AC421472e,0,0,0,0,0,0,
AC42136fa,0,0,0,0,0,0,
AC4216971,3,3,1,3,3,3,
AC42148a3,0,0,0,0,0,0,val
AC4215b23,0,0,3,3,0,0,
AC423c01a,2,0,2,2,0,0,
AC4214028,2,0,2,2,0,0,
AC421556e,0,0,1,0,0,0,
AC4215d33,0,0,0,0,0,0,
AC4214dcd,3,1,3,3,3,3,
AC42136c3,0,0,0,0,0,0,
AC4244caf,0,0,0,0,0,0,
AC42137c9,0,0,0,0,0,0,
AC42165e7,0,0,1,0,0,0,
AC4216c31,0,0,1,0,0,0,
AC4215425,0,0,1,0,0,0,
AC4216a1f,3,3,3,3,3,1,
AC421556c,2,0,2,0,0,0,val
AC4214fe7,2,3,2,1,3,3,val
AC4216af3,0,0,0,0,0,0,test
AC4215b38,1,0,0,0,0,0,test
AC4216aae,0,0,0,0,0,0,
AC423cc44,0,0,3,1,0,0,
AC423d557,0,0,2,1,0,0,
AC4216bd5,0,0,2,1,0,0,
AC421383e,0,0,0,0,0,0,
AC4241dd2,3,3,2,1,3,3,
AC4241df3,3,3,2,1,3,3,
AC424158a,3,3,2,1,3,3,
AC4215454,3,3,2,1,3,3,
AC4216afb,0,0,0,0,0,0,
AC42447f9,0,0,0,0,0,0,
AC4242d07,0,0,0,0,0,0,
AC4216b41,0,0,0,0,0,0,
AC4215cd7,3,3,3,1,3,3,
AC4216dd8,0,0,0,0,0,0,
AC4213f73,0,0,0,0,0,0,
AC423d289,0,0,2,0,0,0,
AC4216b4d,0,0,2,0,0,0,
AC4215569,0,0,0,0,0,0,train
AC4214920,0,0,2,0,0,0,
AC4214717,0,0,0,0,0,0,val
AC4241aa8,0,0,0,0,0,0,
AC4240f5b,0,0,0,0,0,0,
AC42164fb,0,0,0,0,0,0,
AC42162c2,1,3,1,3,3,3,
AC42157e3,3,0,3,3,0,0,
AC4214779,0,0,0,0,0,0,
AC4241d14,2,0,0,0,0,0,
AC4216e1e,2,0,0,0,0,0,
AC4216d1c,0,0,0,0,0,0,
AC421416b,1,1,2,3,2,1,
AC42136b7,0,0,2,0,1,0,
AC421553f,0,0,1,1,0,0,
AC4215468,0,0,0,0,0,0,
AC4214e05,0,0,0,0,0,0,
AC4214fb0,0,0,0,0,0,0,
AC4216389,0,0,0,0,0,0,
AC4215c49,1,3,2,3,3,1,
AC421643c,0,0,0,0,0,0,test
AC4216252,0,0,0,0,1,0,
AC4214083,0,0,3,1,0,1,
AC4213ea2,0,0,2,0,0,0,
AC4216b6a,0,0,0,0,0,0,
AC4214ef4,0,0,2,0,0,0,
AC4216b6b,0,0,0,0,0,0,
AC421389b,2,3,2,3,1,3,
AC4214da9,0,0,1,1,0,0,
AC4214641,0,0,2,0,0,0,
AC4215659,0,0,3,2,0,0,test
AC421489f,0,0,0,2,0,0,
AC4241b09,0,0,0,2,0,0,
AC4216cea,0,0,0,0,0,0,test
AC4214fc5,0,0,0,0,0,0,
AC4216b53,0,0,0,0,0,0,
AC4213eaf,0,0,0,0,0,0,
AC4215de2,0,0,0,0,0,0,
AC4215dbd,2,1,0,0,0,1,val
AC4244c09,0,0,2,0,0,0,val
AC4213f26,1,3,3,3,3,3,
AC4215bd6,0,0,0,0,0,0,
AC4215081,1,1,2,1,2,2,
AC4215034,0,0,0,0,0,0,
AC4216bf6,3,3,1,3,3,1,test
AC421699d,1,1,0,2,0,0,
AC4215cc2,1,1,0,0,0,0,
AC4245a47,3,1,1,0,0,1,
AC4215c44,2,1,1,3,3,2,
AC421467d,0,0,0,0,0,0,
AC4216272,1,0,1,0,0,0,test
AC421560b,1,1,2,2,0,0,
AC4216458,2,0,2,2,0,0,
AC421546e,0,0,0,0,0,0,
AC42401b6,3,3,3,3,1,3,
AC4216a8f,3,3,3,3,1,3,
AC4214597,0,0,1,2,2,0,
AC4215b26,0,0,0,0,0,0,
AC423f603,1,1,2,2,0,0,train
AC423e01e,1,1,2,2,0,0,train
AC4213e54,1,1,2,2,0,0,train
AC4216cde,0,0,0,0,0,0,
AC421630f,0,0,1,0,0,0,
AC4215b34,1,1,1,1,1,1,
AC421628d,0,0,0,0,0,0,
AC42140f7,0,0,0,0,0,0,
AC42156a9,3,3,1,3,3,3,
AC4214707,0,0,2,0,2,0,
AC423db72,3,3,1,3,3,3,train
AC423e2ae,3,3,1,3,3,3,train
AC42146b4,1,1,0,0,0,0,
AC42400ec,1,1,0,0,0,0,
AC423d4cf,1,1,0,0,0,0,
AC42156bf,0,0,0,0,1,0,
AC421573b,0,0,1,1,0,0,
AC4214ea5,0,0,1,2,0,0,
AC4214598,0,0,1,0,0,0,
AC4215bed,0,0,3,0,0,0,
AC42148a1,1,1,2,3,3,3,
AC4213876,0,0,0,0,0,0,
AC4214f69,1,0,0,0,0,0,
AC421567e,2,3,1,3,3,3,
AC421550d,0,0,2,0,0,0,
AC4215ead,0,0,2,0,0,0,
AC42453fa,0,0,0,0,0,0,test
AC4216e0c,0,0,0,0,0,0,test
AC4214634,0,0,1,0,0,0,
AC42169d6,1,0,2,0,0,0,
AC4213e09,0,0,1,0,0,0,
AC4215ef5,1,0,2,2,0,0,
AC42448f9,1,0,2,2,0,0,
AC4215bf3,0,0,2,0,0,0,
AC42146c5,0,0,0,0,0,0,val
AC42137f8,0,0,0,0,0,0,
AC424284d,0,0,0,0,0,0,val
AC421466d,0,0,0,0,0,0,val
AC4215cf0,0,0,0,0,0,0,
AC4215e94,0,0,2,0,0,0,
AC4214830,0,0,0,0,0,0,train
AC4214720,0,0,0,0,0,0,
AC4213eeb,0,0,0,0,0,0,
AC4216b5e,1,0,0,0,0,0,
AC4241598,0,0,0,0,0,0,
AC4245b0a,0,0,0,0,0,0,
AC42157d7,0,0,0,0,0,0,
AC42140e5,0,0,2,0,0,2,
AC4214f36,1,1,2,3,3,3,
AC4214dae,0,0,0,0,0,0,
AC4214800,3,3,2,1,3,3,
AC4216cc4,3,3,2,1,3,3,
AC4216da4,3,3,1,3,3,3,
AC423c0b1,0,0,0,0,0,0,
AC4245dc1,0,0,0,0,0,0,
AC42430a6,0,0,0,0,0,0,
AC421642c,0,0,0,0,0,0,
AC4216319,0,0,0,0,0,0,test
AC4213e71,0,0,0,0,0,0,
AC4240dda,0,0,2,0,0,0,
AC4215653,0,0,2,0,0,0,
AC4213e1b,2,0,0,0,0,0,test
AC42141a6,0,0,0,0,0,0,
AC421505e,0,0,0,0,0,0,test
AC4216445,0,0,0,0,0,0,
AC424277f,0,0,3,0,0,0,
AC4215d17,0,0,2,0,0,0,
AC4215e37,1,0,2,2,0,0,
AC4243577,0,0,0,0,0,0,
AC423da6f,0,0,0,0,0,0,
AC423ea40,0,0,0,0,0,0,
AC4240420,0,0,0,0,0,0,
AC42435ec,0,0,0,0,0,0,
AC423e070,0,0,0,0,0,0,
AC4214ebf,0,0,0,0,0,0,
AC4215d8c,1,1,1,1,3,3,
AC423ccfc,1,1,1,1,3,3,
AC423e2c5,1,1,1,1,3,3,
AC4213671,0,0,1,0,0,0,
AC42145b1,2,3,2,2,1,3,train
AC4214160,1,1,2,3,3,3,
AC423c605,1,1,2,3,3,3,
AC423c0db,1,1,2,3,3,3,
AC4215518,0,0,0,0,0,0,
AC42148e9,0,0,1,0,0,0,val
AC423f6a7,0,0,0,0,0,1,
AC4215ca3,0,0,0,0,0,1,
AC4241bac,0,0,0,0,0,2,
AC4243b4a,0,0,0,0,0,2,
AC42454d1,0,0,0,0,0,0,
AC421541f,0,0,0,0,0,0,
AC4216bba,0,0,0,0,0,0,
AC4215098,0,0,0,0,0,0,
AC42156e0,0,0,0,0,0,0,
AC42139c7,0,0,0,0,0,0,train
AC421474a,0,0,0,0,0,0,
AC4214703,0,0,0,0,0,0,
AC4245cbc,2,1,2,3,3,3,
AC4214076,2,1,2,3,3,3,
AC42156c6,0,0,0,0,0,0,val
AC4215ef0,0,0,2,0,2,0,
AC424491a,3,3,1,3,3,3,
AC421697f,3,3,1,3,3,3,
AC4245d1e,3,3,1,3,3,3,
AC4216327,1,1,0,0,0,0,
AC4213eda,1,1,3,3,3,3,
AC423e978,0,0,0,0,0,0,
AC4213826,0,0,0,0,0,0,
AC4214f48,0,0,0,0,0,0,
AC4214f35,0,0,0,0,0,2,
AC4215532,1,1,0,0,0,0,
AC4216cae,0,0,2,3,0,0,
AC4215c00,1,3,2,3,2,3,
AC423ccda,1,3,1,2,1,3,
AC423e735,1,3,1,2,1,3,
AC423ef0c,1,3,1,2,1,3,
AC42435cc,0,0,1,0,0,0,
AC42459a6,0,0,2,0,0,0,
AC4214e53,3,3,1,3,3,3,
AC4244cd7,1,1,2,2,1,3,test
AC4214795,3,1,2,2,2,3,test
AC4240f21,2,1,2,2,2,3,test
AC423cbce,1,1,1,1,0,0,
AC421551a,1,1,1,1,3,3,
AC4216d2c,0,0,0,2,0,0,train
AC4213721,0,0,0,0,0,0,
AC4215b2b,0,0,0,0,0,0,
AC42164fa,1,1,2,0,2,0,
AC421479a,0,0,0,0,0,0,
AC423fdcb,0,0,0,0,0,0,
AC4214de0,0,0,0,0,0,0,
AC4216595,0,0,2,0,1,1,train
AC42156ae,0,0,0,0,0,0,
AC42140b4,0,0,3,0,0,0,
AC42155a7,0,0,0,0,0,0,
AC421459e,0,0,0,0,0,0,test
AC424519b,0,0,1,2,0,0,
AC423fbc4,0,0,1,2,0,0,
AC423d311,0,0,1,2,0,0,
AC4240f19,0,0,1,2,0,0,
AC4242847,0,0,1,2,0,0,
AC4213e15,0,0,2,2,0,0,
AC423c70b,1,0,2,0,2,0,
AC423fdc9,2,0,2,0,2,0,
AC4215620,2,0,2,0,2,0,
AC4213fba,0,0,0,0,0,0,
AC4244641,0,0,0,2,0,0,
AC4215e71,0,0,0,2,0,0,
AC421559f,1,1,2,0,0,0,train
AC42164d0,1,3,2,1,1,3,train
AC4216ba7,0,0,0,0,0,0,
AC4216b36,0,0,0,2,0,0,
AC4243a59,0,0,0,2,0,0,
AC4213661,0,0,0,0,0,0,
AC4214eff,2,0,2,2,2,0,
AC4213fa4,3,3,2,2,3,1,
AC4244e79,1,1,2,3,2,2,
AC4214f9b,0,0,1,0,0,0,
AC42426ae,0,0,0,0,0,0,
AC423ea3f,0,0,1,0,0,0,
AC4243523,0,0,1,0,0,0,
AC4244c72,3,3,1,3,3,3,
AC4243a0f,3,3,1,3,3,3,
AC4216289,3,3,1,3,3,3,
AC4216c71,0,0,0,0,0,0,
AC423cea7,0,0,2,0,0,0,test
AC421474c,1,0,2,0,1,0,
AC4213f4e,0,0,0,0,0,0,val
AC4215007,0,0,0,0,0,0,
AC423c716,0,0,0,0,0,0,
AC4216a77,0,0,0,0,0,0,
AC4216c02,0,0,2,0,0,0,
AC4216cc9,0,0,0,0,0,0,val
AC4241a52,0,0,0,0,0,0,val
AC42163fd,0,0,2,2,0,0,
AC4213681,0,0,1,0,1,1,
AC423db6a,1,1,1,3,3,3,
AC4215b7c,1,1,1,3,3,3,
AC4216c58,0,0,0,0,0,0,test
AC4241007,0,0,0,0,0,0,
AC42439c8,0,0,0,0,0,0,
AC4215726,0,0,0,0,0,0,
AC4214dd5,0,0,0,0,0,0,
AC423bf88,0,0,0,0,0,0,
AC4214664,0,0,0,0,0,0,
AC4214e42,0,0,1,0,0,0,
AC42428c8,0,0,2,0,0,0,train
AC4244ba4,0,0,2,0,0,0,train
AC423e6cf,0,0,2,0,0,0,train
AC4216c45,0,0,0,0,0,0,
AC423fd3f,1,1,2,2,2,2,
AC423e8fe,1,1,2,2,2,2,
AC42453b8,0,0,0,0,0,0,
AC4245c6a,0,0,0,0,0,0,
AC4216db9,0,0,0,0,0,0,
AC421552d,0,0,0,0,0,0,
AC4214603,0,0,0,0,0,0,
AC421364e,3,1,1,1,1,1,
AC42145a4,0,0,1,0,0,0,val
AC42136af,2,3,2,3,1,2,
AC423c70d,1,1,3,2,3,3,val
AC4242fcd,1,1,3,2,3,3,val
AC42145af,1,1,3,2,3,3,val
AC4215d78,1,0,0,0,0,0,
AC421632f,3,3,2,2,1,3,
AC4213f78,0,0,0,0,0,0,
AC42403cc,0,0,1,2,2,0,val
AC4216acf,0,0,1,2,2,0,val
AC42146e2,0,0,0,0,0,0,
AC4213e58,0,0,0,0,0,0,
AC4214cbe,0,0,0,0,0,0,
AC4215566,0,0,0,0,0,0,
AC42157c7,0,0,1,0,0,0,
AC42146bb,1,1,1,0,0,0,test
AC424542d,2,2,2,2,0,0,
AC4242e08,2,2,2,2,0,0,
AC424012a,2,2,2,2,0,0,
AC4215e1f,0,0,0,0,0,0,
AC4214f8c,0,0,0,0,0,0,
AC4215b7e,0,0,0,0,0,0,train
AC4215ecd,0,0,0,1,0,0,
AC424467e,0,0,1,1,0,0,
AC4214dba,0,0,1,2,0,0,
AC4214576,0,0,0,2,0,0,
AC4215cf1,0,0,0,0,0,0,test
AC4216347,0,0,0,0,0,0,
AC4213e26,0,0,2,2,2,0,
AC42169ea,1,1,1,0,0,0,
AC423c164,2,1,1,3,1,3,
AC42451cc,2,1,1,3,1,3,
AC4215c4e,0,0,2,0,0,0,
AC4214d95,0,0,2,0,0,0,
AC4213944,0,0,0,3,0,0,
AC42138e3,0,0,0,1,0,0,
AC4216a7a,0,0,2,0,0,0,test
AC4214f54,2,1,2,3,1,3,
AC42154da,0,0,0,0,0,0,
AC42139d9,1,1,0,0,0,0,test
AC421543f,0,0,0,0,0,0,
AC4215c25,0,0,0,0,0,0,
AC4215ec8,0,0,0,0,0,0,
AC4215796,0,0,0,0,0,0,
AC4216bf1,3,1,2,2,1,2,
AC4215587,1,1,1,0,0,0,
AC4214770,0,0,0,0,0,0,
AC4214853,0,0,0,0,0,0,train
AC4216af8,0,0,0,1,0,0,
AC4245a27,0,0,0,0,0,0,
AC4244ec9,0,0,0,0,0,0,
AC42163ac,0,0,0,0,0,0,
AC42147a0,0,0,0,0,0,0,
AC42145b5,2,0,1,0,0,0,train
AC4215042,2,0,2,0,0,1,train
AC4244e71,2,3,2,3,3,1,train
AC4214fc3,0,0,3,3,0,0,val
AC42138dc,1,1,2,3,3,3,
AC421653d,0,0,2,0,0,0,
AC4216b27,0,0,0,0,0,0,
AC42169d2,0,0,2,2,0,0,val
AC423cc9d,0,0,1,0,1,0,test
AC4215795,0,0,1,0,1,0,test
AC423f58f,0,0,0,0,0,0,
AC423e0ee,0,0,0,0,0,0,
AC421647d,2,1,2,2,0,2,
AC42155d6,0,0,2,0,0,0,
AC42415f2,1,1,2,0,1,1,
AC4216481,1,1,2,0,1,1,
AC4213959,1,1,2,0,2,1,
AC421455f,0,0,0,0,0,0,
AC42416c1,0,0,1,2,1,0,train
AC4214ea0,0,0,1,2,1,0,train
AC42156b5,3,1,1,2,2,3,train
AC4214695,0,0,1,0,0,0,
AC4215c71,0,0,0,0,0,0,test
AC42162ee,0,0,2,0,0,0,
AC4244873,0,0,2,0,0,1,
AC4241c55,0,0,2,0,0,1,
AC4241ab3,3,3,2,3,3,1,
AC421557e,0,0,0,0,0,0,
AC4244011,3,3,1,3,3,3,test
AC42145d4,2,3,1,3,3,3,test
AC4216c50,0,0,0,0,0,0,
AC4215eb9,0,0,1,0,0,0,
AC42157e2,1,3,3,3,3,3,train
AC4241bca,0,0,0,0,0,0,
AC4241a4d,0,0,0,0,0,0,
AC4215057,0,0,0,0,0,0,
AC421694e,2,0,2,3,0,0,test
AC42169a6,0,0,0,0,0,0,val
AC4214e64,0,0,0,0,0,0,train
AC4214821,3,3,2,1,3,3,
AC423db8d,1,1,2,2,0,0,
AC4244e4c,1,0,2,0,0,0,val
AC4214e2c,1,0,2,0,0,0,val
AC42165cf,0,0,0,0,0,0,
AC4216554,0,0,0,0,0,0,
AC42138df,0,0,2,0,0,0,
AC4215c62,1,0,0,0,0,0,
AC4215041,0,0,0,0,0,0,
AC4213907,1,1,1,1,1,0,
AC4215707,0,0,2,2,0,0,val
AC4215470,0,0,0,0,0,0,
AC42164ad,2,0,2,1,0,0,
AC4240120,3,3,1,3,3,3,
AC42439d8,3,3,1,3,3,3,
AC423d569,3,3,1,3,3,3,
AC42164c6,3,3,1,3,3,3,
AC4213e74,0,0,0,0,0,0,
AC4213a02,1,1,2,2,0,0,
AC4215d2d,0,0,0,0,0,0,test
AC4243ae1,0,0,1,0,0,0,
AC421656b,0,0,3,0,0,0,
AC4214ef7,0,0,1,2,0,1,
AC4245cb2,3,3,1,2,3,2,
AC421388f,2,0,1,0,1,0,
AC42169a0,0,0,1,0,0,0,
AC4216bd7,0,0,0,0,0,0,
AC424010e,3,3,1,3,3,3,
AC4214fe9,3,3,1,3,3,3,
AC4244c40,0,0,1,1,0,0,test
AC42156ff,0,0,0,0,0,0,
AC4215e6e,0,0,0,0,0,0,
AC421372c,0,0,2,0,0,0,
AC4215014,0,0,0,1,0,0,
AC4215d65,1,1,1,0,1,1,
AC4240ae0,2,2,2,0,1,1,
AC42164e1,0,0,2,2,0,0,
AC4216e11,2,0,2,0,0,0,
AC4215553,2,1,2,3,3,3,
AC4242077,1,1,1,0,0,0,
AC421544d,1,1,2,0,0,0,
AC4213996,1,3,2,1,3,3,train
AC42163a7,0,0,0,2,0,0,
AC4216ae0,0,0,0,0,0,0,
AC4214fbc,0,0,2,0,0,0,test
AC4215605,2,0,0,0,0,0,
AC421695c,0,0,0,0,0,0,train
AC4216423,3,1,1,0,0,0,
AC42140b0,0,0,0,0,0,2,
AC4240f95,0,0,0,0,0,0,
AC42137fd,1,1,2,0,2,0,train
AC4243a5f,2,1,2,1,2,3,train
AC423cf4a,2,2,2,1,2,3,train
AC4213ebd,0,0,0,0,0,0,val
AC4214e33,0,0,0,0,0,0,
AC4215572,0,0,2,0,0,0,
AC42145ab,1,1,0,0,1,0,
AC4216592,3,3,1,1,3,3,test
AC4243c73,2,1,3,3,3,3,
AC4216977,0,0,2,0,2,0,
AC42162d9,1,0,1,3,1,0,
AC42136e1,0,0,0,0,0,0,
AC423c4e7,0,0,3,0,0,0,
AC423e36a,0,0,2,0,0,0,
AC42446e0,0,0,2,0,0,0,
AC4215da4,0,0,2,0,0,0,
AC4215e40,0,0,0,0,0,0,
AC4215015,0,0,2,0,0,2,
AC42148bc,0,0,1,0,0,0,
AC421636c,1,1,1,1,1,0,
AC4214cbb,1,0,0,0,1,0,
AC423db3b,2,3,3,3,1,3,
AC4215d8d,2,3,3,3,1,3,
AC42427cf,2,3,3,3,1,3,
AC4244186,0,0,0,0,0,0,
AC4213fb6,0,0,0,0,0,0,
AC421579d,0,0,0,3,0,0,test
AC4214626,1,1,0,2,0,0,test
AC424400d,1,1,3,2,3,3,test
AC4244838,1,1,3,2,3,3,test
AC421549b,0,0,1,0,0,0,
AC42163ec,0,0,0,0,0,0,
AC42137ad,0,0,0,0,0,0,
AC4216c3b,0,0,0,0,0,0,val
AC42169fe,0,0,0,0,0,0,
AC4216b08,1,0,0,2,0,0,
AC4215457,3,3,1,3,3,3,
AC4215080,0,0,0,0,0,0,test
AC424358b,0,0,0,0,2,0,val
AC4216371,0,0,0,0,2,0,val
AC4213fb7,0,0,0,0,0,0,
AC4215c68,0,0,0,0,0,0,
AC4215dfd,0,0,0,0,0,0,
AC4216cbf,0,0,0,0,0,0,
AC42137c6,1,3,2,2,3,3,
AC4215696,0,0,0,0,0,0,
AC4243fef,0,0,2,0,0,0,
AC4245944,0,0,2,0,0,0,
AC42157b7,0,0,0,0,0,0,
AC42146fe,1,3,2,3,3,3,test
AC421642d,2,0,2,0,0,2,
AC42140dc,2,0,2,2,2,0,
AC4215c38,2,1,2,2,2,0,
AC423d9e7,3,3,1,3,3,3,
AC42157b2,3,3,1,3,3,3,
AC4240290,0,0,0,1,0,0,test
AC4216bda,0,0,0,1,0,0,test
AC4216a29,0,0,1,0,0,0,
AC42410d2,0,0,0,0,0,0,
AC421415e,0,0,1,2,0,0,
AC421407b,1,1,2,3,1,3,
AC423e83b,0,0,0,0,0,0,
AC4214ee1,2,1,2,2,0,0,train
AC4215d62,0,0,0,3,0,0,test
AC4215c80,0,0,1,2,0,0,
AC4213ea3,0,0,0,0,0,0,
AC4214824,2,0,2,0,0,0,
AC42147dd,0,0,2,0,0,0,val
AC4216be0,2,0,2,2,2,1,
AC421483a,0,0,0,0,0,0,
AC42410af,1,3,3,3,3,3,
AC421694f,1,0,2,0,0,0,
AC4244d47,1,1,3,2,3,3,
AC4242114,1,1,3,2,3,3,
AC4216b03,1,1,3,2,3,3,
AC4245aac,1,1,3,2,3,3,
AC4243bd1,1,0,1,0,1,0,
AC4242776,1,0,1,0,1,0,
AC4215609,1,0,1,0,1,0,
AC4213961,3,3,3,3,3,1,
AC4244e20,0,0,2,2,0,0,
AC4243907,0,0,2,2,0,0,
AC4216456,0,0,2,2,0,0,
AC42136f9,2,1,2,3,3,3,
AC421546b,1,0,0,0,1,0,test
AC4215de9,0,0,2,0,0,0,
AC4215681,0,0,0,0,0,0,
AC4215ec7,0,0,0,0,0,0,
AC42440c0,1,0,2,0,1,0,
AC4215e43,1,0,2,0,1,0,
AC4216504,0,0,2,1,0,0,test
AC4214130,3,3,2,1,3,3,test
AC4216e29,0,0,0,0,0,0,
AC421563a,1,1,2,3,2,1,
AC4215c0a,0,0,2,0,0,0,
AC4214672,0,0,0,3,0,0,
AC4216d17,1,3,1,1,1,3,
AC4215599,0,0,0,0,0,0,
AC4214891,1,1,1,0,1,0,
AC4213954,1,1,2,0,0,1,
AC4215eac,0,0,3,0,0,0,
AC421658c,0,0,0,0,0,0,
AC423d2dc,1,0,2,2,0,0,
AC4214e71,1,0,2,2,0,0,
AC42169e9,0,0,3,3,0,0,
AC4214ff9,0,0,0,0,0,0,
AC423e71a,0,0,1,2,0,0,
AC42408ec,0,0,1,2,0,0,
AC423dcbf,0,0,1,2,0,0,
AC423c582,0,0,1,2,0,0,
AC42415e1,0,0,1,2,0,0,
AC423da86,0,0,1,2,0,0,
AC423d9b8,0,0,2,2,0,0,
AC4242a71,0,0,2,2,0,0,
AC423e00c,0,0,2,2,0,0,
AC423eeda,0,0,2,2,0,0,
AC42435f5,0,0,2,2,0,0,
AC4214822,0,0,2,2,0,0,test
AC4214617,0,0,3,0,0,0,train
AC4213ea7,3,3,2,3,3,1,
AC423fd25,3,3,2,3,3,1,
AC4214d6d,3,3,2,3,3,1,
AC4242d78,1,1,2,2,2,0,
AC4213816,1,1,2,2,2,0,
AC42146ce,0,0,0,0,1,0,
AC421555a,0,0,2,2,0,0,
AC42162c7,1,1,2,2,2,0,
AC42451c4,1,0,2,0,1,0,
AC4216c46,1,0,2,0,1,0,
AC42162e7,3,0,3,0,1,0,
AC4213a1b,0,0,3,0,0,0,
AC4215095,0,0,2,0,0,0,
AC42146dd,0,0,2,0,0,0,
AC42154df,0,0,0,0,0,0,
AC424595b,1,1,2,0,2,1,
AC4215684,1,1,2,3,2,1,
AC42428db,1,1,2,3,2,1,
AC4214877,0,0,1,2,0,0,
AC4241c99,0,0,1,2,0,0,
AC42408b4,0,0,1,2,0,0,
AC4243a9b,0,0,1,2,0,0,
AC42155ba,0,0,2,2,0,0,
AC421461e,2,0,2,2,0,0,
AC4214e93,0,0,0,0,0,0,
AC4216463,0,0,0,0,0,0,
AC4216596,0,0,1,0,0,0,
AC4215d0b,0,0,0,0,1,0,
AC421469d,0,0,2,0,0,1,
AC421505d,0,0,0,0,0,0,
AC4213ea6,0,0,0,0,0,0,
AC4215729,0,0,0,0,0,0,
AC4215655,1,1,3,3,3,3,
AC4216356,1,1,2,2,2,0,train
AC423d44f,1,1,2,2,2,3,train
AC4213e73,0,0,2,1,0,1,
AC4215792,1,0,0,0,0,0,train
AC42156a6,1,1,0,1,0,0,
AC4216a14,0,0,0,0,1,0,
AC4214efe,1,0,2,0,0,0,
AC4244e52,1,1,0,0,1,0,test
AC421463c,1,1,0,0,1,0,test
AC423f5ea,1,1,0,0,1,0,test
AC423e674,1,1,0,0,2,0,test
AC421554f,1,1,0,0,2,0,test
AC4243569,1,1,0,0,2,0,test
AC423fc07,1,1,0,0,2,0,test
AC4215d92,1,1,0,0,2,0,test
AC4214135,0,0,0,0,0,0,train
AC424240a,0,0,2,0,2,1,
AC42155db,0,0,2,0,2,1,
AC4214865,0,0,0,0,0,0,
AC42139dc,0,0,2,0,0,0,
AC4216362,0,0,2,0,0,0,
AC421505a,1,1,2,0,2,0,
AC4216b6f,0,0,0,0,0,0,
AC421654b,0,0,0,0,0,0,
AC4214829,1,3,2,3,1,3,
AC4244887,2,3,2,3,1,3,
AC421509b,0,0,0,0,0,0,
AC42138fc,0,0,2,0,0,0,
AC42403f5,0,0,0,0,0,0,val
AC4214647,0,0,0,0,0,0,
AC4214635,0,0,0,0,0,0,
AC42157e6,0,0,0,0,0,0,
AC42146ea,0,0,0,0,0,0,
AC4216c6c,0,0,2,2,0,2,val
AC424292f,1,1,3,2,3,3,
AC4216cec,0,0,0,0,0,0,
AC4214d3e,0,0,0,0,0,0,val
AC42145f5,0,0,0,0,0,0,
AC4215b4a,0,0,0,2,0,0,test
AC421484c,0,0,0,2,1,0,train
AC423c803,0,0,0,0,0,0,
AC424479e,0,0,0,0,0,0,
AC4215e62,2,3,3,1,2,2,
AC42445c0,0,0,0,2,0,0,
AC4214187,0,0,0,2,0,0,
AC42140d8,0,0,0,0,0,0,
AC4215eb2,0,0,2,0,2,0,
AC4214751,1,3,2,3,3,3,
AC4215434,1,3,2,3,3,3,
AC4215033,0,0,0,0,0,0,train
AC4215426,0,0,0,0,0,0,
AC4216a90,0,0,0,0,0,0,
AC4216531,0,0,0,0,0,0,train
AC4216975,0,0,0,0,0,0,
AC4216606,1,1,2,0,2,0,
AC4216d28,0,0,2,2,0,0,test
AC4215e81,0,0,0,0,0,0,
AC4216ab6,0,0,0,0,0,0,
AC4215eba,0,0,2,0,0,1,
AC42169e5,1,1,1,0,0,3,
AC4243a6c,2,1,1,3,3,2,
AC4216d0b,2,0,0,0,1,0,
AC4214e54,0,0,3,2,1,3,
AC42401b8,3,3,3,3,1,2,
AC423c5b0,3,3,3,3,1,2,
AC421564d,3,3,3,3,1,2,
AC423fa8a,3,3,3,3,1,2,
AC42147ba,0,0,0,0,0,0,
AC4242e83,1,3,3,3,3,3,
AC423fd63,0,0,0,0,0,0,
AC42147ca,0,0,0,0,0,0,
AC4241aaf,1,1,2,0,0,0,train
AC424234f,1,1,2,0,0,0,train
AC4215d81,1,1,2,0,0,0,train
AC4215472,1,0,0,0,0,0,
AC42146f7,1,3,3,3,3,3,
AC42408d9,1,1,1,1,3,1,
AC42146bf,1,1,1,1,2,1,
AC42403fd,2,2,1,2,2,2,
AC4214d21,0,0,0,0,0,0,
AC4215d47,0,0,0,0,0,0,
AC4214e12,0,0,0,0,0,0,
AC4215ecf,0,0,0,0,0,0,
AC4214927,0,0,2,2,0,0,
AC4213ffc,1,1,2,3,1,3,
AC42154e3,0,0,0,1,0,0,val
AC4216b28,0,0,0,0,0,0,
AC4215de1,0,0,0,0,0,0,
AC4214852,0,0,0,0,0,0,
AC42163a8,2,1,2,2,2,1,
AC421490d,1,3,1,3,3,1,
AC4242965,0,0,3,2,0,0,test
AC4214706,0,0,2,2,0,0,test
AC42148ec,0,0,2,0,0,0,
AC421481a,0,0,0,0,0,0,
AC4241694,0,0,0,0,0,0,
AC4244626,0,0,0,0,0,0,
AC42140f6,0,0,0,0,0,0,
AC4214eb9,0,0,2,2,0,1,
AC42163ca,1,1,0,0,1,0,
AC4243f62,2,2,3,3,1,3,
AC42146a8,0,1,2,0,2,0,
AC423e0ef,0,1,2,0,2,0,
AC42409d8,0,2,2,0,2,0,
AC4213855,0,0,0,0,0,0,
AC4213673,3,3,3,1,3,3,
AC4216e1b,0,0,2,0,0,0,
AC4214628,0,0,2,0,0,0,
AC4215560,0,0,0,0,0,0,
AC4215c9f,0,0,0,0,0,0,
AC4213f2c,0,0,0,0,0,0,
AC42156dc,0,0,0,0,0,0,test
AC421579b,0,0,0,0,0,0,
AC4215585,2,0,2,0,2,0,
AC42154de,0,0,0,0,0,0,test
AC42163c8,0,0,0,0,0,0,
AC4213f3d,0,0,1,0,0,0,test
AC4215661,0,0,3,3,0,0,
AC4243bfd,2,1,2,0,1,0,
AC4214783,0,0,0,0,0,0,train
AC42157c2,3,1,1,3,0,0,
AC4214f71,0,0,0,0,0,0,
AC4214633,0,0,0,0,0,0,
AC42139e3,0,0,0,0,0,0,
AC421504c,0,0,0,0,0,0,test
AC42164e0,2,0,2,0,0,0,
AC4245276,0,0,0,0,0,0,
AC4216283,0,0,0,0,0,0,
AC4216da7,0,0,0,0,0,0,
AC4241a7c,0,0,2,0,0,0,
AC4215b62,0,0,2,0,0,0,
AC421632b,0,0,2,0,0,0,
AC4216c72,0,0,0,0,0,0,
AC4216c95,1,3,1,3,3,3,
AC4216a08,2,1,2,2,0,1,
AC4213e3d,0,0,0,0,0,0,
AC42139fa,0,0,0,0,0,0,val
AC4214f2c,0,0,3,0,0,0,
AC4215bd2,0,0,0,0,0,0,train
AC4243aa1,0,0,0,0,0,0,
AC421561e,0,0,1,0,0,2,test
AC4215601,0,0,0,0,0,0,
AC4215c34,0,0,0,0,0,0,
AC4215dd4,3,3,1,3,3,3,test
AC42441cb,1,0,2,0,0,0,
AC4213937,0,0,0,0,0,0,
AC4216345,0,0,0,0,0,0,
AC4213ea1,0,0,2,0,0,0,test
AC4242945,2,0,0,0,0,0,
AC42458a3,2,0,0,0,0,0,
AC4245893,2,0,0,0,0,0,
AC423e798,2,0,0,0,0,0,
AC4245824,2,0,0,0,0,0,
AC423fc20,2,0,0,0,0,0,
AC4240f0c,2,0,0,0,0,0,
AC4243428,2,0,0,0,0,0,
AC42165d2,2,0,0,0,0,0,
AC4216be9,0,0,2,2,0,0,
AC4241cba,0,0,0,2,0,0,
AC423ce57,0,0,2,2,0,0,
AC421472c,0,0,2,2,0,0,
AC4214f77,0,0,0,1,0,0,
AC423d59c,0,0,0,0,0,0,
AC4216a84,0,0,0,0,0,0,
AC4216545,1,1,3,1,3,3,
AC4216d1b,1,1,2,3,3,3,
AC4215c7b,1,1,3,3,3,1,test
AC4215648,0,0,0,0,0,0,
AC4243484,0,0,2,2,0,0,
AC421404a,1,1,2,3,3,3,
AC4245a19,0,0,0,0,0,0,val
AC4216e03,0,0,0,0,0,0,val
AC4214f7d,3,3,2,1,3,3,val
AC4216b82,0,0,1,0,1,1,test
AC42155f1,0,0,2,0,2,1,test
AC4214d98,2,1,2,3,2,3,
AC4216bfd,1,3,1,1,1,3,
AC42141ab,0,0,0,0,0,0,
AC42169d1,0,0,0,0,0,0,val
AC423e048,3,3,1,3,3,3,
AC42146c1,0,0,0,0,0,0,
AC421647e,0,0,2,0,0,0,
AC423db6d,0,0,0,0,0,0,
AC42434ba,0,0,1,0,0,0,
AC42422d2,0,0,1,0,0,0,
AC4243cbf,3,3,1,3,3,3,
AC42140ed,2,2,2,2,2,0,
AC423bfe8,0,0,0,0,0,0,val
AC42448f3,0,0,0,0,0,0,val
AC424167d,0,0,0,0,0,0,val
AC4214fa4,0,0,0,0,0,0,val
AC421415c,0,0,0,0,0,0,train
AC4243f53,0,0,0,0,0,0,
AC4215e00,0,0,0,0,0,0,
AC421646e,3,3,1,1,3,3,
AC4216a71,1,0,0,1,0,0,
AC423bff8,0,0,0,0,0,0,
AC423d538,0,0,0,0,0,0,
AC4215df2,0,0,0,0,0,0,
AC4215c07,0,0,0,0,0,0,
AC423c65a,0,0,2,2,0,1,train
AC421482b,0,0,2,2,0,1,train
AC4214ec0,0,0,1,1,1,0,
AC42154d4,1,1,1,0,0,0,
AC423c60d,1,1,1,0,0,0,
AC423e0be,1,1,1,0,0,0,
AC424033e,1,1,1,0,0,0,
AC4214836,0,0,2,2,1,0,
AC4245a35,0,0,0,0,0,0,
AC4213dda,0,0,0,0,0,0,
AC42155ad,0,0,3,0,0,0,
AC421407a,0,0,0,0,0,0,test
AC42147dc,0,0,0,0,0,0,
AC4216cbd,0,0,2,0,0,0,
AC4216b60,0,0,0,0,0,0,train
AC4216a9f,2,3,2,3,3,1,
AC4240431,1,3,2,2,1,2,
AC423ed0e,0,0,0,0,0,0,
AC42137d9,0,0,0,0,0,0,
AC4213828,0,0,0,0,0,0,
AC4214dcb,0,0,2,2,0,0,test
AC42147d7,0,0,0,0,0,0,test
AC4215794,0,0,0,0,0,0,
AC4216db3,1,1,2,0,0,0,
AC4216601,1,1,2,2,2,0,
AC4215d89,0,0,0,0,0,1,
AC421472a,0,0,0,0,1,0,
AC4216bd9,0,0,1,0,0,0,
AC4213f79,0,0,0,1,0,0,
AC423e964,0,0,0,2,0,0,
AC4215ee1,0,0,1,0,1,0,
AC4214f4b,0,0,0,0,0,0,
AC4242e46,0,0,0,0,0,0,
AC4215e5e,0,0,0,0,0,0,train
AC4244c85,2,0,2,1,0,0,
AC4240726,2,0,2,1,0,0,
AC423c16b,2,0,2,1,0,0,
AC423eefc,2,0,2,1,0,0,
AC424548b,2,0,2,1,0,0,
AC423ce02,2,0,2,2,0,0,
AC4240159,2,0,2,2,0,0,
AC4214602,2,0,2,2,0,0,
AC42163ff,0,0,0,0,0,0,
AC4215667,1,1,0,0,0,1,
AC4242123,0,0,0,0,0,0,
AC4241ad2,0,0,0,0,0,0,
AC421572a,0,0,0,0,0,0,test
AC4215d63,1,1,3,3,3,3,
AC4214d91,2,0,0,0,1,0,
AC4214f09,0,0,0,0,0,0,
AC4215e29,0,0,0,0,0,0,train
AC4216c7d,0,0,0,0,0,0,
AC4216424,1,3,2,3,3,3,
AC421382e,0,0,0,0,0,0,
AC4213e18,1,1,1,0,1,0,
AC423f6f8,1,3,3,3,3,3,
AC4215732,1,3,3,3,3,3,
AC421371b,2,3,3,3,3,1,
AC4216a55,3,3,3,3,1,3,
AC4216525,0,0,2,2,2,0,test
AC421554a,0,0,0,0,0,0,
AC421396e,0,0,0,0,0,0,
AC4214074,0,0,1,3,0,0,
AC4215edd,0,0,0,0,0,0,
AC4215652,0,0,1,0,0,0,
AC4216c2f,0,0,0,0,0,0,
AC423e087,0,0,0,0,0,0,test
AC4215b4b,0,0,0,0,0,0,test
AC42139bb,0,0,2,0,0,0,
AC423cc55,1,1,1,0,0,0,
AC4213ecc,1,1,1,0,0,0,
AC421549f,1,1,2,2,0,0,
AC42421df,1,1,2,2,0,0,
AC423fd19,3,3,2,2,0,0,
AC4244918,1,1,2,3,2,2,test
AC4216448,0,0,0,0,0,0,
AC4214f9a,0,0,0,0,0,0,
AC4215415,0,0,0,0,0,0,
AC4215088,0,0,1,0,1,0,
AC4215ceb,0,0,1,1,0,0,
AC42165c4,0,0,1,0,0,0,
AC424477c,0,0,0,0,0,0,
AC4214cd9,0,0,0,0,0,0,
AC4215c81,2,0,0,0,0,0,
AC42155c4,0,0,2,2,0,0,
AC423d5ed,0,0,0,2,0,0,
AC423fc8b,0,0,0,2,0,0,
AC4213989,0,0,0,2,0,0,
AC4243c11,1,1,2,1,1,3,test
AC4244625,1,1,2,1,1,3,test
AC4214771,1,1,2,2,2,3,test
AC4243423,0,0,0,1,0,0,
AC423dc91,0,0,0,3,0,0,
AC4216c12,0,0,0,2,0,0,
AC423ce60,0,0,0,2,0,0,
AC42415e3,3,3,3,1,3,3,
AC424209c,3,3,3,1,3,3,
AC4214faa,3,3,3,1,3,3,
AC42154a4,2,0,2,0,0,0,train
AC4215b55,1,1,3,1,1,3,
AC4215d36,0,0,2,2,2,0,
AC4213e39,1,3,3,3,3,3,
AC4214585,0,0,2,0,0,0,test
AC4213e85,2,0,2,2,0,0,
AC42164e5,0,0,2,0,0,0,
AC4214de2,0,0,0,0,0,0,train
AC421630b,0,0,0,0,0,0,
AC42416f3,0,0,0,0,0,1,
AC424272b,0,0,0,0,0,1,
AC4214e48,0,0,0,0,0,1,
AC4215e06,3,3,1,1,1,3,
AC42420a7,0,0,0,0,0,0,
AC4242402,0,0,0,0,0,0,
AC424162b,0,0,0,0,0,0,
AC42164f3,0,0,0,0,0,0,
AC4214810,0,0,0,0,0,0,
AC42155c8,2,1,2,2,2,0,
AC42155ab,0,0,0,0,0,0,
AC42165fb,0,0,0,0,0,0,val
AC4213943,0,0,0,0,0,0,
AC4214fcf,0,0,0,0,0,0,
AC42141a1,2,0,2,0,0,0,
AC42156e3,0,0,0,0,0,0,
AC421656f,0,0,0,0,0,0,
AC4243afc,0,0,2,0,0,0,
AC42155ce,0,0,0,0,0,0,
AC42162bc,0,0,2,0,0,0,
AC423ce10,1,3,2,3,3,3,
AC421476d,1,3,2,3,3,3,
AC4214055,2,1,3,3,3,2,
AC42453f3,2,1,2,3,2,2,
AC423fb68,2,1,2,3,2,2,
AC423becc,0,0,2,2,0,0,train
AC42140a3,0,0,2,2,0,0,train
AC4216dc5,1,0,1,0,0,0,val
AC421647f,0,0,0,0,0,0,
AC421487e,0,0,0,0,0,0,
AC423fbd9,0,0,0,0,0,0,
AC423dace,0,0,0,0,0,0,
AC4216996,0,0,0,0,0,0,
AC4213960,0,0,0,0,0,0,
AC421695d,1,0,0,0,2,0,
AC4242393,1,0,1,0,2,0,
AC423e247,1,0,1,0,2,0,
AC42137e9,1,0,1,0,2,0,
AC42147af,0,0,0,0,0,0,
AC42137d1,3,3,1,1,3,3,
AC421641d,2,0,2,2,0,0,
AC4214652,0,0,0,0,0,0,
AC42162b0,0,0,2,2,0,0,train
AC4214ff4,1,0,1,0,1,0,
AC421571b,2,3,1,3,1,3,
AC4214f22,0,0,0,0,0,0,
AC423e2e8,3,3,3,1,3,3,
AC423be1f,3,3,2,1,3,3,
AC4215734,3,3,2,1,3,3,
AC4214d40,0,0,2,0,0,1,
AC4216ce5,0,0,0,0,0,0,
AC4216ccb,0,0,2,0,0,0,
AC423db9d,0,0,2,0,0,0,
AC4243420,0,0,2,0,0,0,
AC4215d07,1,1,2,2,1,3,test
AC4242167,0,0,2,2,0,0,
AC4214e7a,0,0,0,0,0,0,
AC4214186,0,0,0,0,0,0,
AC423c6de,1,3,2,2,3,3,
AC42400bc,1,3,2,2,3,3,
AC4216383,1,3,2,2,3,3,
AC42146e4,1,0,0,0,0,0,
AC4214fad,1,0,0,0,0,0,
AC42139cf,0,0,2,0,0,0,test
AC42136ba,0,0,0,0,0,0,
AC421563f,1,1,3,3,3,3,test
AC42446df,0,0,1,1,0,0,val
AC4214e4c,0,0,1,1,0,0,val
AC42163b2,0,0,0,0,0,0,
AC42136d3,0,0,0,0,0,1,
AC4216408,2,0,2,0,2,0,
AC4215eeb,0,0,0,0,0,0,
AC4215e57,0,0,0,0,0,0,
AC4214702,0,0,2,2,1,0,test
AC4213976,1,1,2,2,3,1,
AC423d466,1,1,2,2,3,2,
AC423f0ca,1,1,1,0,0,1,
AC42156c0,1,1,1,0,0,1,
AC424025b,1,1,1,3,3,1,
AC421545f,1,1,3,3,3,1,
AC423ee70,1,1,2,3,3,1,
AC4243bc7,1,1,1,0,0,0,val
AC4216adb,1,1,1,0,0,0,val
AC42147a7,1,1,3,0,0,0,test
AC4213a14,0,0,0,1,0,1,
AC421459c,0,0,0,1,0,1,
AC4215c5a,0,0,0,0,0,0,
AC4216b3b,0,0,0,0,0,0,
AC4215e60,1,0,0,0,0,0,
AC42139b6,0,0,1,0,0,0,
AC4241cf9,1,3,1,3,3,3,
AC4243bbf,1,3,2,2,3,3,test
AC42447b8,1,3,2,2,3,3,test
AC42155f8,1,3,2,2,3,3,test
AC4243547,1,3,2,2,3,3,test
AC424040b,1,3,2,2,3,3,test
AC424482e,1,3,2,2,3,3,test
AC4214ff0,3,3,3,3,3,1,
AC423c125,3,3,3,3,3,1,
AC4214edb,2,1,2,2,3,3,
AC423e6d0,2,1,2,2,3,3,
AC423c7b6,2,1,2,2,3,3,
AC4216e19,1,1,2,2,0,0,
AC42155a9,1,1,3,3,3,1,
AC42140f2,0,0,0,0,0,0,
AC42146d0,3,3,1,3,1,3,
AC423f49a,0,0,0,0,0,0,
AC4243051,1,1,2,1,1,0,
AC4213fac,1,1,2,1,3,0,
AC42146b3,0,0,0,0,0,0,
AC4216a76,1,1,1,3,3,3,
AC4215db6,0,0,0,0,0,0,
AC4215b5b,0,0,0,0,0,0,
AC4214046,0,0,2,0,0,0,
AC4215f07,1,3,3,3,3,3,
AC4243007,1,3,3,3,3,3,
AC42451e4,0,0,0,0,2,0,test
AC423e799,0,0,0,0,2,0,test
AC42156ef,0,0,0,0,0,0,test
AC4216b79,3,3,2,3,1,3,
AC4213f1f,0,0,0,0,0,0,
AC4214ec7,1,3,2,3,3,3,
AC421542c,0,0,0,0,0,0,
AC421486e,3,3,1,3,3,3,
AC4216338,3,3,1,3,1,3,train
AC4214ef2,1,1,2,2,3,3,
AC4243972,0,0,0,0,0,0,
AC42169f2,0,0,0,0,0,0,
AC42426c2,1,3,3,3,3,3,
AC423ce26,0,0,0,0,0,0,test
AC42169db,0,0,0,0,0,0,test
AC4216b5d,0,0,0,0,0,0,val
AC42136c0,3,3,3,3,3,1,
AC4213f61,0,0,0,1,0,0,
AC4216e25,1,0,1,0,1,0,test
AC423fc24,3,3,1,3,3,1,
AC421661b,3,3,1,2,3,1,
AC4215ccb,0,0,0,0,0,0,
AC42169dd,0,0,0,0,0,0,
AC4215e4a,0,0,2,0,0,2,
AC4240d9f,0,0,0,0,0,0,train
AC4214721,0,0,0,0,0,0,
AC4215d26,1,1,3,3,3,3,
AC421504f,0,0,0,0,0,0,
AC423f4bf,0,0,0,0,0,0,
AC4214d8d,0,0,0,0,0,0,
AC42459a1,0,0,0,0,0,0,
AC42145de,1,1,1,3,1,2,
AC424020b,0,0,0,2,0,0,
AC421655f,0,0,0,2,0,0,
AC4216326,0,0,0,0,0,0,
AC42446cd,0,0,2,1,2,0,
AC4216441,0,0,2,1,2,0,
AC423d92e,0,0,0,0,0,0,
AC4241b3a,3,3,1,3,3,3,
AC4213962,3,3,1,3,3,3,
AC4214835,0,0,1,0,0,0,
AC4213857,0,0,0,0,0,0,
AC423c6be,3,3,3,1,3,3,
AC4243c8d,3,3,3,1,3,3,
AC42453e0,1,1,3,3,3,3,
AC421642a,1,1,3,3,3,3,
AC42139d2,0,0,0,2,2,2,
AC4216608,3,3,3,1,3,3,
AC42139ac,0,0,0,0,0,0,
AC42162ed,2,2,2,0,0,0,
AC4215528,0,0,0,0,0,0,
AC4214e69,0,0,1,0,0,0,
AC4243fbb,1,0,3,1,0,0,
AC4213e97,1,0,2,1,0,0,
AC42148b2,0,0,1,0,2,0,
AC42439ee,0,0,1,0,0,0,
AC423ef4a,0,0,3,0,0,0,
AC4215e1d,0,0,2,0,0,0,
AC421469e,3,3,1,3,3,3,
AC42163b3,0,0,2,2,0,0,
AC4214006,3,3,1,3,3,1,val
AC4244675,3,3,1,3,3,1,val
AC42169ed,0,0,2,2,2,0,
AC42413e2,0,0,2,1,0,0,test
AC421381c,0,0,2,1,0,0,test
AC42154a6,1,3,2,2,3,3,
AC4214ec4,0,0,1,0,0,0,
AC4216b62,0,0,2,0,0,0,
AC4216c7c,0,0,0,0,0,0,
AC4213f56,0,0,3,0,0,0,test
AC4242702,0,0,2,0,0,0,test
AC4215024,0,0,2,0,0,0,test
AC4213ee3,3,3,1,3,3,3,
AC4242e01,0,0,2,0,0,0,
AC421410f,0,0,2,0,0,0,
AC4216976,3,3,3,1,3,3,
AC4216be1,0,0,0,0,0,0,val
AC421503e,0,0,0,0,0,0,
AC42148a4,3,3,2,1,3,3,
AC42163e3,3,3,2,1,3,3,
AC4214fd5,1,1,3,3,3,3,
AC4215d4e,3,3,1,3,3,3,
AC4213f81,1,3,3,3,3,3,
AC4240d7d,0,0,1,0,0,1,
AC42147f4,2,3,1,3,3,3,
AC4242cbf,1,1,2,0,1,0,train
AC4213832,1,1,2,0,1,0,train
AC42137c7,2,0,2,0,0,0,
AC4241c20,1,3,1,3,3,3,
AC424305f,1,3,2,3,3,3,
AC424521b,1,3,2,3,3,3,
AC421472d,1,3,1,1,3,3,
AC4214d0e,0,0,2,0,0,0,
AC423dc38,0,0,0,0,0,0,test
AC423f767,0,0,0,0,0,0,test
AC4214e79,0,0,0,0,0,0,test
AC4213fbc,3,3,3,3,3,1,test
AC42147be,0,0,2,2,0,0,
AC4213e8b,1,0,2,2,0,0,
AC42459c1,0,0,0,0,0,0,
AC423e704,3,3,1,2,3,3,
AC4242fe8,3,3,1,2,3,3,
AC421555d,0,0,0,0,0,0,train
AC42147e4,3,3,1,3,1,3,
AC42416af,0,0,1,0,0,0,
AC4215b4f,0,0,0,0,0,0,val
AC4215cf2,0,0,2,0,0,0,
AC4215c72,0,0,2,0,0,0,train
AC42138a2,2,0,0,0,2,0,val
AC4214dd4,2,0,3,0,3,0,
AC423e76f,0,0,0,1,0,0,
AC4242fe6,0,0,0,3,0,0,
AC423e27f,0,0,0,2,0,0,
AC42169a5,0,0,0,2,0,0,
AC4213fbb,0,0,0,0,0,0,
AC4213895,1,3,3,3,3,3,test
AC42164ba,3,3,1,3,3,3,
AC42415a1,1,1,2,1,3,3,
AC4214825,1,1,2,2,3,3,
AC4215545,0,0,0,0,0,0,
AC4213e6b,2,3,3,3,3,1,
AC4213f19,0,0,1,0,0,0,test
AC4213e8c,0,0,2,0,1,0,
AC4215d79,0,0,0,0,0,0,
AC4215d52,2,1,0,0,0,0,
AC4243c08,2,1,3,3,3,3,
AC4213e16,0,0,1,1,0,1,
AC4216d25,0,0,2,3,0,1,
AC42139c1,0,0,0,0,0,0,
AC42420d0,0,0,0,0,1,0,val
AC42147e5,0,0,0,0,2,0,val
AC4216d13,0,0,0,0,0,0,
AC423e852,0,0,2,0,0,0,train
AC4215efb,0,0,2,0,2,0,
AC4242deb,0,0,1,0,0,0,
AC42410f5,0,0,3,0,0,0,
AC424291d,0,0,2,0,0,0,
AC423d4ae,0,0,2,0,0,0,
AC42157da,0,0,2,0,0,0,
AC423dac6,0,0,0,0,0,0,
AC4215cbe,1,1,2,0,0,0,
AC4242d79,2,2,2,0,0,0,
AC423c611,0,0,0,0,0,0,test
AC4213836,0,0,0,0,0,0,test
AC4213e99,1,1,2,2,1,0,
AC4213a15,1,3,3,3,3,3,
AC4214fd3,0,0,0,0,0,0,
AC4213676,0,0,0,0,0,0,
AC4214e5e,1,0,0,0,0,0,
AC4215ca9,1,1,0,0,0,0,
AC42409e0,2,2,0,0,0,0,
AC423fc57,0,0,0,0,0,0,
AC4216bc2,0,0,2,2,0,0,
AC421653f,0,0,0,0,0,0,
AC4214809,0,0,2,0,0,0,
AC4214111,0,0,0,0,0,0,val
AC4216ae6,2,2,2,2,1,1,val
AC421542d,0,0,2,0,1,0,
AC4215cf3,0,0,2,0,2,0,
AC421638a,2,1,2,0,0,2,
AC4215d71,0,0,3,1,0,0,
AC4240ffc,1,3,2,2,3,3,
AC4216b83,0,0,2,2,1,0,
AC4245d2c,3,3,3,3,1,3,
AC42137e6,3,3,1,3,3,3,
AC4215eb8,0,0,3,1,0,1,
AC423c191,0,0,0,0,0,0,
AC4215b71,0,0,0,0,0,0,
AC4213838,0,0,0,0,0,0,val
AC4243624,2,0,2,2,0,0,train
AC423dac9,2,0,2,2,0,0,train
AC4213fe2,2,0,2,2,0,0,train
AC42162a2,3,3,3,1,3,3,
AC421398e,1,1,1,1,3,3,
AC4241c45,1,1,1,2,3,3,
AC42427a6,1,1,1,2,3,3,
AC424300a,1,1,1,2,3,3,
AC423c894,3,3,2,3,2,1,
AC4214e1e,0,0,0,1,0,0,
AC423c72d,0,0,2,0,0,0,
AC423db02,0,0,2,0,0,0,
AC4216500,0,0,0,0,0,0,
AC42155e6,1,0,0,0,0,0,
AC4214dc3,0,0,0,0,0,0,
AC42137da,0,0,2,0,0,0,
AC4216c8d,0,0,0,0,0,0,
AC424455d,1,0,2,0,1,0,
AC4214cbf,1,3,2,3,3,3,
AC4213f3f,0,0,1,0,0,1,
AC4215e4e,3,3,2,3,1,3,test
AC4243aec,1,1,1,3,3,3,
AC421459f,1,1,1,3,3,3,
AC423f42d,1,3,1,2,3,3,
AC423d9c3,2,3,1,2,3,3,
AC421648c,1,1,1,2,0,0,
AC4216b19,1,3,2,1,3,3,
AC424415f,1,3,2,1,3,3,
AC4216cd0,0,0,0,0,0,0,
AC424336f,1,3,3,3,3,3,
AC42408ae,1,3,3,3,3,3,
AC42146e6,0,0,1,0,0,1,
AC423dbe6,0,0,1,1,0,1,
AC4214748,0,0,1,2,0,1,
AC42155d9,3,3,1,2,3,3,
AC4242267,0,0,0,0,0,0,
AC421644c,0,0,0,0,0,0,
AC42421c7,1,1,2,2,1,0,
AC4215bac,2,2,2,2,2,0,
AC4214694,3,1,3,3,3,3,
AC423d33a,1,0,2,0,0,0,
AC421575a,1,0,2,0,0,0,
AC4215e2a,2,0,2,0,0,0,
AC4215489,0,0,0,0,0,0,
AC423cd35,1,3,2,3,3,3,
AC423fa88,1,1,3,1,3,3,
AC4242265,1,1,3,1,3,3,
AC4240455,1,1,3,1,3,3,
AC4242f67,1,1,3,1,3,3,
AC42139c8,1,1,1,3,3,3,
AC4215ee3,1,3,2,3,3,2,
AC421558d,3,3,3,3,3,1,test
AC424414a,3,3,2,2,3,1,test
AC4213f4b,0,0,0,0,1,0,
AC4240f57,3,3,1,3,3,3,
AC4243928,0,0,0,0,0,0,test
AC423e1ea,0,0,0,0,0,0,test
AC42447bc,0,0,0,0,0,0,test
AC421643d,0,0,0,0,0,0,test
AC42145c7,0,0,0,0,0,0,
AC4216388,0,0,2,2,0,0,
AC42156e4,0,0,0,0,0,0,
AC4213f30,0,0,0,0,0,0,
AC424473d,3,3,2,1,3,3,
AC4215c8b,3,3,2,1,3,3,
AC4215d3a,0,0,0,0,0,0,
AC4213f93,0,0,0,0,0,0,test
AC4214d7d,0,0,0,2,0,0,
AC4240abd,0,0,0,2,0,0,
AC423cced,0,0,0,2,0,0,
AC4216aaf,0,0,2,0,0,0,
AC4214d02,0,0,0,0,0,0,
AC4216970,3,1,2,2,3,1,
AC423e9e5,0,0,0,0,0,0,
AC4242ef6,0,0,0,0,0,0,
AC4215d67,0,0,0,0,0,0,
AC4214f24,0,0,0,0,0,0,test
AC42147c2,1,0,1,0,0,0,val
AC42148d6,1,1,2,2,2,0,
AC4214673,0,0,0,0,0,0,
AC4216ddf,3,3,1,2,3,3,
AC42136f8,0,0,0,0,0,0,
AC421569c,1,0,0,0,0,0,
AC4213ded,0,0,0,0,0,0,
AC4216be8,1,1,3,3,0,0,val
AC423eff8,0,0,0,0,0,0,
AC4245d90,1,1,0,0,0,1,
AC4213e0a,1,1,0,0,0,1,
AC4213ddf,0,0,1,1,0,1,
AC4242392,0,0,0,0,0,0,
AC423bfb8,0,0,0,0,0,0,
AC4215e26,0,0,0,0,0,0,
AC42139ee,0,0,1,0,1,0,
AC4216248,3,3,1,3,3,3,
AC42147a8,1,3,1,3,3,3,train
AC4243a2c,1,1,0,0,1,1,train
AC4214f21,1,1,0,0,1,1,train
AC42447a4,1,1,3,3,2,1,train
AC42155a8,0,0,0,0,0,0,test
AC4216c60,1,0,0,0,1,0,
AC42156a0,0,0,3,0,1,0,test
AC421402f,3,3,2,2,1,3,
AC4213867,0,0,1,2,1,0,
AC421385f,0,0,2,0,0,0,
AC4240166,0,0,0,1,0,0,
AC421401e,0,0,0,1,0,0,
AC423c610,0,0,0,0,0,0,
AC421558b,0,0,0,0,0,0,
AC4213e72,0,0,0,0,0,0,
AC4216378,0,0,0,0,0,0,
AC423efa2,2,1,2,0,2,0,
AC423d638,2,1,2,0,2,0,
AC421571a,2,1,2,0,2,0,
AC4213eb5,1,3,3,3,3,3,
AC423e9ec,0,0,2,0,2,0,
AC421456b,0,0,2,0,2,0,
AC42138b6,1,3,2,2,3,3,
AC4213eef,1,0,2,0,0,0,
AC4214010,1,0,2,0,0,0,
AC4216ac4,0,0,2,0,0,0,
AC42155fc,0,0,0,0,0,0,
AC4213a12,1,3,2,2,2,3,
AC4214048,1,1,0,0,1,0,
AC4214d9b,3,0,1,0,3,0,val
AC4240ff3,0,0,0,0,0,0,
AC423e857,0,0,0,0,0,0,
AC4214788,0,0,0,0,0,0,
AC4241bba,3,3,1,3,3,3,
AC423e154,0,0,2,2,0,0,
AC423e9fa,0,0,2,2,0,0,
AC423c10e,0,0,2,2,0,0,
AC4241bf8,0,0,0,0,0,0,
AC4215e55,0,0,0,0,0,0,
AC4215595,0,0,0,0,0,1,
AC4213848,1,0,0,0,0,0,
AC4213715,3,3,1,3,3,3,
AC4240fec,0,0,0,0,0,0,
AC4216c9a,0,0,0,0,0,0,
AC4241c48,3,3,1,3,3,3,
AC421629a,3,3,1,3,3,3,
AC42157cb,0,0,1,2,0,0,
AC42169e7,0,0,0,0,0,0,
AC4215eb4,0,0,0,0,0,0,
AC42156fa,0,0,0,0,0,0,
AC423e6b8,0,0,0,1,0,0,
AC421576c,0,0,0,1,0,0,
AC423d5c2,0,0,0,0,0,0,
AC42148de,0,0,2,0,0,0,
AC4215d5c,1,1,2,0,0,0,val
AC42157cc,0,0,0,0,0,0,
AC423fa2f,0,0,1,0,0,0,test
AC421569e,0,0,2,0,0,0,test
AC4214efa,0,0,0,0,0,0,
AC4215dad,2,2,2,2,0,0,test
AC4244c66,3,3,3,3,1,3,
AC4214716,3,3,3,3,1,3,
AC421568a,0,0,0,2,0,0,test
AC423edb4,1,1,1,3,3,3,
AC4214114,1,1,1,3,3,3,
AC421660d,0,0,0,0,0,0,
AC42141ac,0,0,0,0,0,0,
AC4214750,0,0,1,0,0,0,
AC424396d,0,0,2,0,0,1,
AC423c79c,0,0,2,0,0,1,
AC4243be8,0,0,2,0,0,1,
AC42137bf,0,0,2,0,0,0,
AC421697b,1,3,2,3,3,3,train
AC42147b6,0,0,0,1,0,0,test
AC4216ce4,0,0,1,0,1,0,
AC42139a7,0,0,0,0,0,0,
AC421575f,0,0,0,1,0,0,test
AC4214586,3,3,1,3,3,3,
AC4214910,0,0,0,0,0,0,
AC424159f,0,0,1,1,0,0,
AC4216292,0,0,2,1,0,0,
AC42140cb,3,1,2,3,3,3,
AC4213650,2,1,2,1,2,0,
AC4216a3c,1,1,2,2,3,3,
AC4245e77,1,1,2,2,3,3,
AC4215702,1,3,3,3,3,3,
AC4240a5b,0,0,2,2,1,0,val
AC4214705,3,3,2,2,1,3,val
AC4214d6c,0,0,1,0,0,0,
AC4214d00,0,0,2,0,0,0,train
AC42155be,0,0,2,2,2,0,
AC4241b99,0,0,1,0,0,0,
AC4216594,0,0,3,0,0,0,
AC42157b8,3,1,2,3,3,3,
AC423c5e6,3,1,2,3,3,3,
AC42452d0,3,1,2,3,3,3,
AC421379e,0,0,0,0,0,0,
AC4214623,0,0,2,1,0,0,
AC42140c4,3,3,1,3,3,3,
AC4215d12,1,1,2,2,0,0,
AC4213f42,1,3,1,3,2,3,
AC4215d84,3,3,1,1,3,3,
AC423eff9,3,3,2,1,3,3,
AC4213936,1,3,2,3,2,3,
AC42146c6,1,1,2,1,3,3,
AC421575d,0,0,0,0,0,0,
AC4213e86,0,0,0,0,0,0,
AC4244e04,0,0,2,0,0,0,test
AC4214db2,0,0,0,0,0,0,
AC42415ce,1,1,0,0,0,1,
AC4215df5,1,1,0,0,0,1,
AC4216510,0,0,0,0,0,0,
AC4214f41,2,0,2,2,0,0,
AC4216399,2,1,2,3,1,3,test
AC42162a8,0,0,0,0,0,0,
AC4214edf,0,0,0,1,0,0,
AC42165f2,0,0,0,0,0,0,val
AC423e00e,3,3,1,3,1,3,
AC423e107,3,3,1,3,1,3,
AC424594e,3,3,1,3,1,3,
AC423e0ba,3,3,1,3,1,3,
AC42447a5,3,3,1,3,2,3,
AC4240da5,3,3,1,3,2,3,
AC424486e,3,3,1,3,2,3,
AC423cf77,3,3,1,3,2,3,
AC423f3cf,3,3,1,3,2,3,
AC423ce0d,0,0,3,3,0,0,train
AC42148d0,0,0,2,2,0,0,train
AC4213878,0,0,2,1,0,0,
AC421392f,0,0,0,0,0,0,train
AC4215c29,1,1,2,3,3,2,
AC421547c,3,3,3,3,3,1,
AC421505b,0,0,1,0,0,0,
AC423ee22,3,3,1,3,3,3,test
AC4213fa3,1,1,3,2,3,3,
AC4216c9c,1,0,1,2,1,0,
AC4213803,1,1,2,2,3,3,
AC4214767,0,0,0,0,0,0,
AC4214880,0,0,0,0,0,0,
AC4216586,2,1,3,3,3,3,
AC421546a,1,0,3,0,0,3,
AC4216c4a,0,0,1,0,0,0,
AC424222b,0,0,0,0,0,0,test
AC421488a,1,1,2,0,0,1,
AC424523b,1,1,2,3,3,1,
AC421651d,1,1,3,3,1,3,
AC4216ca9,0,0,2,2,1,0,test
AC4214d3a,3,3,3,3,3,1,
AC4244118,0,0,0,0,0,0,
AC421380d,0,0,0,0,0,0,
AC423fcf5,3,0,2,1,0,0,test
AC42138c1,2,0,2,1,0,0,test
AC4215021,2,0,2,0,0,0,
AC4213dde,3,3,3,3,1,3,
AC4215754,1,1,0,0,1,0,
AC423f602,2,0,2,0,0,0,
AC423f61a,0,0,0,0,0,0,test
AC421508e,0,0,0,0,0,0,
AC4216279,0,0,0,0,0,0,test
AC4215ba4,0,0,0,0,0,0,
AC4215d27,3,3,2,3,1,3,
AC4215c55,1,0,0,0,0,0,
AC424353d,1,3,3,3,3,3,
AC4213645,2,1,2,2,3,3,val
AC423d621,1,1,2,2,3,3,
AC4213e6c,1,1,2,2,3,3,
AC423ea0c,0,0,0,0,0,0,
AC42416ab,0,0,0,0,0,0,
AC423d9a7,0,0,0,0,0,0,
AC4213fc8,0,0,0,0,0,0,
AC4214d3f,1,0,2,0,1,0,
AC4214ed1,2,2,2,1,2,3,
AC424034e,2,2,2,1,2,3,
AC4241a6a,2,2,2,1,2,3,
AC4214669,1,1,2,3,3,3,val
AC4240e21,1,3,3,3,3,3,
AC4245213,1,3,3,3,3,3,
AC423f6fb,1,3,3,3,3,3,
AC4215d97,1,1,2,2,3,3,
AC42415e0,1,1,2,2,3,3,
AC42403ae,1,1,2,2,3,3,
AC4240e0d,1,3,2,2,3,3,
AC424292d,1,2,2,2,3,3,
AC4240978,1,2,2,2,3,3,
AC4244157,1,2,2,2,3,3,
AC42446e1,1,2,2,2,3,3,
AC423efcf,1,2,2,2,3,3,
AC4214f0a,2,1,2,2,2,3,
AC4243abf,2,1,2,2,2,3,
AC4213dff,0,0,2,1,0,0,
AC4241660,1,3,1,3,3,3,test
AC4244010,1,3,1,3,3,3,test
AC42136a5,3,3,2,3,1,1,
AC4214f04,1,1,2,2,2,1,
AC4213f97,3,1,1,3,3,3,
AC42148a9,0,0,0,0,0,0,val
AC4214cc4,3,3,1,3,3,3,
AC42154be,1,1,2,0,1,1,
AC4216443,1,0,0,0,0,0,train
AC423e975,1,3,3,3,3,3,train
AC421401b,3,3,1,1,3,1,
AC423d4bb,3,3,2,2,3,1,
AC423faaf,0,0,0,1,0,0,
AC423cc83,1,3,2,3,3,3,
AC424210e,1,3,2,3,3,3,
AC424110a,1,0,1,1,0,1,
AC4214f90,2,0,1,2,0,1,
AC4215e27,0,0,0,0,0,0,
AC4216c69,1,1,1,1,3,3,
AC4215c99,0,0,0,0,0,0,train
AC423f76c,0,0,2,0,0,0,
AC4216c6e,0,0,2,0,0,0,
AC4215e9d,3,3,3,1,3,3,
AC4245938,3,3,3,1,3,3,
AC4215b6f,3,3,3,1,3,3,
AC4215b87,3,3,1,1,3,3,
AC4214171,3,3,1,3,3,3,
AC42164fd,3,3,2,3,1,3,
AC423f59a,3,3,2,3,1,3,
AC421638e,2,3,1,3,3,3,
AC42138dd,3,3,3,1,3,3,val
AC42137c8,3,3,1,1,3,3,
AC421403d,1,1,2,3,3,3,
AC42441ca,1,1,3,3,3,3,
AC421478e,1,1,3,2,3,3,
AC42169be,0,0,0,0,0,0,
AC4214931,2,3,2,3,3,1,
AC423e71b,3,3,1,3,3,3,
AC42148d5,0,0,0,0,0,0,val
AC42136e4,0,0,0,0,0,0,
AC4215048,2,1,2,2,3,3,
AC4215d72,0,0,0,0,0,0,
AC421481b,0,0,0,0,0,0,
AC4213938,3,3,2,3,2,1,val
AC4216bc0,3,3,3,3,3,1,
AC42155bb,3,3,1,3,3,3,
AC4243973,3,3,1,3,3,3,
AC423cd74,0,0,1,0,0,0,
AC42164ed,0,0,0,0,0,0,val
AC421636f,3,3,3,3,3,1,
AC42413d1,1,1,3,3,3,3,
AC4241d8c,1,1,3,3,3,3,
AC4240145,1,1,3,3,3,3,
AC4214e07,2,0,2,2,0,0,
AC42139a0,0,0,1,2,0,0,
AC421482e,3,3,1,3,3,1,
AC4213e37,1,1,3,0,0,1,
AC42156c4,0,0,0,1,0,1,
AC4213812,0,0,0,0,0,0,val
AC4214e3d,3,3,1,3,3,3,
AC421655a,0,0,3,3,0,0,
AC421661e,0,0,2,2,0,0,
AC4215b5e,0,0,1,1,0,1,val
AC42137b0,0,0,0,0,0,0,
AC4214d74,3,3,1,3,3,3,
AC4215c21,3,3,3,3,1,3,
AC42140d5,3,3,1,3,3,3,
AC4216aa1,1,1,3,3,3,3,
AC423ce6f,1,1,3,3,3,3,
AC42459aa,1,3,2,3,3,2,
AC4216967,1,3,2,3,3,2,
AC4214dc1,3,3,1,3,3,3,
AC423c51c,1,1,2,3,3,2,
AC423fb53,1,1,2,3,3,2,
AC42154c7,1,1,2,3,3,2,
AC4215bef,3,3,1,3,3,3,test
AC423d4a2,3,3,3,3,1,1,
AC4216546,0,0,3,1,0,0,
AC4213795,1,3,2,3,3,3,test
AC421551b,1,1,3,3,3,3,
AC42157ce,1,0,0,0,0,0,
AC4214027,3,3,2,3,1,3,
AC4213974,3,3,1,3,3,3,
AC4216ca1,1,0,2,2,0,0,
AC42145cd,0,0,0,0,0,0,test
AC4215506,0,0,3,0,0,0,
AC423e82a,0,0,2,0,0,1,
AC4215066,0,0,2,0,0,1,
AC421382d,1,1,3,3,3,3,
AC423f3f7,1,1,1,1,3,3,
AC421392e,1,1,2,2,3,3,
AC4245ab3,1,1,2,2,3,3,
AC4240380,0,0,0,0,0,0,val
AC4216a4e,1,1,3,3,3,3,test
AC423c53a,3,3,3,1,3,3,
AC4214725,3,3,1,3,1,3,
AC424081b,3,3,1,3,1,3,
AC424342d,3,3,1,3,1,3,
AC42408fa,3,3,1,3,1,3,
AC4216b77,1,3,1,3,3,1,
AC42452a8,1,1,3,3,3,3,
AC423c05d,2,1,3,3,3,3,
AC4216437,2,1,3,3,3,3,
AC423fbbd,2,1,3,3,3,3,
AC4214780,3,3,1,3,3,3,train
AC423ed9e,1,3,3,3,3,3,
AC42459bd,1,3,3,3,3,3,
AC423e792,1,3,3,3,3,3,
AC4214f8e,3,3,1,1,3,3,
AC42138b0,0,0,2,0,0,0,
AC4216368,3,3,1,3,3,3,
AC42155d3,3,3,1,1,2,3,
AC423ceca,3,3,1,1,2,3,
AC4213ea8,1,1,2,3,3,3,train
AC4244bbb,1,1,2,3,3,3,train
AC423fb55,2,1,2,2,3,3,val
AC424090c,2,1,2,2,3,3,val
AC42157c8,2,1,2,2,3,3,val
AC4215df3,1,1,3,3,3,3,
AC423dbe0,1,1,1,1,2,3,
AC42416ec,1,1,1,1,2,3,
AC4240da9,1,1,1,1,2,3,
AC4240d6c,1,1,2,1,2,3,
AC4216579,1,1,2,1,2,3,
AC424170e,1,1,2,3,2,3,
AC4244853,1,1,2,2,2,3,
AC4213f77,3,3,1,3,3,3,
AC4241b14,1,3,1,1,1,1,
AC4213916,1,3,1,3,3,3,train
AC42169cf,3,3,1,3,3,3,test
AC4216355,3,3,2,1,3,3,
AC42147c3,1,3,2,3,3,3,
AC4215d64,3,3,3,1,3,3,
AC423eda6,3,3,3,1,3,3,
AC4240296,3,3,3,1,3,3,
AC421558e,1,1,2,3,3,3,
AC4214f72,3,3,1,3,3,3,
AC42156d3,1,3,3,3,3,3,test
AC423dcb0,1,1,3,3,3,3,
AC42447ce,1,1,3,3,3,3,
AC423f452,1,1,3,3,3,3,
AC423f708,1,1,3,3,3,3,
AC42147df,1,1,3,3,3,3,
AC4216c23,1,1,2,3,3,3,
AC4216431,3,3,3,3,3,1,
AC4215d08,1,3,1,3,1,3,
AC4213f22,3,3,2,3,1,3,
AC42137cf,3,3,2,1,3,1,
AC42428ad,3,3,1,3,3,1,
AC4215bf1,3,3,1,3,3,1,
AC4214d2d,1,3,1,1,3,3,
AC4215032,3,3,1,3,3,3,
AC4216a48,1,1,2,2,1,3,
AC421624a,3,3,1,3,1,3,
AC4215ccc,1,1,1,3,3,3,
AC42146a4,1,1,3,3,3,3,
AC423e318,3,3,3,1,3,3,val
AC4213687,1,1,3,3,3,3,test
AC423c5d2,1,3,1,3,3,3,
AC423c58a,1,3,3,3,3,3,
AC4240110,1,3,2,3,3,3,
AC42402b8,1,3,2,3,3,3,
AC4213fab,3,3,1,3,3,3,
AC423fc17,3,3,1,3,3,3,
AC423dcb2,3,3,1,3,3,3,
AC4243355,3,3,1,3,3,3,
AC4216493,1,1,2,3,3,3,
AC423c671,1,1,2,3,3,3,
AC42164c8,1,1,2,1,3,3,val
AC423f6d2,1,1,2,1,3,3,val
AC421507a,1,3,1,3,3,3,
AC421574c,1,1,2,3,2,3,
AC42147cb,3,3,1,1,3,3,
AC4241bd4,1,1,3,3,1,3,
AC42165bd,1,1,1,3,3,3,
AC423dcdf,3,3,1,1,3,3,
AC423d92b,3,3,1,1,3,3,
AC4214157,3,3,1,1,3,3,
AC4242a31,3,3,3,3,1,3,
AC4213e66,3,3,3,3,1,3,
AC42155c6,3,3,1,1,3,3,
AC421368f,3,3,1,3,3,3,
AC421462b,3,3,3,3,1,3,
AC423dc5c,1,3,3,3,1,3,
AC424285a,1,3,3,3,1,3,
AC423c6d6,1,3,3,3,1,3,
AC4215cc9,1,3,3,3,1,3,
AC423e26a,1,3,3,3,1,3,
AC4240466,1,3,3,3,1,3,
AC4242723,1,3,3,3,1,3,
AC4245c8c,1,3,3,3,1,3,
AC424101c,1,3,3,3,1,3,
AC4215c3d,2,1,2,3,2,3,test
AC4215f06,2,1,2,2,3,3,
AC423ef8c,3,3,1,3,3,3,
AC42147f9,3,3,1,3,3,3,
AC4214053,3,3,3,1,3,3,
AC4215b68,3,3,1,3,3,3,test
AC42138bb,1,3,1,3,3,3,
AC4241a2d,3,3,2,1,3,3,
AC4213903,3,3,2,1,3,3,
AC4214fbb,1,1,1,3,3,3,
AC4214168,1,1,1,3,3,3,
AC424341b,2,1,1,3,3,3,
AC4214f4e,2,2,1,1,2,3,train
AC4214d2e,1,1,2,3,1,3,
AC4215565,3,3,1,3,3,3,
AC421628f,3,3,1,3,1,3,
AC4215691,0,0,0,0,0,0,
AC4214dd9,0,0,0,0,0,0,train
AC4214889,0,0,0,0,0,0,train
AC4214e97,0,0,2,0,2,0,
AC42146c3,0,0,0,0,0,0,
AC421467f,0,0,0,0,0,0,
AC421562a,0,0,0,2,0,0,test
AC42154c2,0,0,0,0,0,0,
AC42138ed,1,0,0,0,1,0,
AC4245250,2,3,3,3,1,3,
AC42169c0,2,0,0,0,0,0,
AC421418a,0,0,0,0,0,0,
AC4245add,0,0,0,0,0,0,train
AC4216bb6,0,0,0,0,0,0,train
AC4214e87,0,0,0,0,0,0,
AC4214742,1,0,2,0,1,0,
AC4213f2a,0,0,0,0,0,0,
AC4215e33,0,0,0,2,0,1,
AC42157d5,0,0,0,2,0,3,
AC4242940,1,0,0,0,0,0,
AC42139bc,1,0,0,0,0,0,
AC42148be,0,0,0,0,0,0,
AC42145da,0,0,2,0,0,0,
AC42137e0,0,0,0,1,0,0,
AC4215096,0,0,0,0,0,0,
AC421507c,0,0,0,0,0,0,test
AC4215c31,0,0,0,0,0,0,
AC4214fb9,0,0,1,0,0,0,
AC42164e9,0,0,0,0,0,0,
AC4214e7d,0,0,0,0,0,0,
AC4215b8f,2,0,1,0,0,1,
AC42148ab,0,0,0,0,0,0,test
AC421419e,1,0,2,0,2,0,
AC4215411,1,0,1,0,0,0,test
AC4213ed0,0,0,0,0,0,0,
AC423cdd2,0,0,0,0,0,0,
AC4214df7,1,1,1,1,0,0,
AC4216de9,1,1,1,1,0,0,
AC4216351,1,0,1,1,0,0,
AC4216c47,1,0,0,0,0,0,
AC421471c,0,0,0,0,0,0,
AC421657d,3,3,1,3,3,3,
AC4216a50,0,0,0,0,0,0,
AC4215d53,0,0,0,0,0,0,
AC421466c,0,0,0,0,0,0,
AC4216bbf,0,0,0,0,0,0,
AC42435da,0,0,0,0,0,0,
AC4214f96,0,0,0,0,0,0,
AC4216bbc,0,0,0,0,0,0,
AC4213ed5,2,0,0,2,0,0,
AC4215535,0,0,0,0,0,0,test
AC4214d76,0,0,0,0,0,0,
AC42155ff,2,0,2,1,0,0,
AC42139bd,2,0,2,2,0,0,
AC4213fc3,0,0,2,2,0,0,val
AC4241c31,1,1,2,2,3,3,val
AC421628b,0,0,0,0,0,0,test
AC4214691,0,0,0,0,0,0,
AC421646a,0,0,0,0,0,0,
AC421457c,0,0,0,0,0,0,
AC4213708,0,0,0,0,0,0,val
AC4216c57,0,0,0,0,0,0,
AC4215bf4,0,0,0,0,0,0,
AC42146df,0,0,0,0,0,0,
AC421625b,0,0,0,0,0,0,
AC42162fc,0,0,0,0,0,0,
AC42162d5,0,0,0,0,0,0,
AC4213fc2,0,0,0,0,0,0,
AC4216ac9,0,0,0,0,0,0,
AC4214d1f,1,1,1,0,0,0,
AC4244de5,1,0,1,0,0,0,
AC4216de5,1,0,2,0,0,0,
AC4214fa8,0,0,1,1,0,0,
AC4215509,0,0,0,0,0,0,
AC423f4a8,0,0,0,0,0,0,
AC4215e2c,0,0,0,0,0,0,
AC4215e66,2,1,1,0,2,0,
AC423f098,1,0,1,0,0,0,
AC42452e0,1,0,1,0,0,0,
AC423e053,1,0,1,0,0,0,
AC4214de7,1,0,1,0,0,0,
AC4216c56,0,0,0,0,0,0,
AC4213900,1,1,3,3,3,3,
AC423ce62,1,1,3,3,3,3,
AC42138a6,0,0,0,2,0,0,
AC4214827,0,0,0,0,0,0,train
AC421458d,0,0,2,2,0,0,
AC423fd77,0,0,3,0,0,0,test
AC4214f51,0,0,2,0,0,0,test
AC4213f2f,0,0,0,0,0,0,
AC4216539,0,0,0,0,0,0,
AC4214864,0,0,0,0,0,0,test
AC4216a92,0,0,1,0,0,0,
AC4215079,0,0,2,0,0,0,
AC4213ffe,0,0,0,0,0,0,
AC4215483,0,0,2,2,0,0,
AC4215422,0,0,0,0,0,0,
AC4216b3f,0,0,2,0,0,0,
AC421660e,3,3,3,1,3,3,
AC424363f,3,3,3,1,3,3,
AC42163b4,0,0,1,0,0,0,train
AC421634f,0,0,2,2,0,0,val
AC4215ba8,2,0,2,1,0,2,
AC42164d7,0,0,0,0,0,0,test
AC4215537,0,0,0,0,0,0,
AC4216bac,0,0,0,0,0,0,
AC42141b3,0,0,0,0,0,0,
AC423d4d4,0,0,2,0,0,0,
AC4215660,0,0,0,0,0,0,test
AC421396c,3,3,3,3,1,3,
AC4213ef0,1,1,1,0,1,0,
AC42415b4,2,2,2,0,1,0,
AC42164f1,0,0,0,0,0,0,
AC4213a1c,0,0,0,0,0,0,
AC421370c,0,0,0,0,0,0,
AC42155fa,0,0,0,0,0,0,test
AC4214f32,0,0,0,0,0,0,
AC4214745,0,0,0,0,0,0,
AC423d64e,0,0,0,0,0,0,test
AC423ce61,0,0,0,0,0,0,test
AC4214fc1,0,0,0,0,0,0,test
AC4213f84,0,0,0,0,0,0,
AC4214d4e,2,2,0,0,0,0,
AC42169a1,0,0,0,0,0,0,
AC4214630,0,0,0,0,0,0,
AC4216555,0,0,0,0,0,0,
AC4216501,0,0,0,2,0,0,
AC4213e53,0,0,1,0,0,0,
AC42139c0,3,3,1,3,3,3,val
AC42164ca,0,0,0,2,0,0,
AC4214559,0,0,0,3,0,0,
AC4215536,3,3,1,2,3,3,
AC4214e65,0,0,0,0,0,0,val
AC4213f94,0,0,0,0,0,0,test
AC4216308,0,0,0,0,0,0,
AC4214ed6,0,0,0,0,0,0,test
AC4213f53,0,0,2,2,0,0,
AC4215de6,0,0,0,0,0,0,
AC42137d2,0,0,0,0,0,0,
AC4241067,1,3,1,3,3,1,
AC4244ba0,1,3,2,3,3,1,
AC423bf71,1,3,2,3,3,1,
AC421490e,1,3,2,3,3,1,
AC4241a32,2,3,2,3,3,1,
AC4244723,2,3,2,3,3,1,
AC423fa5d,2,3,2,3,3,1,
AC4213710,0,0,0,1,0,0,test
AC421465a,0,0,0,2,0,0,test
AC4213f18,0,0,0,0,0,0,
AC4216c98,0,0,0,0,0,0,
AC421366c,0,0,0,0,0,0,
AC42147c8,0,0,0,0,0,0,
AC4213f2d,2,3,3,3,1,3,
AC4215cca,2,3,3,3,1,3,
AC4214d90,0,0,0,0,0,0,
AC4215ea7,0,0,0,0,0,0,
AC42169e3,1,1,0,0,0,0,test
AC4245ae1,0,0,0,0,0,0,
AC4216c3f,0,0,0,0,0,0,
AC4216552,0,0,2,0,0,0,val
AC42147bb,2,2,1,3,3,3,
AC4244dec,1,0,2,0,0,0,test
AC423bf41,1,0,2,0,0,0,test
AC423e67c,1,0,2,0,0,0,test
AC4240ab4,1,0,2,0,0,0,test
AC42453c1,1,0,2,0,0,0,test
AC42447fd,1,0,2,0,0,0,test
AC4215b6a,1,0,2,0,0,0,test
AC42155bc,0,0,0,1,0,0,
AC4213f46,0,0,0,0,0,0,
AC4214935,3,0,0,0,0,0,
AC4214636,0,0,0,0,0,0,test
AC42156b6,0,0,0,0,0,0,
AC4215d80,0,0,0,0,0,0,val
AC4213f35,0,0,0,0,0,0,val
AC4214dd2,0,0,0,0,0,0,val
AC4215e63,1,1,2,1,0,0,
AC423c886,1,1,2,2,3,3,
AC421364d,1,3,1,3,3,3,
AC4244e18,1,1,1,3,3,3,
AC4214794,1,1,1,3,3,3,
AC42169e8,2,1,2,0,2,2,
AC42147a6,0,0,0,0,0,0,test
AC4216cdb,0,0,0,0,0,0,
AC421565b,0,0,0,0,0,0,
AC4216415,0,0,0,0,0,0,
AC421640a,0,0,2,0,0,0,
AC421565e,3,3,1,3,3,3,
AC4214d5b,1,0,0,0,0,0,
AC4214069,0,0,1,0,0,0,
AC4215d14,1,3,1,1,3,3,val
AC421508f,0,0,0,0,0,0,
AC4214674,0,0,0,0,0,0,
AC42446ee,0,0,2,1,2,1,val
AC4216b0a,0,0,2,1,2,1,val
AC421399b,0,0,0,0,0,0,
AC42410bf,0,0,0,0,0,0,
AC4214daf,0,0,0,0,0,0,
AC4214ef3,0,0,1,0,0,0,
AC4213968,0,0,0,0,0,0,
AC4214894,0,0,0,0,0,0,
AC423e30f,0,0,0,0,0,0,
AC42169af,0,0,0,0,0,0,
AC4245de2,0,0,0,0,0,0,
AC4214760,1,1,1,2,0,0,train
AC42155e0,1,1,1,2,1,0,train
AC423f46e,2,2,2,2,1,3,train
AC421569f,0,0,0,0,0,0,
AC4216bc6,0,0,0,2,0,0,
AC42145c1,0,0,0,0,0,0,
AC4216be2,0,0,0,0,0,0,
AC421625a,0,0,0,0,0,0,
AC4215030,0,0,0,0,0,0,
AC4215043,0,0,0,0,0,0,
AC42165eb,0,0,0,0,0,0,test
AC4216367,1,0,1,1,1,0,
AC4216b75,0,0,0,0,0,0,
AC42163db,0,0,0,0,0,0,
AC4213ef1,0,0,0,0,0,0,
AC42148fa,0,0,0,0,0,0,
AC4216a98,0,0,0,0,0,0,train
AC42401a3,0,0,0,0,0,0,train
AC4215b80,0,0,0,0,0,0,train
AC4214eef,0,0,1,0,0,0,
AC4216994,0,0,0,0,0,0,train
AC4213f70,0,0,0,0,0,0,
AC42156b4,1,1,1,0,0,0,
AC4213fbe,1,1,1,3,3,3,
AC421541b,0,0,1,0,0,0,
AC4215693,0,0,0,0,0,0,test
AC4215089,0,0,0,0,0,0,test
AC42147d1,0,0,0,0,0,0,
AC4215e93,0,0,2,0,0,0,test
AC421369c,1,0,2,0,0,0,test
AC4215db7,0,0,0,0,0,0,
AC4215616,0,0,0,2,0,0,
AC4216b24,1,1,2,0,0,0,
AC42413ce,0,0,1,1,0,0,
AC42164f9,0,0,1,1,0,0,
AC423dc81,3,3,1,1,3,3,
AC4216b29,3,3,1,1,3,3,
AC42139f7,0,0,0,0,0,0,
AC4216a85,0,0,0,0,0,0,
AC4214d63,0,0,1,0,0,0,
AC423d373,0,0,0,0,0,0,
AC42148d4,0,0,2,0,0,0,
AC4215c40,0,0,0,0,0,0,test
AC4215e10,0,0,0,0,0,0,test
AC4216969,0,0,0,0,0,0,
AC4215d69,0,0,0,0,0,0,
AC421372d,0,0,1,0,0,0,
AC4215c9d,0,0,0,0,0,0,train
AC4216397,0,0,0,0,0,0,
AC4216b2b,0,0,0,0,0,0,
AC4244e96,1,0,0,0,1,0,
AC4215c02,2,0,0,0,2,0,
AC4240414,1,1,2,1,0,0,
AC42163de,1,1,2,1,0,0,
AC421395e,2,0,0,0,2,0,test
AC4216e27,0,0,0,0,0,0,train
AC4216406,0,0,0,0,0,0,
AC4214587,0,0,0,0,0,0,
AC423bffe,2,0,2,0,0,0,
AC423e17c,2,0,2,0,0,0,
AC4244d52,2,0,2,0,0,0,
AC4241dcc,2,0,2,0,0,0,
AC4242129,2,0,2,0,0,0,
AC42415b5,2,0,2,0,0,0,
AC4245e6e,2,0,2,0,0,0,
AC4245363,2,0,2,0,0,0,
AC421578b,2,0,2,0,0,0,
AC4215626,0,0,0,2,0,2,
AC4213840,0,0,0,0,0,0,
AC42139c4,0,0,0,0,0,0,
AC4215d76,0,0,0,0,0,0,
AC421379f,1,0,1,0,0,0,
AC4214fbf,0,0,0,0,0,0,
AC4215ce4,0,0,0,0,0,0,test
AC4215756,0,0,0,0,0,0,
AC4216561,0,0,0,0,0,0,
AC42155eb,0,0,0,0,0,0,
AC42136df,0,0,0,0,0,0,
AC4214023,0,0,0,0,0,0,train
AC42402e4,0,0,0,0,0,0,
AC4216d2b,0,0,0,0,0,0,
AC42421e1,3,3,3,3,1,3,
AC42147f3,3,3,3,3,1,3,
AC42140af,0,0,0,0,0,0,
AC4215b54,0,0,0,0,0,0,
AC42145dc,0,0,0,0,0,0,
AC42164bc,0,0,0,0,0,0,train
AC4216dce,1,0,0,0,1,0,train
AC423e2c4,1,0,0,0,1,0,train
AC424214c,1,0,0,0,1,0,train
AC4245378,1,0,0,0,1,0,train
AC424217a,1,0,0,0,1,0,train
AC424079a,1,0,0,0,1,0,train
AC4241476,1,0,0,0,1,0,train
AC423c07d,1,0,1,0,1,0,train
AC42169dc,1,0,1,0,1,0,train
AC423db96,2,3,1,3,2,3,train
AC423e75d,2,3,1,3,2,3,train
AC4241bdd,2,3,1,3,2,3,train
AC4216be3,0,0,0,0,0,0,
AC421461c,0,0,0,3,0,0,test
AC4216584,0,0,0,0,0,0,
AC4216bf9,0,0,0,0,0,0,test
AC4245cf2,0,0,2,1,0,0,val
AC423ce13,3,3,2,1,3,3,val
AC421369b,3,3,1,2,2,2,
AC4240457,1,0,0,0,0,0,
AC42426b6,1,0,0,0,0,0,
AC4214d41,0,0,0,0,0,0,test
AC42407d5,0,0,0,0,0,0,test
AC4215c1a,0,0,0,0,0,0,
AC423e011,0,0,0,0,0,0,
AC4213e5e,0,0,0,0,0,0,
AC42140d6,0,0,0,0,0,0,
AC42138b7,0,0,0,0,0,0,
AC423dc0b,0,0,0,0,0,0,
AC42147f2,0,0,0,0,0,0,
AC4214eee,1,0,0,0,0,0,
AC4213a0a,0,0,0,0,0,0,
AC42147db,0,0,2,0,0,0,
AC42140c8,0,0,0,0,0,0,test
AC4213646,0,0,0,0,0,0,test
AC4213e08,1,0,0,0,0,0,test
AC421402a,0,0,0,0,0,0,
AC421390b,0,0,0,0,0,0,
AC421419a,0,0,0,0,0,0,
AC4214e72,0,0,0,0,0,0,
AC4240ede,0,0,0,0,2,0,
AC421639f,0,0,0,0,0,0,
AC4244ef3,0,0,0,0,0,0,
AC4215e73,0,0,0,0,0,0,
AC4215c58,0,0,0,0,0,0,
AC4214033,0,0,2,2,0,2,
AC42146b2,0,0,0,0,0,0,
AC423bef4,0,0,0,0,0,0,
AC4216567,0,0,2,0,0,0,
AC42141a3,0,0,0,0,0,0,
AC4215c78,0,0,0,2,0,0,
AC4215445,0,0,0,0,0,0,
AC4216da5,0,0,0,0,0,0,
AC4214196,0,0,0,0,0,0,
AC4215522,0,0,0,0,0,0,
AC4215eee,1,0,2,0,2,2,
AC4216e01,1,0,2,0,2,2,
AC423c82a,1,0,2,0,2,2,
AC4214109,1,0,2,0,2,2,
AC4216341,0,0,0,0,0,0,
AC4216348,0,0,0,0,0,0,
AC424536f,0,0,2,2,0,0,
AC42164a1,0,0,2,2,0,0,
AC4216523,0,0,2,2,0,0,
AC4215c74,0,0,2,2,0,0,
AC4214d8e,0,0,1,0,0,0,
AC4216cb8,0,0,0,0,0,0,
AC4216b8b,0,0,2,0,0,0,
AC4216bf2,0,0,1,0,0,0,
AC423be31,2,0,2,2,1,0,
AC42408ac,2,0,2,2,1,0,
AC423fb93,2,0,2,2,2,0,
AC423d429,2,0,2,2,2,0,
AC42148d7,2,0,2,2,2,0,
AC4216adf,0,0,0,0,0,0,
AC423c144,3,0,2,0,2,2,train
AC423c771,0,0,0,0,0,0,
AC4215cae,0,0,0,0,0,0,
AC42440b8,3,3,1,1,3,3,
AC4214007,3,3,1,1,3,3,
AC42145bd,0,0,0,0,0,0,
AC4214e26,0,0,0,0,0,0,
AC4215ddf,0,0,0,0,0,0,
AC421639e,1,1,0,0,0,0,
AC423e8d1,1,1,0,0,0,0,
AC4243fca,1,1,0,0,0,0,
AC423c7ad,2,2,0,0,0,0,
AC42433c6,0,0,1,0,0,0,
AC4216b7c,0,0,0,0,0,0,
AC42154ee,0,0,0,0,0,0,
AC4214643,2,1,2,2,0,0,
AC4245417,2,1,2,2,0,0,
AC42421d0,3,0,2,2,0,0,test
AC423bf6a,2,0,2,2,0,0,test
AC4215634,2,0,2,2,0,0,test
AC42165f3,3,3,1,3,3,3,
AC42146cf,0,0,0,0,0,0,
AC4214755,0,0,0,2,0,0,
AC4242a0b,0,0,0,2,0,0,
AC423f641,0,0,0,2,0,0,
AC4214e58,0,0,0,2,0,0,
AC4216aad,0,0,0,2,0,0,
AC423c0ae,0,0,0,2,0,0,
AC423bf23,0,0,0,2,0,0,
AC4214071,0,0,0,2,0,0,
AC4241bcf,0,0,0,2,0,0,
AC4241d0e,0,0,0,2,0,0,
AC423be91,0,0,0,2,0,0,
AC423d957,0,0,2,2,2,0,test
AC421550c,0,0,2,2,2,0,test
AC4213901,0,0,2,2,2,0,test
AC42156fb,0,0,2,2,2,0,test
AC4215e2d,0,0,2,2,2,0,test
AC4240ad1,2,0,2,2,0,0,
AC4242076,2,0,2,2,0,0,
AC4216a01,2,0,2,2,0,0,
AC4214142,0,0,0,0,0,0,
AC4214117,0,0,0,0,0,0,
AC42136ec,0,0,0,0,0,0,train
AC4213664,0,0,0,0,0,0,
AC4214f13,0,0,0,0,0,0,
AC421638d,0,0,0,0,0,0,test
AC421504d,0,0,0,0,0,0,
AC421659c,0,0,0,0,0,0,
AC4244097,0,0,0,0,0,0,
AC4215b5d,0,0,0,0,0,0,
AC4213f55,0,0,0,0,0,0,
AC424332d,0,0,0,0,0,0,test
AC4215d38,0,0,0,0,0,0,test
AC423c7e1,0,0,0,0,0,0,test
AC4214802,0,0,0,0,0,0,test
AC42410ed,0,0,0,0,0,0,
AC4213998,0,0,0,0,0,0,
AC421372e,0,0,0,0,0,0,
AC4213e0f,0,0,0,0,0,0,val
AC4216b69,1,0,0,0,0,0,
AC4214e25,0,0,1,0,0,0,
AC423be53,3,3,1,3,3,3,
AC423fcb1,3,3,1,3,3,3,
AC423e959,3,3,1,3,3,3,
AC4216c6b,3,0,2,0,0,0,val
AC4213e7e,2,0,2,1,2,0,
AC42138bd,0,0,2,0,0,1,
AC42154c5,1,1,0,2,0,0,
AC4215ced,0,0,0,0,0,0,test
AC421562d,3,1,3,3,3,3,
AC4213f58,2,1,1,3,3,3,val
AC42164f7,1,1,2,3,3,2,train
AC424226c,1,1,2,3,3,2,train
AC4214139,1,1,3,3,3,3,
AC4214f6e,3,1,3,3,3,3,
AC4214dd1,3,1,3,3,3,3,
AC4215580,1,1,1,1,3,3,
AC42163c6,0,0,0,0,0,0,
AC42155f2,0,0,1,0,0,0,
AC4213f80,0,0,0,0,0,0,
AC4215718,1,1,3,3,3,3,test
AC4214159,0,0,0,0,0,0,
AC4214131,2,3,2,2,1,3,train
AC4242195,1,0,2,0,0,2,
AC4216288,1,0,2,0,0,2,
AC4215bbc,2,0,2,0,0,1,
AC421552c,0,0,0,0,0,0,test
AC4216470,0,0,0,0,0,0,
AC4216cfe,0,0,2,1,0,2,
AC4216aaa,0,0,2,0,0,0,
AC423d44d,0,0,2,0,0,0,
AC4214169,0,0,2,0,0,0,
AC4215787,0,0,0,0,0,0,test
AC4242187,0,0,0,0,0,0,
AC4214f55,0,0,2,0,0,0,
AC4215c63,0,0,2,0,0,0,
AC4243995,1,2,2,3,3,3,
AC4245ac4,1,2,2,3,3,3,
AC424046e,0,0,2,0,0,0,test
AC42430a0,0,0,2,0,0,0,test
AC42454cd,0,0,2,0,0,0,test
AC423c176,0,0,2,0,0,0,test
AC42169fc,0,0,2,0,0,0,test
AC423c0da,0,0,2,0,0,0,test
AC4216476,0,0,2,0,0,1,test
AC424014c,0,0,2,0,0,1,test
AC4215f09,0,0,2,0,0,1,test
AC4241aa4,0,0,2,0,0,1,test
AC424425a,3,3,2,3,3,1,test
AC423f3df,3,3,2,3,3,1,test
AC42146fa,3,3,2,3,3,1,test
AC423c01e,3,3,2,3,3,1,test
AC423ef37,3,3,2,3,3,1,test
AC42154d8,0,0,2,2,0,0,
AC421626a,0,0,2,2,0,0,
AC4216da8,0,0,0,0,0,0,
AC4241a4b,0,0,0,0,0,0,
AC423f0d6,0,0,0,0,0,0,
AC4216b56,0,0,0,0,0,0,
AC4213e11,0,0,2,2,0,0,val
AC4240403,1,1,2,1,1,3,
AC424519e,1,1,2,1,1,3,
AC423e2f3,1,1,2,1,1,3,
AC423f099,2,1,2,1,1,3,
AC423fabf,2,1,2,1,1,3,
AC42163f4,2,1,2,1,1,3,
AC42162b4,1,0,2,0,0,0,
AC4215b47,0,0,2,0,0,0,
AC42155f6,0,0,3,0,0,3,test
AC42138c3,1,1,2,0,1,2,
AC42157db,1,1,2,0,1,2,
AC421632d,1,1,2,3,1,2,
AC4214e2b,0,0,0,0,0,0,
AC42415f1,0,0,2,1,0,0,
AC424018a,0,0,2,2,0,0,
AC421393a,0,0,2,2,0,0,
AC42162c5,0,0,1,0,0,0,
AC423d3c4,0,0,1,0,0,0,
AC423c705,0,0,1,0,0,0,
AC4243b35,0,0,3,0,0,0,
AC42433ef,0,0,2,0,0,0,
AC423fae5,0,0,2,0,0,0,
AC4216955,0,0,2,0,0,0,
AC4244deb,0,0,2,0,0,0,
AC4215b61,0,0,2,1,1,0,test
AC4216c55,0,0,2,2,1,0,test
AC421660a,0,0,1,0,0,0,
AC4214192,1,1,1,0,0,0,
AC4241a92,1,1,1,3,3,3,
AC42138f1,1,1,2,3,3,3,
AC4214925,0,0,0,0,0,0,
AC4215e0c,0,0,0,0,0,0,
AC421697c,2,0,2,0,0,0,
AC42140d2,1,1,2,2,3,2,
AC424103a,2,0,2,0,0,0,
AC4241cdb,0,0,2,0,0,0,
AC423fd3c,0,0,2,0,0,0,
AC423c0dc,2,2,2,0,2,1,
AC4240e4e,0,0,2,0,0,0,val
AC4240d67,3,3,1,3,3,2,
AC423f403,3,3,1,3,3,2,
AC4244832,0,0,2,0,2,0,train
AC424580b,1,1,2,0,1,2,test
AC423d40f,1,1,2,0,1,2,test
AC4245acb,1,1,2,0,1,2,test
AC42409af,1,1,2,3,1,2,test
AC424100e,0,0,1,0,0,0,
AC4243627,2,2,2,0,1,0,
AC42426fa,1,1,1,0,0,0,val
AC4240ea2,2,2,1,2,2,1,
AC4242dda,3,3,1,2,3,3,
AC423ed7b,3,3,1,2,3,3,
AC424594a,3,3,1,2,3,3,
AC423d5d5,3,3,1,2,3,3,
AC4241d25,3,3,1,2,3,3,
AC4243b88,3,3,1,2,3,3,
AC4243a5a,3,3,1,2,3,3,
AC423e9e8,3,3,1,2,3,3,
AC4241697,0,0,2,1,0,2,
AC4241c70,0,0,2,0,0,0,
AC424457a,1,1,2,1,0,0,
AC423d403,2,2,2,0,2,0,
AC4241b79,1,0,2,1,0,0,
AC424524a,1,0,2,1,0,0,
AC42400fd,0,0,1,0,0,0,
AC423f44c,3,3,1,1,3,3,
AC42446a0,0,0,2,2,0,0,train
AC423e9b7,1,3,2,2,3,3,train
AC42448e0,0,0,2,0,0,0,
AC424343c,1,1,1,1,3,3,
AC4242fce,1,1,2,2,3,3,
AC423cd67,1,1,2,1,0,0,
AC423c117,0,0,0,0,0,0,
AC423e84e,0,0,0,0,0,0,
AC42434f6,1,1,2,0,0,0,
AC424361a,2,1,0,0,1,1,val
AC423fa1d,2,1,2,2,3,3,
AC423fb0c,1,3,2,3,1,1,
AC4241ada,0,0,2,0,0,2,
AC4240253,1,3,3,3,3,3,
AC423fda3,2,0,2,0,0,0,
AC423d3bd,2,3,1,2,2,2,
AC4245cf9,0,0,1,1,1,1,
AC4243f50,0,0,1,1,1,1,
AC4241c61,0,0,1,2,2,2,
AC424152e,0,0,1,2,2,2,
AC423eefa,2,3,2,3,2,1,
AC4244830,2,3,2,3,1,2,
AC42426bc,3,3,1,3,3,3,
AC423eee7,1,0,0,1,0,2,
AC424167f,2,3,1,2,1,2,
AC4243fd8,2,3,1,2,1,2,
AC42407bb,2,3,1,2,1,2,
AC423e060,2,3,1,2,1,2,
AC4240db4,2,3,1,2,1,2,
AC423d3fa,1,1,0,0,0,0,
AC4245785,1,1,0,0,0,0,
AC4243f9a,0,0,0,0,0,0,
AC42416ae,0,0,1,0,0,0,
AC42400a0,0,0,1,1,0,0,train
AC423f5d8,0,0,1,3,0,0,train
AC4243abd,0,0,1,2,0,0,train
AC423efaf,0,0,3,2,0,0,train
AC42436d6,0,0,0,0,0,2,test
AC42410e1,0,0,2,0,0,0,
AC423bf6c,0,0,2,0,0,0,
AC42428ab,2,2,2,2,3,1,
AC4245366,2,2,2,2,3,1,
AC423ef95,1,1,2,3,1,3,
AC423da77,2,2,0,0,0,0,
AC42454f3,2,0,2,0,0,2,test
AC423da35,2,0,2,0,0,2,test
AC424412d,0,0,0,0,0,0,
AC424528c,1,0,2,0,0,0,
AC423c12d,1,0,2,0,0,0,
AC423f575,1,0,2,0,0,0,
AC4241b33,3,1,2,3,2,3,
AC423cc1b,1,1,2,2,2,2,
AC4241729,1,1,2,2,2,2,
AC423c097,2,2,1,3,3,3,
AC423ceb2,2,0,1,1,1,0,
AC4243a44,2,1,2,2,2,3,
AC4240f8a,2,1,2,2,2,3,
AC423dbd7,2,3,2,3,3,1,
AC423c6ab,2,0,2,0,0,0,
AC4242db5,3,0,3,0,0,0,val
AC423e861,2,0,2,2,0,0,
AC42413fb,3,1,2,2,3,1,train
AC4242073,2,1,2,2,3,1,train
AC4244c6e,2,2,3,2,0,0,
AC423c784,2,2,2,2,0,0,
AC423c79b,3,3,1,3,3,3,
AC4244c2e,2,3,1,3,3,3,
AC423bf30,2,0,1,0,0,1,
AC423d32f,2,0,1,0,0,1,
AC4244051,0,0,0,0,0,0,
AC4240358,0,0,2,2,2,0,
AC4245d03,0,0,2,2,2,0,
AC4244e63,0,0,0,0,0,0,
AC423f0d5,2,3,2,0,2,2,
AC423cef3,0,0,2,0,0,0,test
AC424101a,2,2,2,2,1,0,
AC423bfbd,3,1,2,1,2,3,
AC4244d97,0,0,1,0,0,0,
AC423ee17,0,0,0,0,0,0,
AC42414c4,2,2,2,2,2,1,
AC423db5a,1,1,0,0,0,0,
AC4244281,1,1,2,3,3,3,
AC42409e8,2,2,2,3,2,1,
AC423f05a,2,1,0,0,0,0,
AC4245527,2,2,2,0,0,0,
AC4240161,2,2,2,0,0,0,
AC423c805,2,2,2,0,0,2,train
AC4245264,2,2,2,3,1,2,train
AC423be46,2,3,1,0,0,0,
AC4241025,2,2,1,3,3,3,
AC4240954,2,2,1,3,3,3,
AC423bfb7,2,2,2,3,1,2,
AC4240a6e,3,3,3,3,1,3,test
AC4243b6f,0,0,0,0,0,0,
AC4241c22,0,0,0,0,0,0,
AC423bfa4,1,3,3,3,3,3,val
AC4245173,0,0,2,2,1,2,
AC4241cd9,0,0,1,0,0,0,
AC423c5ab,1,3,2,2,3,3,
AC42435b3,2,1,2,0,0,1,
AC423c114,0,0,0,0,0,0,val
AC423bdc1,1,3,1,3,3,3,
AC42434fa,3,3,3,3,3,1,
AC423e224,2,0,2,0,0,2,
AC423d9e4,1,1,3,3,3,3,
AC42435be,2,1,2,3,1,2,
AC424330d,2,1,2,3,2,2,
AC4244885,2,1,2,3,2,2,
AC4242709,2,1,2,3,2,2,
AC4242223,0,0,2,0,0,2,test
AC4242d46,0,0,2,0,0,2,test
AC4243b75,2,2,1,2,0,0,val
AC423f644,2,2,1,2,0,0,val
AC423cf02,2,2,1,2,0,0,val
AC42448e1,0,2,2,0,0,0,
AC42415f5,0,0,2,2,2,1,test
AC42442ac,3,3,2,2,2,1,test
AC423c66b,2,0,2,2,1,0,
AC423f465,0,0,3,0,0,0,
AC4240217,2,1,2,3,1,3,
AC4242d47,1,0,2,3,0,0,
AC423cbeb,1,0,2,0,0,0,
AC423fac3,1,1,1,3,3,3,
AC4245dad,2,2,2,0,0,0,val
AC423fcd1,0,0,1,0,0,0,
AC423fb37,0,0,1,0,0,0,
AC423f069,2,2,2,2,2,0,
AC42426dc,2,2,2,2,2,0,
AC423fc61,1,3,2,3,3,3,
AC42435e6,1,3,2,3,1,3,
AC4244b83,0,0,3,2,0,0,train
AC4243031,2,0,3,0,1,0,
AC4240e72,2,1,2,1,0,0,
AC4242059,2,1,2,1,0,0,
AC423e2b0,2,2,2,3,1,1,
AC4244593,3,3,2,3,1,2,
AC424304c,3,3,2,3,1,3,
AC423f083,0,0,2,0,0,2,test
AC4240f17,2,2,2,0,1,0,
AC42432fd,1,1,3,2,3,3,
AC423db55,0,0,0,0,0,0,test
AC4245dd3,0,0,0,0,0,0,test
AC423cbcb,2,2,1,3,3,3,
AC423ea49,3,3,2,1,2,3,
AC4242d57,3,3,2,1,2,3,
AC4242d57,3,3,2,1,2,3,
AC4242d57,3,3,2,1,2,3,
AC4242d57,3,3,2,1,2,3,
AC4242d57,3,3,2,1,2,3,
AC4242d57,3,3,2,1,2,3,
AC4242d57,3,3,2,1,2,3,
AC4242d57,3,3,2,1,2,3,
AC4242d57,3,3,2,1,2,3,
AC4242d57,3,3,2,1,2,3,
AC4242d57,3,3,2,1,2,3,
AC4242d57,3,3,2,1,2,3,
AC4242d57,3,3,2,1,2,3,
AC4242d57,3,3,2,1,2,3,
AC4242d57,3,3,2,1,2,3,
AC4242d57,3,3,2,1,2,3,
AC4242d57,3,3,2,1,2,3,
AC4242d57,3,3,2,1,2,3,
AC4242d57,3,3,2,1,2,3,
AC4242d57,3,3,2,1,2,3,
AC4242d57,3,3,2,1,2,3,
AC4242d57,3,3,2,1,2,3,
AC4242d57,3,3,2,1,2,3,
AC4242d57,3,3,2,1,2,3,
AC4242d57,3,3,2,1,2,3,
AC4242d57,3,3,2,1,2,3,
AC4242d57,3,3,2,1,2,3,
AC4242d57,3,3,2,1,2,3,
AC4242d57,3,3,2,1,2,3,
AC4242d57,3,3,2,1,2,3,
AC4242d57,3,3,2,1,2,3,
AC4242d57,3,3,2,1,2,3,
AC4242d57,3,3,2,1,2,3,
AC4242d57,3,3,2,1,2,3,
AC4242d57,3,3,2,1,2,3,
AC4242d57,3,3,2,1,2,3,
AC4242d57,3,3,2,1,2,3,
AC4242d57,3,3,2,1,2,3,
AC4242d57,3,3,2,1,2,3,
AC4242d57,3,3,2,1,2,3,
AC4242d57,3,3,2,1,2,3,
AC4242d57,3,3,2,1,2,3,
AC4242d57,3,3,2,1,2,3,
AC4242d57,3,3,2,1,2,3,
AC4242d57,3,3,2,1,2,3,
AC4242d57,3,3,2,1,2,3,
AC4242d57,3,3,2,1,2,3,
AC4242d57,3,3,2,1,2,3,
AC4242d57,3,3,2,1,2,3,
AC4242d57,3,3,2,1,2,3,
AC4242d57,3,3,2,1,2,3,
AC4242d57,3,3,2,1,2,3,
AC4242d57,3,3,2,1,2,3,
AC4242d57,3,3,2,1,2,3,
AC4242d57,3,3,2,1,2,3,
AC4242d57,3,3,2,1,2,3,
AC4242d57,3,3,2,1,2,3,
AC4242d57,3,3,2,1,2,3,
AC4242d57,3,3,2,1,2,3,
AC4242d57,3,3,2,1,2,3,
AC4242d57,3,3,2,1,2,3,
AC4242d57,3,3,2,1,2,3,
AC4242d57,3,3,2,1,2,3,
AC4242d57,3,3,2,1,2,3,
AC424336b,2,0,2,2,1,2,
AC423e95f,0,0,0,0,0,0,
AC4242879,2,2,2,0,0,2,
AC42401c5,1,1,2,3,3,2,test
AC423d4cc,2,1,0,0,0,1,
AC4240811,0,0,2,0,1,0,val
AC423d47a,0,0,0,0,0,0,test
AC423e383,0,0,0,0,0,0,val
AC4242e11,0,0,0,0,0,1,
AC4244c46,2,2,2,0,1,0,
AC4241d8d,0,0,0,0,0,0,
AC4240395,0,0,2,0,1,0,
AC4244db1,0,0,0,0,0,0,
AC423fd50,2,0,2,2,0,0,
AC4244dd1,0,0,0,0,0,0,
AC423f5f9,1,0,2,0,0,0,
AC4244cbe,0,0,1,0,0,0,
AC4244115,1,0,2,2,1,0,
AC4240238,1,3,3,3,3,3,
AC4241a44,2,2,2,2,0,0,
AC423cd85,3,3,3,3,1,3,
AC423ef4f,0,0,2,0,0,0,
AC4242fab,1,1,3,3,3,3,
AC423d3a7,1,1,2,2,0,0,
AC423d63f,2,2,2,0,0,0,test
AC424487b,1,3,2,3,3,3,
AC423efc2,2,3,2,3,1,2,test
AC424538b,2,1,2,1,3,1,
AC4243f75,2,1,2,1,3,3,
AC4240422,1,1,2,0,0,0,
AC42421a6,0,0,1,0,0,0,
AC423e0c0,0,0,1,0,1,0,
AC4244c57,0,0,1,0,1,0,
AC423ea2b,3,3,3,3,3,1,
AC423c68c,2,0,2,2,2,2,
AC423dabe,1,0,2,0,0,0,
AC423f624,0,0,2,2,0,2,
AC423faeb,1,1,2,3,3,2,
AC42428e0,0,0,0,0,0,0,
AC4244653,3,3,2,3,1,3,
AC423f504,1,1,2,3,3,3,val
AC423da91,1,1,2,3,3,2,
AC423f518,3,3,2,0,0,2,val
AC4242a37,2,2,2,0,2,0,
AC42452ea,2,2,2,3,2,1,
AC423ed6e,1,1,2,0,1,1,
AC4244e34,1,1,2,3,1,2,
AC423dc83,1,3,2,3,3,2,
AC424171c,2,0,2,1,2,0,test
AC4244f12,2,0,2,1,2,0,test
AC4243b86,2,0,2,1,2,0,test
AC4245e2e,2,0,2,1,2,0,test
AC423bf81,2,0,2,3,2,0,test
AC42410ea,2,0,2,2,2,0,test
AC423c54a,2,0,2,2,2,0,test
AC4243fbc,2,0,2,2,2,0,test
AC423bff9,3,3,1,3,3,3,
AC424236f,2,3,2,3,1,3,
AC42401df,3,3,3,0,0,0,
AC424275d,2,2,2,0,0,1,
AC4241aa2,0,0,0,0,0,0,val
AC423f6b9,0,0,0,1,0,0,
AC4243c49,1,0,2,0,0,0,
AC423f5c8,2,2,2,0,0,0,
AC423d277,2,2,2,1,3,3,
AC423f43d,2,2,0,0,0,0,
AC423e097,3,3,2,2,1,3,
AC4243451,3,3,3,3,3,1,
AC4244580,0,0,1,2,0,0,
AC4240e3f,2,1,2,2,1,0,train
AC4241a81,0,0,2,0,0,0,
AC4240459,0,0,2,0,0,0,val
AC4244d02,2,1,2,0,2,2,
AC4244c5b,2,1,2,0,2,2,
AC423c17a,2,1,2,0,2,2,
AC423cdec,2,1,2,0,2,2,
AC424287c,1,0,2,0,0,1,
AC423e08a,1,0,2,0,0,1,
AC423e993,2,2,2,2,2,0,
AC4245171,2,2,2,2,2,0,
AC4242a1e,0,0,2,0,0,2,val
AC42407f9,0,0,2,1,0,2,val
AC4241462,2,1,2,3,2,3,
AC4241056,1,0,1,0,0,0,
AC4240203,1,0,2,0,0,0,
AC42445df,2,2,2,2,1,1,
AC4244da3,3,3,2,0,0,0,
AC42415ea,2,3,1,3,1,3,
AC423e379,2,2,1,3,1,3,
AC4243c8a,0,0,2,0,0,0,
AC4242208,0,0,2,0,0,0,
AC423dcb3,0,0,2,0,0,0,
AC4242e3f,2,2,1,3,1,1,
AC4244695,2,1,2,1,1,2,
AC42452da,2,3,2,3,1,2,
AC423f0aa,0,0,3,1,0,0,
AC42413e6,0,0,2,0,0,0,val
AC4243053,0,0,3,0,0,0,
AC4243fb5,2,1,2,3,1,1,
AC4240470,2,2,2,2,0,0,
AC4240dbc,2,2,2,2,0,0,
AC424106f,2,2,2,2,0,0,
AC423c132,0,0,2,0,0,0,
AC423beb5,0,0,2,2,0,0,
AC4244b6f,0,0,2,2,0,0,
AC42451f2,0,0,2,2,0,0,
AC4244062,0,0,2,2,0,0,
AC4243a8d,0,0,2,2,0,0,
AC423e0e1,0,0,2,0,0,1,
AC423e216,0,0,2,0,0,1,
AC4241c41,0,0,2,0,0,1,
AC423f615,2,2,2,1,2,0,
AC423c604,2,0,2,0,0,2,
AC4244020,1,0,1,0,1,0,
AC423d9bf,0,0,1,0,0,0,
AC42420a0,2,1,2,2,3,1,
AC4242206,2,0,2,2,0,0,
AC42436ac,2,1,2,2,2,1,
AC4242873,2,2,2,2,1,2,
AC42451e7,2,2,2,2,1,2,
AC4244597,2,2,2,2,1,2,
AC4240d6e,0,0,0,2,0,0,
AC4242157,1,1,1,1,0,0,
AC4241114,0,0,2,0,0,2,
AC42440d4,3,1,3,0,1,0,
AC42434e4,2,0,1,1,0,0,
AC4240f30,1,1,2,3,3,2,
AC42409e3,1,3,2,3,3,2,
AC4240fed,3,3,3,0,0,0,
AC4244df6,2,0,0,0,0,0,
AC42453e8,1,1,2,2,0,0,
AC423d3c2,1,1,2,2,0,0,
AC423ea38,0,0,2,0,3,0,
AC42410ba,2,2,2,0,2,0,train
AC423bf5f,2,2,2,0,2,0,train
AC423daaf,1,3,2,3,3,3,
AC423bdfb,1,1,2,3,2,3,test
AC42440f3,3,3,1,3,3,3,
AC4240da6,2,2,2,3,3,1,
AC423c4d7,0,0,2,1,0,0,
AC4243c24,0,0,2,1,0,0,
AC423ced5,3,3,2,1,3,3,
AC423dae9,0,0,0,0,0,0,
AC423cccc,0,0,2,0,0,3,
AC4241721,3,3,2,3,3,1,test
AC423c5d3,3,3,1,3,3,3,
AC423ee13,0,0,0,0,0,2,
AC423cbe4,0,0,2,0,1,0,
AC42422d6,0,0,2,0,1,0,
AC423ce4f,0,0,2,0,1,0,
AC424278b,0,0,0,0,0,1,
AC4244c10,0,0,0,0,0,2,
AC4241afa,0,0,0,0,0,2,
AC4242fc4,0,0,0,0,0,2,
AC423ee5e,2,1,2,0,0,0,
AC423d5b1,2,2,2,1,1,0,
AC423f3bd,0,0,2,0,0,0,
AC4241b06,1,1,2,3,3,3,
AC42409b8,2,1,2,3,1,3,
AC4243a07,1,1,1,1,3,3,test
AC423fc4e,0,0,2,0,0,0,
AC423fbe5,0,0,2,0,0,0,
AC4242697,1,1,2,3,1,3,
AC423db71,1,1,2,3,2,3,
AC423d328,0,0,0,0,0,0,
AC4243b8c,2,2,2,0,1,0,
AC4240e54,0,0,2,0,3,0,
AC4241c71,3,3,3,3,3,1,
AC4244566,2,2,2,0,0,0,
AC423c5a9,0,0,0,0,0,0,
AC4243684,3,3,1,3,3,3,
AC423e7c6,1,1,2,0,2,2,
AC423ef71,2,2,2,0,1,0,
AC423eee1,2,2,2,3,1,3,
AC42400c5,2,2,2,3,1,3,
AC423bdc0,2,2,2,3,1,3,
AC4244269,2,2,2,3,1,3,
AC4241425,2,2,2,3,1,3,
AC4245458,2,2,2,3,1,3,
AC4244c7d,2,2,2,3,1,3,
AC423ef1a,3,3,3,0,0,0,
AC4241dce,2,2,2,0,0,0,
AC4242759,2,2,2,0,0,0,
AC423f4b4,2,2,2,0,0,0,
AC424103f,2,2,2,0,0,0,
AC423cc26,0,0,3,3,0,0,
AC423ce91,0,0,2,2,0,0,
AC4245a39,2,2,2,0,0,0,
AC4242412,2,2,2,0,0,0,
AC42422cb,0,0,0,0,0,0,
AC4244169,0,1,2,0,1,0,
AC423c73f,0,1,2,0,1,0,
AC4244085,0,1,2,0,1,0,
AC4242fde,0,1,2,0,1,0,
AC423eec5,1,1,2,0,2,0,
AC423c6f0,1,1,2,0,2,0,
AC4245967,1,1,2,3,2,3,
AC423e7c8,0,0,0,0,0,0,test
AC4240192,0,0,2,0,0,0,val
AC4245cf1,2,2,2,2,2,0,train
AC4243440,0,0,0,0,0,0,test
AC423d963,0,0,0,0,0,0,
AC4240387,0,0,0,0,0,0,
AC4243f46,0,0,0,0,0,0,
AC423ed83,0,0,0,0,0,0,
AC423e69d,3,3,3,3,3,1,
AC423e7d9,3,3,3,3,3,1,
AC42445b8,2,2,2,1,0,0,
AC4245836,1,1,2,2,2,0,
AC423eefd,1,1,2,2,2,0,
AC4240a00,1,1,2,2,2,0,
AC4245de5,1,1,2,2,2,0,
AC423c4e1,1,1,2,2,2,3,
AC423daf0,1,1,2,2,2,3,
AC4245ad8,1,1,2,2,2,3,
AC423c742,1,1,2,2,2,3,
AC424041d,1,1,2,2,2,3,
AC423e378,2,2,2,0,0,0,
AC423f09d,2,3,2,0,1,0,
AC42441b2,2,1,2,3,1,3,
AC423c7a6,1,0,0,0,0,0,
AC4242829,1,1,0,0,0,0,
AC423cf23,1,1,0,0,0,0,
AC42410b3,0,0,0,2,0,0,
AC423e80c,0,0,0,0,0,0,
AC42400b4,2,1,2,2,3,2,
AC42420be,1,1,1,3,3,3,
AC423ee08,2,2,1,0,2,0,
AC423fdb3,3,0,2,0,0,0,
AC423c875,3,3,2,2,1,3,
AC4241455,2,2,1,0,0,0,
AC4240775,2,2,2,0,0,0,
AC424023d,0,0,0,2,0,2,test
AC4240297,1,1,2,2,2,2,
AC4241680,2,1,2,2,2,2,
AC423c7b4,0,0,1,0,0,0,
AC423d4b2,1,1,2,3,3,3,
AC4240e44,3,3,1,3,3,3,
AC423dcca,3,3,1,3,3,3,
AC4244b73,2,1,2,2,0,0,
AC424206f,2,1,2,2,0,0,
AC423c179,2,1,2,2,0,0,
AC423e811,2,3,2,2,0,0,
AC423e778,2,2,2,2,0,0,
AC4244bda,2,2,2,2,0,0,
AC423c08e,1,1,2,3,3,3,
AC423c78f,2,2,2,0,0,0,test
AC424549b,0,0,0,0,0,0,
AC423bee7,0,0,0,0,0,0,
AC42428ea,0,0,0,0,0,0,
AC4243a74,0,0,0,0,0,0,
AC423fd6a,1,0,0,0,0,3,
AC423fc0e,0,0,0,0,0,0,
AC423e9db,2,2,2,3,1,3,
AC424430e,0,0,0,0,0,0,
AC42440d5,2,3,2,3,1,2,
AC424288a,2,1,2,0,2,0,train
AC423daac,2,2,2,0,1,0,
AC423da57,1,1,1,3,3,3,
AC423e95b,2,1,2,3,3,1,
AC423e0d6,2,1,2,3,3,1,
AC423eeee,0,0,2,0,0,0,
AC423d9fc,0,0,3,0,0,0,
AC42421b3,2,0,2,2,1,2,test
AC423d98f,0,0,0,0,0,0,
AC4241529,0,1,2,0,2,0,
AC423c80a,0,0,1,0,0,2,
AC423e313,2,2,2,0,0,2,
AC423ccee,3,3,2,2,1,1,
AC423e0d2,1,1,2,3,1,3,
AC4241acc,2,2,2,0,0,0,
AC42415bc,2,0,1,0,2,0,test
AC42407e0,1,0,2,0,0,2,
AC423cf6b,0,0,0,0,0,0,test
AC423cd83,0,0,0,0,0,0,test
AC423f667,1,1,2,0,1,0,
AC423f57d,1,1,2,0,1,0,
AC423d3a4,1,2,2,3,2,3,
AC424343f,2,2,2,2,2,0,
AC423cc77,2,2,2,2,1,3,
AC4243903,2,2,2,2,1,3,
AC423fcf2,1,2,2,3,3,3,
AC4241684,2,2,2,0,0,0,test
AC423fbf2,1,3,2,3,3,3,
AC4243370,0,0,0,0,0,0,
AC423d55d,0,0,0,0,0,0,
AC423bdfc,2,2,1,3,2,3,
AC423e359,0,0,0,0,0,0,
AC423e2b4,0,0,2,0,0,0,
AC423da0a,1,1,0,0,0,0,
AC42401f5,3,3,3,3,3,1,train
AC424361d,1,1,2,2,0,2,
AC42428a2,1,1,2,2,0,2,
AC4242d7a,1,1,2,1,2,3,
AC4245788,3,3,1,3,3,1,
AC4244048,2,2,1,3,3,1,
AC4242e32,1,1,2,3,3,3,
AC423d559,1,1,2,3,3,3,
AC4243059,1,1,2,3,3,3,
AC423ed55,1,1,2,3,3,3,
AC42428dc,1,1,2,3,3,3,
AC423e8c7,1,3,2,2,1,3,
AC42403c7,2,2,1,1,0,0,
AC4240ee9,2,2,2,1,1,1,
AC42434b5,1,1,1,2,0,0,
AC423e00d,0,0,2,1,1,0,
AC423eec2,3,3,2,3,1,2,
AC424039f,0,0,2,0,0,2,
AC424011c,1,3,2,3,3,2,
AC423e94f,1,3,3,3,3,3,
AC424094c,1,3,3,3,3,3,
AC42423d9,1,3,3,3,3,3,
AC42413f6,1,3,3,3,3,3,
AC424081e,1,3,3,3,3,3,
AC423fada,1,3,3,3,3,3,
AC423d5d6,1,3,3,3,3,3,
AC423ea1a,1,3,3,3,3,3,
AC4243480,3,3,1,3,3,3,
AC4242d15,0,0,2,2,0,0,test
AC42402ad,0,0,2,2,0,0,test
AC42433b0,2,0,2,0,0,0,test
AC42441d0,1,3,2,3,3,1,
AC4244764,2,2,2,1,1,0,
AC4242802,2,2,2,1,2,3,
AC423da2a,2,2,2,1,2,3,
AC4244574,2,2,0,1,0,1,
AC423c4d5,0,0,2,0,3,0,
AC42429d5,1,0,2,0,0,0,val
AC423f70c,1,1,2,2,1,0,
AC423dcce,0,0,0,0,0,0,
AC42459c0,0,0,0,0,0,0,
AC423ed1b,0,0,0,0,0,0,
AC423fa2b,2,2,2,2,2,0,
AC423dbfe,2,3,2,2,1,3,val
AC423fb8c,2,1,2,3,3,3,
AC424095c,1,1,2,2,0,0,
AC4241b35,1,1,2,2,0,0,
AC423fc6b,1,1,2,3,2,3,
AC423cc72,2,3,2,3,1,3,
AC423dbfc,2,1,2,3,3,2,
AC423dbc0,0,0,0,0,0,0,
AC4240176,0,0,0,0,0,0,
AC423d46c,2,2,2,0,1,0,
AC423d346,1,1,2,1,0,0,
AC423be01,1,1,2,2,3,3,
AC4240ea3,2,3,1,3,2,3,
AC4242f1f,2,2,2,0,0,0,
AC4241ac9,2,2,2,0,0,0,
AC423faec,1,0,0,0,0,2,test
AC424483a,1,1,2,1,1,1,
AC42408b6,0,0,3,0,0,0,test
AC4245d18,1,1,2,0,0,1,val
AC423c08c,0,0,0,0,0,0,
AC42439f7,2,2,1,2,3,3,
AC4243f9f,1,1,2,0,2,0,
AC4240860,2,1,2,3,2,3,
AC424275f,1,1,3,3,3,3,
AC4241cbe,2,2,2,0,0,0,
AC423fd87,3,3,1,1,3,3,
AC4241757,0,0,2,1,0,1,
AC423da29,2,2,2,0,0,0,
AC4242ffa,2,1,2,0,1,2,train
AC423cc66,0,0,2,0,0,0,
AC42401d7,1,1,3,3,3,1,
AC42407b1,1,1,3,3,3,1,
AC42448f8,1,1,3,3,3,1,
AC424272f,2,1,3,3,3,1,
AC423f3b7,2,1,3,3,3,1,
AC4240d66,2,1,3,3,3,1,
AC4242093,2,1,3,3,3,2,
AC423e746,2,1,3,3,3,2,
AC4242925,3,3,1,3,3,3,
AC424163f,1,1,0,0,0,0,
AC423e15a,2,2,0,0,0,0,
AC42433e0,0,0,0,0,0,0,
AC423f539,0,0,0,0,0,0,
AC424070a,0,0,0,0,0,0,
AC423c780,1,1,2,2,0,0,
AC4243ff3,0,0,2,0,0,0,
AC423cd84,2,2,2,2,1,0,
AC423be20,2,2,2,2,1,0,
AC4240777,0,0,2,0,0,0,
AC423fb51,0,0,2,0,0,0,
AC423cc6d,3,3,1,3,3,3,
AC423be6e,1,1,1,0,0,1,
AC4244206,1,1,1,0,1,1,
AC4240877,2,2,2,0,1,2,
AC424422f,1,1,2,3,2,1,test
AC423f636,3,3,1,3,3,3,
AC423d4fe,2,0,1,0,0,1,
AC4244e05,2,0,1,0,0,2,
AC423c614,0,0,1,2,0,0,
AC423e392,2,2,2,0,0,0,
AC423bf15,2,2,2,0,0,0,
AC423e950,2,2,2,0,0,0,
AC424469d,2,1,2,2,0,0,
AC4241511,2,0,2,0,1,0,
AC4242d04,0,0,0,0,0,0,
AC423ef5b,0,0,0,0,0,0,val
AC423c88a,1,1,3,1,0,3,
AC4244d5b,2,2,0,0,0,2,
AC423c150,0,0,2,0,0,0,test
AC424486b,0,0,2,0,0,0,
AC423f00c,3,3,3,3,3,1,
AC4240890,3,3,3,3,1,3,test
AC42441d2,3,3,2,3,1,3,test
AC4244881,1,1,0,0,0,1,
AC423c51e,2,0,2,0,1,2,
AC423d270,2,2,2,2,0,2,
AC423d33c,2,2,2,2,1,2,
AC4244d7d,2,2,2,2,1,2,
AC423e8e6,2,2,2,2,1,2,
AC4242e82,2,2,2,2,1,2,
AC423d9b7,2,2,2,2,1,2,
AC423edab,2,2,2,2,1,2,
AC423ed50,2,2,2,2,1,2,
AC4242825,2,2,2,2,1,2,
AC423dbbe,2,2,2,2,1,2,
AC4244872,2,2,2,2,1,2,
AC4245825,1,0,2,0,0,0,
AC4240763,1,0,2,1,2,1,
AC42416a2,0,0,2,2,0,0,
AC4244912,2,2,2,2,1,0,
AC424594b,2,2,1,3,3,3,test
AC4243f34,2,2,1,3,3,3,test
AC423e9e9,0,0,2,0,0,0,
AC4243c2a,0,0,0,0,0,0,val
AC423ef07,3,1,3,3,1,0,
AC423d358,0,0,0,0,0,2,train
AC424417a,0,0,0,0,0,2,train
AC423e730,0,0,0,0,0,0,
AC423f396,0,0,1,0,0,0,
AC42435cb,0,0,1,0,0,0,
AC4243bf3,1,1,2,0,0,0,
AC42442ed,1,1,2,3,3,3,
AC4245501,1,1,2,3,3,3,
AC4242d0c,0,0,0,0,0,0,
AC423cbd5,0,0,3,0,0,0,
AC4243cc5,2,0,2,0,2,0,
AC4243499,2,2,2,2,0,0,
AC4244c37,1,0,2,0,1,0,
AC424460b,2,2,2,0,0,0,
AC423f00a,0,0,1,0,0,0,test
AC423bfcf,0,0,1,0,0,0,test
AC4240aa1,0,0,1,0,0,0,test
AC4241631,0,0,2,0,0,1,
AC4244d3d,2,2,2,2,0,0,
AC4244cb2,0,0,0,0,0,0,test
AC4241c25,1,3,3,3,3,3,
AC4244c1b,1,1,3,3,3,3,
AC4242e04,1,1,1,1,1,0,
AC423f558,2,2,1,2,1,0,
AC4240390,2,2,0,0,2,2,val
AC423e6e3,2,2,1,0,2,2,val
AC423bec1,2,0,0,2,0,0,
AC4240e96,2,2,2,2,2,0,
AC4244c3d,1,0,2,2,0,0,
AC4241ce2,1,0,2,2,0,0,
AC4240ac6,1,0,2,2,0,0,
AC4240894,1,0,2,2,0,0,
AC423f6aa,1,0,2,2,0,0,
AC423cf82,1,0,2,2,0,0,
AC4240436,1,0,2,2,0,0,
AC423e919,1,0,2,2,0,0,
AC42401d6,0,0,2,0,0,0,
AC4240095,3,3,3,3,3,1,
AC423e13a,0,0,0,0,0,0,
AC42452e1,0,0,0,0,0,0,
AC4242a21,1,0,2,2,2,0,
AC4244252,1,1,2,2,2,0,
AC4240807,1,3,3,3,3,3,
AC4240767,1,3,2,3,3,2,
AC423be05,0,0,2,2,0,0,
AC4243b17,0,0,2,2,0,0,
AC423db4e,0,0,2,2,0,0,
AC4245cc0,0,0,2,2,0,0,
AC423cd58,0,0,2,2,0,0,
AC423fd84,0,0,0,0,0,0,val
AC4241dd1,0,0,2,0,0,0,train
AC424168a,2,1,2,0,0,0,
AC4242757,2,3,3,3,3,1,train
AC4244ecb,2,0,2,2,1,2,
AC423d2ae,2,3,2,2,1,2,
AC423fd6d,2,3,2,2,1,2,
AC424360f,2,2,2,2,0,2,
AC423e2df,2,2,2,2,0,2,
AC423d45e,1,0,2,0,0,0,val
AC4241104,2,2,2,0,2,1,
AC423ce23,2,2,2,0,2,1,
AC424400b,2,2,2,0,2,1,
AC423fd11,2,2,2,0,2,2,
AC423dcbe,2,2,2,2,3,1,
AC4243521,2,2,2,2,3,1,
AC4244305,2,2,2,2,3,1,
AC4245388,2,2,2,2,3,1,
AC4244dab,2,2,2,2,3,1,
AC42454ef,2,2,2,2,3,1,
AC4245dc4,2,2,2,2,3,1,
AC424173c,2,2,2,0,0,0,val
AC423f04c,1,1,2,2,1,3,
AC423d34e,1,1,2,2,1,3,
AC423e79a,2,2,1,3,3,3,test
AC4241b17,2,2,1,3,3,3,test
AC423dd0a,2,2,1,3,3,3,test
AC423e9fe,0,0,2,0,0,0,
AC423e78c,0,0,2,0,0,1,val
AC423f57b,0,0,2,2,0,0,
AC4243640,0,0,2,0,0,0,
AC4241578,2,2,2,2,1,1,
AC423fa45,1,1,2,3,3,3,
AC4240236,2,2,2,2,1,3,
AC42401e2,1,0,3,0,0,0,train
AC4242887,2,0,2,0,1,0,
AC423ef6d,1,3,2,3,3,2,train
AC42408c9,0,0,0,0,0,0,
AC4242d54,0,0,2,2,1,0,
AC42448e6,3,3,2,2,1,3,
AC423d505,3,3,2,2,1,3,
AC42400ab,0,0,0,0,0,0,
AC42427f4,0,0,2,0,0,1,
AC4240149,1,0,1,0,0,1,train
AC424148c,1,3,2,3,3,3,
AC4243599,0,0,2,0,0,0,test
AC4241546,0,0,2,0,0,0,test
AC4240191,0,0,3,0,0,0,
AC423c783,0,0,0,0,0,0,
AC423fa81,0,0,0,0,0,0,
AC423da4a,3,3,1,2,3,3,train
AC423e835,1,1,2,2,0,0,
AC423c6c6,1,1,2,2,0,0,
AC423e0e8,1,1,2,2,0,0,
AC423e96c,1,1,2,2,3,3,
AC423ccc5,2,2,2,2,2,0,
AC4245a00,1,1,2,0,0,0,
AC4244e11,1,1,2,0,0,0,
AC423e6ac,1,1,2,0,0,0,
AC423cf19,2,2,2,1,0,0,
AC423d485,1,1,2,3,3,1,val
AC42422ef,2,2,1,2,3,3,
AC423eff2,0,0,2,0,0,2,
AC423ed10,2,0,2,2,0,0,val
AC4244ed8,0,0,1,2,0,0,
AC4244dc0,0,0,0,0,0,0,train
AC423fb29,2,2,2,0,1,0,
AC423e7f8,2,2,2,0,1,0,
AC423e091,2,2,2,3,2,1,
AC4243c6e,0,0,2,2,0,2,
AC4241a2a,2,0,2,0,0,0,
AC4244df2,2,2,2,3,1,3,test
AC4241ca4,0,0,3,0,0,0,
AC42433e8,0,0,2,0,0,0,
AC42407ff,1,1,1,2,3,3,
AC423fb79,1,1,0,0,0,3,
AC423e2b5,0,0,2,0,0,1,train
AC4244e84,2,2,2,2,1,2,
AC4244d26,3,3,2,3,1,3,test
AC423ef5e,2,3,2,1,1,3,
AC4243334,0,0,1,0,1,2,
AC4242d39,1,1,3,3,3,3,test
AC4240103,1,1,3,3,3,3,test
AC42442ad,0,0,2,1,0,2,
AC423bfd4,0,0,0,0,0,0,
AC423be24,3,3,2,3,1,3,
AC423cd98,1,0,2,0,0,2,
AC424221b,1,1,2,0,0,0,
AC424526c,2,2,2,2,0,0,
AC4241695,1,1,2,0,0,1,test
AC42410f8,0,0,0,0,0,0,
AC423cd46,2,0,2,0,0,0,
AC423e92b,2,2,2,2,0,0,
AC4241c64,0,0,0,0,0,0,
AC4240f5d,2,3,1,3,3,3,
AC423c820,0,0,2,0,0,0,
AC424339b,0,0,0,0,0,0,
AC42457ea,0,0,1,0,0,0,
AC424094d,2,2,2,1,2,3,val
AC423e03c,3,3,1,3,3,1,
AC423c505,1,0,0,0,0,1,
AC423cc45,1,0,1,0,0,3,
AC423e186,2,3,1,3,3,2,
AC423e81d,3,3,1,3,3,3,test
AC4242f3b,0,0,0,0,0,0,test
AC423f48b,0,0,0,0,0,2,
AC4241c04,0,0,0,2,0,0,
AC4244022,0,0,0,0,0,0,
AC4245c73,0,0,2,2,0,0,test
AC4241405,0,0,2,2,0,0,test
AC423e14e,1,0,0,0,0,1,val
AC423d5dc,3,3,1,3,3,3,
AC423f0d0,0,0,2,0,2,0,
AC423bfdb,0,0,0,0,0,0,
AC423f454,0,0,2,2,2,0,
AC423bed2,1,0,2,1,0,0,
AC423d4f6,1,0,2,2,0,0,
AC4240f5e,1,0,2,2,0,1,
AC42409f1,1,0,2,2,0,1,
AC423f4a4,2,0,2,2,0,1,
AC423e133,2,0,2,0,0,0,val
AC423ce0f,0,0,0,0,0,0,
AC423c174,0,0,0,0,0,0,
AC423f679,1,1,0,0,0,2,
AC4245991,1,1,0,0,0,2,
AC4240ff6,1,1,0,0,0,2,
AC423e82c,1,1,2,2,1,3,test
AC423e327,3,1,2,2,1,3,test
AC423dcb1,2,2,2,0,0,0,
AC423ce71,3,3,2,2,1,3,
AC423da75,3,3,2,2,1,3,
AC42459be,2,2,2,0,1,2,
AC423c0ea,2,2,2,0,1,2,
AC423bfc4,3,2,2,1,3,3,
AC4240a82,3,2,2,1,3,3,
AC423cf61,0,0,0,0,0,0,
AC423e1e5,3,3,1,3,3,3,
AC4243075,0,0,0,0,0,0,test
AC4240445,0,0,2,0,0,0,
AC4244e21,0,0,2,0,0,0,
AC423c0b2,0,0,0,0,0,0,train
AC4243b09,1,3,3,3,3,3,val
AC4242390,1,3,2,2,3,3,val
AC42435dd,1,3,2,3,2,3,
AC42448f5,0,0,2,0,0,0,
AC423fd4c,0,0,2,0,0,0,
AC42426c7,0,0,2,0,0,0,
AC42459c9,1,1,2,0,0,0,
AC4242f4f,1,1,2,0,0,0,
AC4241d8a,1,1,2,3,3,3,
AC42402b5,1,1,2,1,3,3,test
AC423ce83,2,2,2,3,3,1,
AC423cc4c,2,2,2,0,0,0,train
AC4241400,2,2,2,0,0,0,train
AC423f534,2,2,2,0,0,0,train
AC4244da4,2,2,2,0,0,0,train
AC42442c5,2,0,2,0,0,0,test
AC4244c88,2,2,2,2,1,0,
AC4241076,2,2,2,2,0,2,
AC423eeed,0,0,2,0,2,0,
AC423faa2,2,0,2,0,0,1,
AC42413d7,2,1,3,2,3,3,
AC42400a7,1,1,3,3,3,3,
AC4243c0b,3,3,3,1,3,3,val
AC423e7b1,0,0,2,0,0,0,
AC4243013,1,1,2,2,2,3,
AC42410e8,1,1,3,3,3,3,
AC4242f34,1,1,2,1,0,0,train
AC42402ba,1,1,2,1,0,0,train
AC423d2c4,2,1,2,1,0,0,train
AC423f426,0,0,2,0,0,2,
AC423c4e5,0,0,2,0,0,2,
AC423d324,0,0,2,0,0,2,
AC4240ac8,0,0,2,0,0,2,
AC42433f7,2,2,2,2,1,3,
AC4241d30,0,0,0,0,0,0,test
AC4240472,2,1,2,2,1,2,
AC42446ba,0,0,0,0,0,0,
AC423fa9c,0,0,0,0,0,0,
AC423db44,0,0,0,0,0,0,
AC4243ff6,2,2,2,0,1,0,
AC424162c,1,0,1,0,0,0,
AC4241d0b,0,0,0,0,0,0,train
AC423d5e2,2,2,2,2,0,2,
AC423f3e4,2,1,1,3,3,3,
AC423dadc,2,1,2,3,2,3,val
AC4242f79,2,3,2,2,1,0,test
AC4242755,0,0,2,0,0,0,
AC423d5a9,0,0,2,0,0,0,
AC424583f,2,2,2,2,1,0,
AC423f0ac,2,1,0,0,0,1,
AC424075a,1,1,2,2,1,2,
AC423f5e2,1,1,3,3,3,3,test
AC423f097,1,1,1,3,1,0,
AC42410c3,0,0,1,2,0,0,
AC423ccd1,0,0,1,2,0,0,
AC424104d,1,1,2,1,3,3,
AC42402a6,0,0,0,2,0,0,
AC424521a,0,0,0,2,0,0,
AC42458ba,0,0,0,2,0,0,
AC423c0d5,0,0,2,0,1,2,
AC423d3a1,1,1,2,0,1,0,
AC423f0e5,2,2,2,2,0,2,
AC4245833,2,2,2,2,0,2,
AC4243b6c,0,0,0,0,0,0,
AC4240781,0,0,0,0,0,0,
AC42441cf,1,1,3,3,3,3,train
AC424298f,1,1,3,3,3,3,train
AC42433b8,1,1,3,3,3,3,train
AC42441bc,0,0,0,0,0,0,
AC42403c0,0,0,0,0,0,0,
AC423d5fc,1,3,2,3,3,3,test
AC4243c4b,1,3,2,3,3,3,
AC423f65d,1,3,2,3,3,3,
AC4242d48,0,0,2,0,2,0,
AC4245166,0,0,2,0,2,0,
AC4243c2f,1,0,3,0,0,0,
AC423f523,2,1,2,0,0,0,
AC4240ae9,0,0,1,0,0,0,
AC4245b2f,3,3,1,3,3,3,
AC42409aa,3,3,1,3,3,3,
AC4240d87,3,3,1,3,3,3,
AC423d63e,1,1,1,3,3,3,train
AC423d52a,1,1,1,3,3,3,train
AC42427c3,1,1,1,3,3,3,train
AC4242eed,1,1,1,3,3,3,train
AC423e280,2,2,1,3,3,3,train
AC4240dd2,0,0,0,0,0,0,test
AC423db33,2,2,2,0,2,0,
AC423fc93,2,2,2,2,2,0,
AC423d93d,1,1,3,3,3,3,
AC423cc6c,1,1,3,3,3,3,
AC423fdfb,1,1,3,3,3,3,
AC4242e41,2,0,2,0,0,2,
AC424349c,2,1,2,2,1,3,
AC4242ccc,2,1,2,2,1,3,
AC4245e65,2,1,2,2,1,3,
AC4242113,2,1,2,2,1,3,
AC4243597,2,1,2,2,1,3,
AC424277e,2,1,2,2,1,3,
AC423d5cd,2,1,2,2,1,3,
AC424330e,2,1,2,2,1,3,
AC423be47,2,1,2,2,1,3,
AC42433bb,0,0,0,0,0,0,
AC4240731,0,0,0,0,0,0,
AC424105f,2,2,1,1,1,0,
AC4240a3a,0,0,0,2,0,0,
AC4240e63,1,1,2,2,3,3,
AC423f528,1,1,2,2,3,3,
AC42420e8,0,0,0,0,0,1,train
AC42413da,0,0,2,0,0,0,
AC42440e0,0,0,1,0,0,0,
AC423cc05,0,0,2,0,0,0,
AC4244ddd,0,0,0,0,0,0,
AC423f4ad,1,3,2,3,2,3,
AC423e86f,0,0,0,0,0,0,test
AC42458cb,2,0,2,0,1,2,
AC4242787,2,1,2,0,1,2,
AC423e679,2,2,2,3,1,3,
AC423e695,0,0,0,0,0,0,
AC4244df4,2,0,2,0,0,0,
AC423f5e5,0,0,0,0,0,0,
AC423f5b0,2,1,2,2,3,3,
AC42439fd,1,1,2,2,3,0,
AC423cedb,2,2,1,0,0,0,test
AC423cc75,2,2,1,0,0,0,test
AC4240a28,2,2,2,0,0,0,
AC4240a8b,0,0,0,0,0,0,
AC42422ec,0,0,0,0,0,0,
AC4243c4a,1,1,2,2,0,2,
AC423da11,1,1,2,2,0,2,
AC4245477,1,1,2,2,0,2,
AC423d49f,1,3,3,3,1,1,train
AC424105a,3,3,1,3,3,3,
AC423d32a,2,3,2,1,3,3,test
AC4241781,0,0,2,0,0,0,
AC423c6fa,2,2,2,0,1,0,train
AC423fba5,1,1,1,3,3,3,train
AC423f076,1,1,0,0,0,0,
AC423d36e,3,0,2,2,2,2,
AC4242fc9,0,0,1,0,0,1,
AC423f759,2,2,2,0,1,0,test
AC423d4b1,0,0,0,0,0,0,train
AC423fd72,1,0,2,0,2,0,
AC4242f6f,0,0,0,0,0,0,
AC4245d8f,0,0,0,0,0,0,
AC423e78d,1,3,2,3,1,3,
AC4240a84,3,3,1,3,3,3,
AC42426fe,0,0,3,0,0,0,
AC4244c60,0,0,2,0,0,0,
AC4242237,0,0,0,0,0,0,
AC424220e,1,1,0,0,1,0,test
AC423e11f,2,0,0,0,0,0,
AC42402ce,3,3,2,3,3,1,
AC42435a9,1,1,1,1,3,3,
AC4244086,1,1,1,1,3,3,
AC42426c5,0,0,2,0,0,0,
AC423dc1b,2,0,2,2,0,0,test
AC4241121,0,0,3,3,1,0,train
AC423fbe9,0,0,0,2,0,0,
AC42402cb,0,0,2,0,1,0,
AC423d53f,3,3,3,0,0,0,test
AC4244c32,0,0,0,0,0,1,
AC424409a,0,0,0,0,0,1,
AC423c619,0,0,0,0,0,1,
AC423fb92,0,0,0,0,0,1,
AC423f469,0,0,0,0,0,0,train
AC423d547,0,0,0,0,0,0,train
AC4240fe7,0,0,0,0,0,0,train
AC4242ea9,0,0,0,0,0,0,train
AC423c874,2,2,2,2,1,3,
AC423e916,0,0,1,0,1,0,
AC423c5be,1,1,1,0,1,0,
AC4241510,1,1,1,3,1,3,
AC4245526,2,0,0,0,0,0,
AC42410ad,2,0,0,0,0,0,
AC4240eda,0,0,2,2,0,0,
AC42403e5,1,3,2,2,1,3,
AC423ea1f,0,0,0,0,0,0,val
AC423cf3c,0,0,1,0,0,0,
AC424307d,0,0,0,0,0,0,
AC4244d9c,1,1,0,0,0,0,train
AC423e8b9,0,0,0,0,0,0,
AC423dbd5,2,2,2,0,1,0,
AC4241c09,2,2,2,0,1,0,
AC42423d3,2,2,2,0,1,0,
AC4244718,2,2,2,3,1,3,
AC423e302,0,0,0,0,0,0,
AC4240820,3,3,1,3,3,3,
AC4244bf4,1,1,3,2,2,1,train
AC4242f57,2,1,3,2,2,1,train
AC423dbf8,2,1,3,2,2,2,train
AC424539f,2,1,3,2,2,2,train
AC4243b5d,2,1,1,1,3,3,
AC423e6c5,1,0,1,2,0,0,
AC423e000,0,0,2,0,0,0,
AC4241419,0,0,2,0,0,0,
AC4244113,2,2,2,1,3,3,
AC423e124,0,0,0,0,0,1,
AC4243598,2,2,2,0,2,0,
AC424167c,1,0,2,0,1,0,
AC423f6af,1,3,2,3,1,3,
AC42447a8,1,3,2,3,1,3,
AC4240f06,1,3,2,3,1,3,
AC4244293,1,3,2,3,1,3,
AC424597c,1,1,2,2,2,3,
AC4240deb,1,1,2,2,2,3,
AC4240759,2,0,2,0,0,0,
AC4241a7b,2,0,2,0,0,0,
AC423c64e,0,0,2,0,0,0,test
AC4245882,0,0,2,0,0,0,test
AC423dbeb,2,2,1,3,3,3,
AC42427eb,0,0,2,0,0,1,
AC423c888,0,0,2,0,0,1,
AC423f67e,2,2,1,2,2,2,
AC423edbf,0,0,2,2,0,0,
AC42447d8,0,0,0,2,0,2,test
AC424369a,1,0,0,0,0,1,
AC42440d3,0,0,2,0,0,0,
AC4240acf,0,0,2,0,2,0,
AC423e29f,2,2,2,1,2,2,val
AC424366d,1,1,1,0,0,0,
AC4244df9,0,0,2,1,0,0,
AC423bfe4,3,3,1,2,3,3,
AC4245d98,0,0,1,0,0,2,
AC424356c,0,0,1,0,0,2,
AC4242d50,0,0,1,0,0,2,
AC4241a17,2,0,2,0,2,1,train
AC4240750,3,3,2,3,3,1,
AC4242a5b,0,0,0,0,0,0,
AC423c7e3,0,0,2,0,0,2,
AC423d4df,3,3,1,3,3,2,
AC4242ee2,1,1,1,1,1,0,train
AC4243c44,2,2,2,2,1,0,train
AC4242dee,0,0,1,0,0,0,
AC423ce04,2,1,2,0,0,0,
AC42435b5,2,1,2,0,0,0,
AC4240dd4,3,3,1,3,3,3,
AC423e2a6,0,0,3,0,0,0,
AC4244845,2,1,2,3,3,3,
AC423dad5,2,2,2,3,3,1,
AC424046d,0,0,2,2,2,0,
AC4242e15,0,0,0,0,0,0,
AC424390c,0,0,0,0,0,0,
AC4241039,1,0,2,2,2,0,
AC423f05f,3,3,1,3,3,3,
AC4245d37,3,3,1,3,3,3,
AC423e9f6,3,3,1,3,3,3,
AC423d2be,0,0,1,1,0,0,
AC4243a69,2,2,2,2,1,2,
AC424579c,2,2,2,2,1,2,
AC424582a,2,2,2,2,1,2,
AC42407fc,1,3,2,3,2,2,
AC423dffa,1,3,2,3,1,3,
AC42434f1,2,1,1,0,0,1,
AC423d982,0,0,2,0,0,0,
AC4242ec1,0,0,2,0,0,0,
AC42423fb,0,0,2,0,0,0,
AC423f4b8,0,0,2,0,0,0,
AC423d32e,1,3,2,1,3,3,
AC423e7b3,2,2,2,3,1,1,
AC4244d53,2,2,2,3,1,1,
AC42448a2,2,0,0,0,0,0,train
AC423e158,2,0,2,0,0,0,
AC42401c6,1,1,0,0,0,0,
AC42446e7,0,0,1,0,0,0,
AC4242dd5,2,2,1,0,0,2,test
AC4242905,1,1,2,3,1,3,
AC423c7e5,3,3,2,1,2,3,val
AC423dc3a,0,0,2,0,0,1,
AC423cc8e,2,0,2,0,0,2,
AC423f3c6,2,0,2,0,1,0,
AC4242e65,2,0,2,0,1,0,
AC4242cd9,1,1,2,0,1,0,
AC423e2ad,2,0,2,0,0,0,
AC4240942,2,0,2,0,0,0,
AC4241cb1,2,3,2,1,3,3,
AC4243c6c,0,0,3,0,0,0,
AC423c737,2,2,2,2,0,0,
AC423dc8e,1,1,2,3,3,3,
AC4241ddc,0,0,2,0,2,0,train
AC4244151,3,3,2,3,1,3,
AC4241cca,0,0,0,0,0,0,
AC4242fbb,2,2,2,3,3,1,
AC424170c,2,0,0,0,0,2,test
AC423fd23,0,0,0,0,0,1,train
AC423d4b4,2,1,1,3,1,2,
AC423ee59,2,2,3,3,1,3,
AC423fdc3,1,1,1,3,3,3,test
AC424351a,2,2,2,0,0,0,
AC42441fa,0,0,0,0,0,1,
AC4242ef1,2,0,2,3,0,0,
AC423c61a,2,0,2,2,0,0,
AC423f071,0,0,0,0,1,0,
AC423efc5,2,2,2,2,2,0,
AC423fb4e,2,2,2,2,2,0,
AC424209a,0,0,0,0,0,0,
AC424526f,2,1,2,2,3,3,
AC4240816,3,3,3,1,3,3,
AC423d9b0,2,0,2,0,0,0,test
AC423d527,1,3,2,3,2,3,train
AC423f44f,0,0,2,0,0,0,
AC42409cf,2,2,2,0,0,2,
AC424486a,0,0,0,0,0,0,
AC42459ef,0,0,0,0,0,0,
AC4241a16,2,3,2,1,1,3,
AC423f69c,0,0,2,2,2,2,
AC4243c6f,3,3,3,1,3,3,
AC423e336,2,0,1,1,2,0,
AC423e085,0,0,0,0,0,0,val
AC424399b,1,3,2,1,1,3,
AC4240ddc,0,0,2,0,1,0,
AC4242111,0,0,2,0,0,0,
AC4242936,0,0,1,0,0,0,
AC42436c3,3,1,2,3,3,3,
AC423c160,2,1,2,3,3,3,
AC42434ed,2,1,2,3,3,3,
AC4245862,0,0,2,0,0,0,
AC4240d59,0,0,2,0,0,0,
AC42416bf,0,0,2,0,0,0,
AC423c71f,0,0,2,0,0,0,
AC424236a,0,0,2,0,0,0,
AC423cc82,0,0,2,0,0,0,
AC424528b,0,0,0,0,0,0,test
AC423db8c,2,2,2,2,2,1,
AC4242d4a,0,0,0,2,0,0,
AC423be71,1,0,0,0,1,0,
AC423c069,0,0,0,0,0,1,val
AC423ee64,0,0,0,0,0,1,val
AC42432f1,0,0,0,0,0,1,val
AC423cc2f,2,1,0,0,0,2,
AC42441ac,2,2,2,2,0,0,
AC4243c21,1,1,2,2,1,3,test
AC42435b4,1,1,2,2,2,3,
AC4243329,0,0,0,0,2,0,
AC4243cc0,0,0,0,0,2,0,
AC4243fdd,1,3,2,2,3,3,
AC423e0d8,0,0,1,0,0,2,test
AC4240fa9,0,0,2,0,0,2,test
AC423d5f2,0,0,2,0,0,2,test
AC423ee2d,0,0,0,0,0,0,
AC4245e66,0,0,0,2,0,2,val
AC42410bb,0,0,0,2,0,2,val
AC423e31f,0,0,0,2,0,2,val
AC424527b,2,2,2,0,0,0,
AC42409c1,2,2,2,0,0,0,
AC4243b22,0,0,0,0,0,0,test
AC4240206,2,2,2,1,0,2,
AC4243cc1,2,2,2,1,0,2,
AC423e7d7,0,0,2,2,0,0,
AC424174f,2,1,1,3,1,3,
AC42434a4,2,2,1,3,1,3,
AC423d414,2,2,1,3,3,3,
AC423be9c,0,0,2,0,0,0,
AC423e8a7,0,0,0,0,0,0,
AC42459ec,2,1,2,1,1,3,
AC423ccfd,2,1,2,1,1,3,
AC42416c2,1,1,3,3,3,3,
AC4244137,1,1,2,2,2,0,
AC423c6b4,2,0,2,2,1,0,train
AC423f06b,2,0,2,2,2,0,train
AC4244f11,2,0,2,2,2,0,train
AC423e0de,2,0,2,2,2,1,train
AC423bdcc,2,3,2,2,2,1,train
AC424392e,2,2,0,0,0,0,
AC424036b,2,2,0,0,0,0,
AC423e0e6,0,0,0,0,0,2,
AC423cc18,0,0,0,2,0,0,
AC423e2e2,3,3,1,2,3,3,
AC42427a9,1,0,0,0,0,0,test
AC423e8e1,0,0,2,0,0,0,
AC423efec,2,2,2,0,2,2,
AC4243040,1,1,2,2,3,3,
AC4244c08,2,2,1,1,1,1,test
AC4241b91,0,0,2,0,0,0,
AC4245cdb,3,3,3,3,1,3,
AC4244e58,3,3,3,3,1,3,
AC423f6df,3,3,3,3,1,3,
AC4245b12,3,3,3,3,1,3,
AC423e12a,3,3,3,3,1,3,
AC4241bcd,2,2,2,3,2,1,
AC423d5ca,2,2,2,3,2,1,
AC424369f,2,0,2,0,2,0,
AC423f012,2,2,2,2,2,0,
AC423ee74,1,3,2,3,2,3,
AC42435a8,3,3,1,1,3,3,
AC423ee63,1,1,2,0,1,0,
AC423d572,1,1,2,2,0,0,
AC423f540,1,1,3,3,3,3,
AC4242e47,1,1,3,3,3,3,
AC424075f,1,1,3,3,3,3,
AC423e101,1,1,3,3,3,3,
AC4245996,1,1,3,3,3,3,
AC4243ac7,1,1,3,3,3,3,
AC423fadd,1,1,3,3,3,3,
AC423fc79,1,1,3,3,3,3,
AC42422e9,0,0,1,0,0,0,
AC4242d22,2,2,0,0,0,0,
AC4240fbe,0,0,0,0,0,0,
AC4242f92,0,0,0,0,0,0,train
AC423e7e0,0,0,0,0,0,0,train
AC423e9d0,0,0,0,0,0,0,train
AC4242d05,0,0,0,0,0,0,train
AC4245394,2,2,3,2,1,1,
AC424596e,2,2,2,2,1,1,
AC423dc54,2,2,2,2,1,1,
AC4244028,2,2,2,2,0,0,
AC4241bd5,0,0,2,0,0,0,
AC423f64e,2,2,2,2,2,0,
AC423cf78,2,2,2,2,2,0,
AC424290c,2,2,2,2,2,0,
AC4241b03,2,2,2,2,2,0,
AC423e108,2,2,2,2,2,0,
AC4244806,0,0,0,2,0,2,test
AC4244247,0,0,0,2,0,2,test
AC423fc77,2,2,2,0,0,0,
AC423f48a,0,0,0,0,0,0,
AC423c763,0,0,1,0,0,0,
AC42434b0,0,0,0,0,0,0,
AC423be3b,1,0,2,2,2,0,
AC42420c3,3,3,1,3,3,3,
AC424349b,3,3,1,3,3,3,
AC4243fbe,3,3,1,3,3,3,
AC4241059,0,0,2,0,0,2,
AC4240e4a,0,0,2,0,0,0,train
AC424331e,2,2,2,2,0,0,
AC42422dd,3,3,1,3,3,3,
AC424172d,0,0,2,0,0,0,test
AC4244579,1,0,1,2,0,0,
AC42454c5,1,3,1,2,3,3,
AC4240367,0,0,2,0,2,0,
AC42421e9,0,0,1,0,0,0,
AC424294d,0,0,0,0,0,0,
AC4243fae,1,1,2,2,2,3,
AC423db05,2,2,2,0,0,0,
AC4244823,2,1,2,1,1,1,
AC423e2c2,2,1,2,1,1,1,
AC424344c,0,0,0,0,0,1,
AC4241773,3,3,2,0,0,1,
AC423f078,0,0,0,0,0,0,train
AC4243f8f,1,0,0,0,0,0,
AC424483f,2,0,0,0,0,0,
AC4245df0,0,0,1,0,0,0,
AC423c155,1,1,3,3,3,3,
AC4245170,2,2,2,0,0,0,
AC4243aa2,2,2,2,0,0,0,
AC423f41c,2,2,2,3,3,1,
AC4244b7e,1,1,1,3,0,0,
AC4240db6,0,0,0,0,0,0,
AC42435a5,0,0,0,0,0,0,
AC42447ad,1,1,2,2,0,0,
AC423e001,1,1,2,2,0,0,
AC423d4af,1,1,2,2,0,0,
AC42422a6,1,1,2,2,0,0,
AC423e2e0,1,1,2,3,3,1,test
AC4241c47,0,0,1,1,1,0,
AC4245af3,2,1,2,2,3,3,
AC423d642,1,3,2,2,3,3,
AC4244cea,1,1,2,3,2,3,
AC4241d05,2,2,2,1,0,1,test
AC424104f,2,2,2,1,0,1,test
AC4241c62,0,0,1,0,0,0,
AC423cf68,0,0,2,2,0,0,
AC423fc38,0,0,2,0,0,1,test
AC423c4c2,0,0,2,0,2,0,
AC423e196,3,3,1,3,3,3,train
AC423ede3,0,0,0,0,0,0,
AC42410cd,0,0,0,0,0,1,
AC423e743,3,0,2,0,0,0,
AC4241035,2,0,2,0,0,0,
AC4240fe1,2,0,2,0,0,0,
AC423fae7,2,1,2,1,1,3,
AC4240463,2,1,2,1,1,3,
AC424594d,2,1,2,1,1,3,
AC42400d2,0,0,0,0,0,0,
AC4243417,0,0,0,0,0,0,
AC4243008,0,0,0,0,0,0,
AC423e7da,0,0,2,0,0,0,test
AC423efef,0,0,0,0,0,1,
AC4242907,0,0,0,0,0,1,
AC423d522,1,1,2,3,3,2,train
AC423d578,1,1,2,3,3,2,train
AC4242eab,0,0,0,0,0,0,train
AC4244c53,0,0,0,0,0,0,
AC4241a86,0,0,0,0,0,0,
AC423be76,0,0,0,0,0,0,
AC4242f78,2,2,2,2,0,0,
AC424157a,0,0,0,0,0,0,
AC423d276,0,0,0,0,0,0,
AC4242859,2,0,1,0,0,2,
AC4241b34,2,1,2,2,3,3,
AC423fd80,0,0,0,0,0,0,
AC423eedc,1,1,2,0,0,0,
AC423e7cd,2,2,2,3,1,3,
AC42445e8,0,0,2,2,0,0,
AC423f594,1,1,2,2,0,0,
AC4240e76,0,0,2,0,0,1,
AC424014d,1,0,2,0,0,1,
AC423d286,1,0,2,0,0,1,
AC423e6db,1,3,2,3,3,2,
AC423dbd0,2,0,2,0,0,0,
AC423fa50,0,0,0,2,0,0,
AC423e949,3,3,3,3,3,1,
AC423c6b0,3,3,1,3,3,3,
AC423fcd3,1,1,3,3,3,3,
AC423f653,0,0,0,2,0,0,
AC424149f,1,1,1,3,3,3,
AC4245e32,1,1,1,0,0,0,val
AC423fc2e,1,1,1,3,3,3,val
AC4241c15,1,1,1,3,3,3,val
AC42439ab,3,3,2,3,1,3,
AC424414e,1,0,1,0,0,0,
AC423cc99,2,1,0,0,0,0,
AC4243a45,3,3,3,3,3,1,
AC42452be,3,3,3,3,3,1,
AC423fdf4,1,3,2,2,3,3,
AC423ef86,1,3,2,2,3,3,
AC42417a7,0,0,0,0,0,1,
AC4242289,0,0,0,0,0,1,
AC424178c,0,0,0,0,0,2,
AC423bf4a,0,0,0,0,0,2,
AC423f4af,1,1,2,3,1,3,
AC423cbe1,1,1,2,3,1,3,
AC423cd5c,1,1,2,3,2,3,
AC424363b,1,3,1,2,2,3,
AC4241033,1,3,2,2,2,3,
AC423d4ad,1,3,2,2,2,3,
AC4242735,1,3,2,2,2,3,
AC4245807,1,3,2,2,2,3,
AC4242f62,0,0,2,2,0,1,
AC423ccca,1,1,1,3,1,3,
AC4240861,1,1,1,3,1,3,
AC42416cc,1,3,3,3,3,2,
AC423dc0f,0,0,0,0,0,0,
AC423c634,2,2,2,2,0,0,val
AC424212f,0,0,0,0,0,0,
AC423f628,0,0,0,2,0,0,
AC423da8b,1,3,3,3,3,3,
AC42427c8,3,3,1,3,3,1,train
AC423be7d,0,0,0,1,0,1,
AC4240fd7,0,0,0,0,0,0,
AC423d3e2,1,1,2,0,0,0,
AC4243a21,1,0,3,0,0,0,
AC424015f,1,0,2,0,0,0,
AC423f3c5,1,0,2,0,0,0,
AC423c7dc,1,3,2,3,3,3,
AC42408ba,0,0,0,0,0,0,
AC423fbac,3,3,2,1,3,3,
AC4244d86,0,0,1,1,0,0,
AC4244144,0,0,1,3,0,0,
AC423fcc0,0,0,1,2,0,0,
AC423e203,3,3,1,2,3,3,
AC423e24d,3,3,1,2,3,3,
AC423c623,0,0,2,0,0,0,
AC42401ce,0,0,0,0,0,0,
AC4240914,2,2,2,2,1,3,
AC4244c11,0,0,2,0,0,2,train
AC423d9f8,0,0,2,0,0,2,train
AC4243543,0,0,3,0,0,0,
AC4244799,0,0,0,0,0,0,train
AC4240795,0,0,0,0,0,0,
AC4241796,1,1,3,3,3,3,
AC423e700,1,1,2,3,3,3,
AC423cc91,2,2,2,2,1,0,
AC42401c4,2,2,2,2,1,0,
AC4244874,0,0,0,0,0,0,
AC423d39f,3,3,2,2,0,0,
AC423fd73,1,0,2,0,0,1,train
AC423d34b,0,0,0,0,0,0,
AC42436a6,0,0,0,0,0,0,
AC4242050,0,0,0,0,0,0,
AC424466a,0,0,0,0,0,0,
AC4245a55,0,0,0,0,0,0,
AC423dfbd,1,1,2,3,3,3,
AC423e6a2,2,0,2,1,0,0,train
AC4243507,0,0,2,0,2,2,
AC423e373,1,1,2,3,2,2,
AC423bdd4,1,1,2,2,0,0,
AC4241b4f,1,1,2,2,0,0,
AC42408ef,1,1,2,2,0,0,
AC423e958,1,1,2,2,0,0,
AC4243c9e,1,1,2,2,0,0,
AC42451c2,1,1,2,2,0,0,
AC4243610,1,1,2,2,3,3,
AC423f577,0,0,0,0,0,0,train
AC423f670,0,0,0,0,0,1,
AC423ce0b,0,0,2,0,2,0,
AC42421c8,1,1,2,0,0,0,
AC42447cf,0,0,0,0,0,0,
AC423d3f2,2,1,2,3,3,2,
AC423fb2d,1,3,2,2,3,3,
AC423fd4b,2,2,2,2,0,0,
AC42448b0,1,1,2,0,0,0,
AC423fc01,0,0,0,2,0,0,
AC4245a17,1,3,1,1,3,3,test
AC42401a6,1,3,1,1,3,3,test
AC4245778,1,3,2,1,3,3,test
AC423fa6a,1,3,2,1,3,3,test
AC4240d81,1,3,2,1,3,3,test
AC42427f1,1,3,2,1,3,3,test
AC4240feb,3,3,1,3,3,3,
AC42439c4,0,0,0,0,0,0,test
AC4243b3f,0,0,2,0,0,2,
AC42428c4,1,1,2,0,0,2,
AC4243c8b,0,0,0,0,0,0,
AC42403b1,0,0,0,0,0,0,
AC424462c,2,2,2,0,1,2,
AC42415f9,2,2,2,1,2,2,
AC42458f4,2,2,2,1,2,2,
AC42445e1,2,2,2,1,2,2,
AC423f4c6,2,2,2,1,2,2,
AC42414dd,2,2,2,1,2,2,
AC424029e,2,2,2,3,1,1,
AC4240143,0,0,2,0,0,1,
AC423cd76,3,3,2,3,3,1,
AC424338e,2,0,0,0,0,0,
AC42427a0,1,1,2,0,0,0,
AC423f6ab,2,1,3,3,3,1,val
AC423cc86,1,3,2,2,3,2,
AC423d390,1,3,2,2,3,2,
AC423eead,0,0,2,0,0,0,
AC42401bd,1,3,3,3,3,3,
AC42410f4,0,0,0,0,0,3,
AC423c66e,0,0,0,0,0,0,
AC42420cb,0,0,0,0,0,1,test
AC423c5b9,0,0,0,0,0,1,test
AC4243524,0,0,0,0,0,1,test
AC423d2ee,0,0,0,0,0,1,test
AC423f0be,1,1,1,0,1,2,train
AC423e7eb,1,3,2,3,3,3,
AC4244b84,1,3,3,3,3,3,
AC423f6b1,1,1,0,0,0,0,val
AC4242ff5,1,1,3,3,3,3,val
AC4243bfb,1,1,3,3,3,3,val
AC4240aeb,2,2,2,3,3,1,
AC4243c74,0,0,2,0,0,2,
AC423dc6d,0,0,2,1,0,0,train
AC424229f,0,0,0,0,0,0,
AC42427d7,3,3,1,3,3,3,
AC423bf7f,0,1,2,1,2,0,
AC4245298,3,1,2,1,2,3,
AC4244738,3,1,2,1,2,3,
AC4244015,0,0,0,0,0,0,
AC4245a07,0,0,0,0,0,0,
AC423c50f,0,0,0,0,0,0,
AC423dae2,0,0,0,0,0,0,
AC4245225,0,0,2,2,0,0,val
AC423e6d4,0,0,0,0,3,0,
AC424347d,0,0,0,0,2,0,
AC4243b74,0,0,0,0,2,0,
AC42441f1,0,0,0,0,2,0,
AC423efa1,3,3,3,3,3,1,
AC423e915,0,0,0,0,0,0,
AC423e724,2,2,2,1,2,0,
AC4244d7e,0,0,1,0,0,0,test
AC423ceb8,0,0,1,0,0,0,test
AC423e2b6,0,0,1,0,0,0,test
AC4244616,2,2,2,2,0,0,
AC42459f7,1,1,2,2,3,2,
AC4243352,1,1,2,2,3,2,
AC4240edb,1,1,2,2,3,2,
AC423be4a,1,1,3,2,3,3,
AC4242fa9,0,0,2,2,0,2,
AC42448f1,0,0,0,0,0,0,test
AC424415a,2,0,2,1,1,0,
AC423f69e,0,0,0,0,0,0,
AC424393c,2,2,2,0,0,0,test
AC4242295,2,2,2,0,0,0,test
AC424464a,2,2,2,0,0,0,test
AC42451cb,1,0,2,2,0,0,
AC4244e3d,1,0,2,2,0,0,
AC424366c,2,2,2,2,0,0,
AC4242e2f,2,2,2,2,2,1,
AC4243550,1,0,2,0,0,2,
AC4243cb5,1,0,2,0,0,2,
AC423d487,1,3,2,3,3,2,
AC424465c,2,2,2,1,0,0,
AC4240806,2,2,2,1,0,0,
AC423e845,2,2,2,2,0,0,
AC4241474,1,0,2,0,0,2,
AC423e8f1,1,1,2,2,1,0,
AC4243571,1,1,2,2,1,0,
AC423f463,2,1,2,2,2,1,
AC423ed4b,2,1,2,2,2,2,
AC423fa26,2,1,2,2,2,2,
AC423d994,2,1,2,2,2,2,
AC4240fe4,2,1,2,2,2,2,
AC423cdd7,2,2,2,3,3,1,
AC424477a,2,2,2,3,3,1,
AC4241b42,0,0,0,0,0,0,
AC4242e2b,0,0,0,0,0,0,
AC42440ad,3,3,3,3,1,3,train
AC4241dc1,2,1,3,3,3,3,
AC4241554,0,0,0,0,0,0,
AC424468c,0,0,0,0,0,0,
AC4240e7e,0,0,0,0,0,1,
AC423db6c,0,0,2,0,0,0,train
AC423e1e6,0,0,2,0,0,0,train
AC4241cd2,0,0,2,0,0,0,train
AC423f41e,0,0,2,0,0,0,train
AC423c16f,0,0,2,0,0,0,train
AC424091a,0,0,2,0,0,0,train
AC4242ce0,1,3,2,1,3,3,train
AC42429a2,0,0,0,0,0,1,
AC423e85e,1,1,1,2,0,0,
AC423eeac,3,1,1,2,0,0,
AC423cf64,0,0,2,2,0,0,val
AC423c6c2,0,0,2,0,0,0,
AC42407b0,0,0,0,2,0,2,
AC423fadf,2,2,2,2,2,0,
AC4240119,0,0,3,0,0,0,
AC423da74,0,0,2,0,0,0,
AC424296d,0,0,1,1,0,0,val
AC4242d14,3,3,1,2,1,3,
AC4244c34,0,0,0,0,0,1,
AC424035a,0,0,0,0,0,0,
AC4242692,0,0,0,0,0,0,
AC42445af,3,3,2,2,1,3,
AC424158d,2,2,2,2,2,0,
AC424409d,1,0,2,0,0,2,
AC424083e,3,3,3,1,3,3,
AC423cdf4,1,1,1,0,0,1,
AC423ce81,0,0,0,0,0,0,
AC4244804,3,3,2,1,2,3,
AC4242304,0,0,1,0,0,0,
AC423fbbc,0,0,0,0,0,0,
AC423cf57,0,0,0,0,0,0,val
AC423cd9d,0,0,0,2,0,0,train
AC42401c2,2,3,1,3,3,3,
AC4244188,2,2,2,1,3,3,
AC424146a,1,1,2,3,3,3,test
AC423dbb0,0,0,0,0,0,0,
AC423d3f5,0,0,0,0,0,0,
AC4244132,2,3,2,0,0,2,
AC423c115,2,2,2,0,0,2,
AC4241063,2,2,2,0,0,2,
AC4243bcd,2,2,2,0,0,1,
AC423fc3d,0,0,2,0,0,0,
AC423e1fa,0,0,3,0,0,0,test
AC4242926,1,1,2,3,1,3,
AC423ed84,0,0,2,0,0,0,
AC423c732,0,0,1,0,0,0,
AC424299e,2,2,1,3,3,3,test
AC42435ce,1,1,2,2,3,3,
AC4243ae5,0,0,0,0,0,0,
AC423e005,0,0,0,0,0,0,
AC4241d54,0,0,2,0,0,0,
AC42433c1,0,0,0,0,0,0,
AC423e37c,1,1,1,1,3,2,val
AC423fa7a,0,0,0,0,0,0,
AC423e67a,0,0,2,0,1,2,
AC4241d79,0,0,2,0,1,2,
AC423edd2,3,3,2,3,1,2,
AC4241d52,0,0,1,0,0,2,test
AC423d92d,0,0,2,0,0,0,
AC4240f31,1,3,2,3,3,3,
AC4244e48,2,2,2,1,0,0,
AC423f3cc,0,0,2,2,0,0,test
AC4243c54,1,0,1,1,0,0,
AC423ed64,2,1,2,2,3,3,
AC424174e,0,0,2,0,0,0,
AC4240836,0,0,2,0,0,0,
AC423fb9c,2,2,1,3,3,1,
AC4241b32,2,2,1,3,3,1,
AC4244294,0,0,0,0,0,0,
AC4240260,2,2,2,0,0,0,
AC423bfe1,2,2,2,0,0,0,
AC423f4b9,0,0,2,0,0,0,
AC423d3a0,2,2,2,1,2,3,
AC4242d70,2,0,2,0,0,0,val
AC423cf12,1,3,2,3,3,3,
AC4242e14,0,0,2,0,0,0,
AC424146b,0,0,2,0,0,0,
AC424295e,0,0,2,0,0,2,
AC42440a0,2,1,2,3,1,3,
AC423fd8b,1,1,1,3,3,3,
AC423fa36,3,3,3,3,1,3,
AC4243b05,3,3,3,3,1,3,
AC424219c,3,3,3,3,1,3,
AC4245b2a,3,3,3,3,1,3,
AC423bf22,3,3,3,3,1,3,
AC4240299,3,3,3,3,1,3,
AC42457d8,0,0,0,0,0,0,
AC42420ba,0,0,0,0,0,0,
AC423db58,0,0,0,0,0,0,
AC4240f10,3,3,2,3,1,3,
AC4241645,3,3,2,3,1,3,
AC4241572,1,1,2,2,2,2,
AC423e8c1,2,1,2,2,2,2,
AC4244035,3,3,1,3,3,3,test
AC423e024,0,0,2,2,0,0,
AC42403b6,0,0,0,0,2,2,
AC4242292,3,3,3,3,1,3,
AC424339c,0,0,0,0,0,0,train
AC4241b9f,3,3,2,3,3,1,
AC423e1f3,0,0,0,0,0,0,
AC423d97f,2,1,2,3,3,3,
AC4242175,2,1,2,3,3,3,
AC423d9b2,2,2,2,3,1,2,
AC4245792,1,3,2,3,2,3,
AC424151c,1,3,2,3,2,3,
AC4240e9b,1,3,2,3,2,3,
AC4244e2d,0,0,1,2,0,0,
AC423f546,1,1,2,3,3,3,train
AC4241669,1,1,2,3,3,3,train
AC4244e14,2,2,2,3,1,2,train
AC4242cce,0,0,0,0,0,0,
AC4244128,0,0,2,2,1,0,train
AC423cc3f,0,0,0,0,0,0,
AC423e8d5,0,0,2,0,1,0,
AC4245da3,0,0,1,0,0,0,test
AC4240295,0,0,1,0,0,0,test
AC4241a26,3,0,2,0,3,0,
AC423e334,0,0,3,0,0,0,
AC4240823,2,2,2,2,0,2,
AC423c091,2,2,2,2,0,2,
AC423bfb5,0,0,2,2,0,0,test
AC423ce44,0,0,2,2,0,0,test
AC423c09b,2,2,2,2,1,2,
AC423f520,0,0,0,0,0,0,
AC4242184,0,0,0,0,0,0,
AC423faea,0,0,0,0,0,0,
AC423be94,2,2,2,0,0,0,
AC423e1eb,2,2,2,0,0,0,
AC424010a,2,2,2,1,2,3,
AC423f60f,0,0,2,0,0,0,train
AC4241ae4,0,0,2,0,0,2,
AC423e89b,0,0,2,0,0,2,
AC4243c5b,0,0,2,0,2,2,
AC4241440,1,1,2,2,0,2,
AC423d308,1,0,0,0,2,3,
AC4241782,1,0,0,0,2,2,
AC4240377,1,0,0,0,2,2,
AC4243f3c,2,2,2,2,0,2,test
AC4241b76,1,1,2,3,3,3,
AC4243b08,1,1,2,3,2,3,
AC423e680,0,0,0,0,0,0,
AC42401a2,0,0,0,0,0,0,
AC423bdce,0,0,0,0,0,0,
AC4244b95,3,3,2,1,3,3,val
AC4240d77,0,0,2,0,0,0,
AC4243568,2,3,1,2,3,3,
AC423da68,1,3,2,3,3,2,val
AC4244cbd,0,0,2,0,0,0,
AC42403f2,1,0,0,0,0,0,
AC4241090,2,2,2,0,0,0,
AC423f62a,1,1,3,0,0,0,
AC4240abe,1,1,2,0,0,0,
AC4241a38,3,3,1,2,3,3,
AC4242ea4,2,2,3,3,1,3,
AC4242052,2,2,2,0,0,0,
AC424150a,2,2,2,0,0,0,
AC42442f0,1,1,2,3,3,3,
AC423da9e,0,0,2,0,0,0,
AC4244e2a,2,2,2,2,0,2,
AC4244c8e,0,0,2,0,0,0,val
AC4241a49,1,0,0,0,0,2,
AC42439e5,1,0,0,0,0,2,
AC423dc1e,1,0,0,0,0,2,
AC4242e58,1,0,0,0,0,2,
AC4241018,1,0,0,0,0,2,
AC423dcf3,1,0,0,0,0,2,
AC42434da,0,0,1,1,0,1,
AC423dc19,0,0,0,0,0,0,
AC4240107,0,0,0,0,0,2,
AC4240221,0,0,0,0,0,0,
AC423be59,1,1,3,3,3,3,
AC4242d59,1,1,1,3,3,2,
AC423eeca,0,0,0,0,1,0,train
AC4240899,0,0,2,2,0,0,
AC423d97a,0,0,2,0,0,0,
AC423cdff,1,3,2,3,3,3,
AC423efd7,0,0,0,0,0,0,
AC423e901,0,0,0,0,0,0,
AC423fd15,3,3,1,1,3,3,val
AC4244655,0,0,0,0,0,0,
AC424027d,0,0,2,0,2,2,
AC423f538,2,3,3,2,1,3,
AC42416e0,0,0,2,0,0,0,
AC42409d2,0,0,0,0,0,0,
AC423f55a,0,0,0,0,0,0,
AC4243498,0,0,0,0,0,0,
AC4241058,0,0,0,0,0,0,
AC42400a4,0,0,0,0,0,0,
AC423c541,1,1,1,1,1,3,
AC423ef3c,2,2,2,1,2,0,
AC423d284,2,2,2,1,2,0,
AC423d28a,2,2,2,1,2,0,
AC4240abc,2,0,2,0,0,0,test
AC4243473,2,1,1,2,0,0,
AC42421ee,2,1,1,2,0,0,
AC424290e,2,1,1,2,0,0,
AC4241750,2,1,2,2,3,3,
AC42446d6,0,0,1,0,0,0,
AC423cde8,0,0,1,0,0,0,
AC4242977,2,0,2,0,0,0,
AC423fd2d,2,2,2,3,1,3,test
AC4242a52,0,0,0,2,0,0,test
AC423d288,2,2,2,0,0,2,
AC42442b7,0,0,0,0,0,0,test
AC423cd50,2,2,2,1,2,0,
AC4243a5c,0,0,0,0,0,0,
AC42422c4,0,0,0,0,0,0,
AC42439b5,2,1,2,2,3,2,
AC4244d8a,3,3,1,3,3,3,
AC4244231,1,0,2,0,0,0,
AC4241609,2,2,2,0,0,0,
AC423fa83,2,2,2,0,0,0,
AC42446fb,0,0,0,0,0,0,
AC4243360,0,0,0,0,0,0,
AC423dfde,0,0,2,0,0,2,
AC42436c9,1,1,2,2,2,2,
AC423e1ed,1,1,0,0,0,0,
AC424406a,0,0,0,0,0,0,
AC4240127,0,0,0,2,1,0,
AC424408f,0,0,0,2,2,0,
AC423fd20,0,0,0,2,2,0,
AC423d534,2,0,2,0,3,0,train
AC423fb2c,2,2,2,2,2,1,test
AC423d5bd,2,2,2,2,2,1,test
AC423c56e,2,2,2,2,2,1,test
AC4244763,2,1,2,2,1,1,
AC423fa7e,3,3,2,3,3,1,
AC424012d,1,1,0,0,1,2,
AC423e016,0,0,0,0,0,2,train
AC42434db,1,1,0,0,0,2,train
AC423e808,1,0,2,0,1,0,
AC423c691,1,1,2,2,3,3,
AC423e17d,1,1,1,0,0,0,
AC4241a5f,3,3,1,0,0,0,
AC423c502,2,2,3,0,1,1,
AC4243558,2,2,2,0,1,1,
AC42448fa,2,2,2,0,1,1,
AC423fae2,2,2,2,1,1,1,
AC423d3b7,2,2,2,1,1,1,
AC423ed6a,2,2,2,1,1,1,
AC423c7eb,2,2,2,1,1,1,
AC4245cb7,2,2,2,1,1,1,
AC4244106,0,0,0,0,0,0,
AC423cee8,2,2,2,3,1,3,
AC424084d,3,3,3,1,3,2,
AC423e0dd,0,0,3,0,3,1,
AC423d279,2,1,2,2,2,1,
AC423e816,0,0,2,0,0,0,
AC423e849,0,0,0,0,0,0,
AC423f744,0,0,2,0,0,0,
AC4242e1b,0,0,0,0,0,0,train
AC4242cda,0,0,0,0,0,0,
AC423c0b3,3,3,1,3,2,3,
AC4244c83,0,0,3,0,0,0,
AC423ed5e,1,0,2,1,3,0,
AC42400ae,0,0,1,0,0,0,
AC4245481,0,0,2,0,0,0,
AC423d2ca,0,0,2,0,0,0,
AC424076f,0,0,0,0,0,0,
AC4243035,0,0,0,0,0,0,
AC423cd25,0,0,0,0,0,0,
AC423daf3,2,2,2,0,2,2,test
AC423bf38,2,2,2,2,1,0,
AC42441e7,0,0,3,0,0,0,
AC4242852,2,2,2,2,0,0,test
AC4245d23,2,2,2,2,0,0,test
AC4240429,1,1,2,0,1,0,
AC42447eb,2,2,2,2,1,0,
AC423f71b,0,0,2,2,0,0,
AC4245b37,1,1,3,2,0,0,
AC4243989,1,1,2,2,3,3,
AC423e872,1,1,3,3,3,3,
AC4240df5,0,0,2,1,2,0,
AC4240170,0,0,0,0,0,2,
AC423fbfb,2,2,1,0,1,1,val
AC423e1cb,2,1,2,2,0,0,
AC4241507,1,1,2,0,2,0,
AC4241517,1,1,2,0,2,0,
AC42421af,0,0,0,0,0,0,
AC423e1e3,1,0,1,0,0,0,
AC4240a9e,1,0,1,0,0,0,
AC423eea9,2,0,1,0,0,0,
AC4244ddc,1,3,2,2,2,3,
AC4245469,0,0,0,0,0,0,
AC4241bb6,0,0,0,0,0,0,
AC423ea19,0,0,0,0,0,0,val
AC423f6f6,1,0,1,1,0,0,
AC4244ce0,2,2,2,0,0,0,test
AC423e2ce,1,3,3,3,1,3,
AC423d3e9,0,0,0,0,0,0,
AC42434ce,0,0,0,0,0,0,
AC423ea08,0,1,1,2,0,0,
AC42413d5,2,2,2,0,2,0,train
AC4244839,0,0,0,0,0,0,val
AC423f4fc,3,3,1,1,3,3,train
AC4244cc9,0,0,0,1,0,2,
AC42445d8,0,0,0,0,0,2,
AC42433fe,0,0,2,0,0,0,
AC423fb60,3,3,1,3,3,3,
AC4243c94,3,3,3,1,3,3,
AC4244f1c,0,0,1,0,0,0,
AC4245399,0,0,2,0,0,0,
AC4243056,0,0,1,0,0,0,
AC4242294,0,0,0,0,0,0,
AC423cf42,0,0,0,0,0,0,
AC423e055,1,1,3,3,3,3,
AC42433ce,2,2,1,3,3,3,
AC4242d41,2,1,0,0,0,0,
AC42457af,2,1,1,2,1,3,
AC423bee4,2,1,1,2,1,3,
AC4243633,0,0,2,0,0,2,
AC423e22b,2,0,2,0,0,1,test
AC4245223,3,3,1,3,3,1,
AC4241d0d,2,2,3,0,0,0,
AC4242345,1,0,3,2,0,0,
AC423c0c7,0,0,0,0,0,0,train
AC42402dd,0,0,0,0,0,0,train
AC42446d9,0,0,0,0,0,0,
AC423e19b,2,2,1,3,3,3,
AC4244e3b,0,0,1,0,0,0,
AC423e148,0,0,1,0,0,0,
AC42407a4,0,0,1,0,0,0,
AC4245c9a,0,0,1,0,0,0,
AC4240244,0,0,1,0,0,0,
AC424071c,0,0,1,0,0,0,
AC423e94a,0,0,1,0,0,0,
AC423d484,0,0,1,0,0,1,
AC423ea41,0,0,1,0,0,1,
AC424357c,0,0,1,0,0,1,
AC423f4e9,3,3,2,3,3,1,
AC4243fad,0,0,0,0,0,0,
AC4242766,0,0,2,0,0,0,
AC42402e8,0,0,0,0,0,0,
AC4242dd8,0,0,0,0,0,2,
AC423f562,0,0,3,0,1,1,
AC4243b59,0,0,2,0,1,1,
AC423d960,0,0,2,0,2,0,
AC424111a,0,0,2,0,2,0,
AC4241d77,2,2,2,2,0,0,
AC4243503,2,2,2,2,0,0,
AC423e7b7,0,0,1,1,0,0,
AC4245894,0,0,0,0,0,0,
AC42433d9,0,0,0,0,0,0,
AC423f53c,0,0,0,0,0,0,
AC4242851,0,0,0,0,0,0,
AC423f6b4,1,1,2,2,3,3,
AC4242ebc,0,0,0,0,0,0,
AC423ee61,0,0,0,0,0,0,
AC4241525,0,0,0,0,0,0,
AC424413d,1,1,2,2,1,0,
AC423da5a,1,3,2,3,3,3,
AC42457f7,1,3,2,3,3,3,
AC4241429,1,3,2,3,3,3,
AC4242214,1,3,2,3,3,3,
AC423f0c0,1,3,2,3,3,3,
AC4244bae,1,0,2,2,1,0,
AC424279c,1,0,2,0,0,0,
AC423e0d9,3,3,1,3,3,2,
AC423e27b,0,0,2,0,0,0,
AC42445ae,0,0,2,0,0,0,
AC4245e3a,0,0,2,0,0,0,
AC423e76a,0,0,2,0,0,0,
AC423cd6b,0,0,2,0,0,0,
AC423f5ff,0,0,2,0,0,0,
AC4240ee5,0,0,0,0,0,0,
AC4244728,0,0,0,0,0,0,
AC4244d71,0,0,0,0,0,0,test
AC42423be,0,0,1,0,0,0,
AC4243bee,2,2,2,0,2,2,
AC4242276,1,3,3,3,3,3,
AC423ef40,1,3,2,2,3,3,
AC42421a2,0,0,0,0,0,0,
AC4244216,3,3,2,2,1,3,
AC423dbde,1,3,1,3,3,3,
AC423e2ee,1,3,1,3,3,3,
AC423e72c,0,0,3,0,0,0,val
AC423c77f,0,0,3,0,0,0,test
AC423ea4a,2,1,2,3,3,3,val
AC4244587,0,0,0,0,0,0,test
AC4242986,2,2,2,2,0,0,test
AC4241ccb,0,0,3,0,0,0,
AC4244c4a,0,0,1,0,1,0,
AC4241481,0,0,2,0,0,0,
AC4243904,2,2,2,0,2,1,
AC4244dc3,2,2,2,0,2,2,
AC423e945,0,0,0,0,0,0,
AC4240883,0,0,2,0,0,0,
AC4242932,0,0,2,0,0,0,
AC423f623,0,0,2,0,0,0,
AC423fa4d,0,0,2,0,0,0,
AC423bdeb,0,0,2,0,0,0,
AC423f549,2,2,3,3,1,3,test
AC4243341,0,0,3,0,0,0,
AC423da4b,0,0,1,0,0,1,
AC423c6bf,0,0,1,0,0,1,
AC4245e48,0,0,0,0,0,0,
AC4244d01,0,0,0,0,0,0,
AC423ee1a,0,0,0,0,0,0,
AC4244eac,2,2,2,2,1,0,test
AC423e914,0,0,0,0,0,0,
AC424288f,0,0,0,0,0,0,
AC423d56a,1,1,2,0,0,2,
AC4244e0a,2,1,2,1,0,0,
AC4244d04,2,1,2,1,0,0,
AC423be4e,2,3,2,1,0,0,
AC423c52c,2,2,2,2,1,2,
AC42458cf,2,2,1,3,3,3,test
AC423e1d9,2,2,1,3,3,3,test
AC4244205,3,3,2,3,1,3,
AC4244d35,1,1,0,0,1,2,
AC42439dd,1,1,0,0,1,2,
AC423e78e,2,2,1,3,2,2,
AC423c4dc,2,2,2,3,1,3,
AC423d2fd,0,0,2,0,0,0,
AC4243481,2,2,2,3,1,1,
AC4244f13,0,0,0,0,0,0,
AC423e36c,2,2,1,1,3,3,
AC424101d,2,2,1,0,2,1,
AC4241d56,0,0,0,0,0,0,test
AC4244d4b,1,1,2,3,3,3,
AC4244d0c,1,1,0,2,0,2,
AC424156c,2,1,2,2,1,0,
AC423d28b,2,1,2,2,1,0,
AC423e834,2,1,2,2,1,0,
AC4245a60,0,0,2,2,0,0,
AC4241aa5,0,0,2,2,0,0,
AC42410db,2,1,2,3,3,3,
AC4242427,2,0,2,2,0,0,
AC4241c7a,1,3,3,3,3,3,val
AC423e6fc,0,0,2,0,0,0,
AC424308f,3,3,3,1,3,3,
AC4240ecf,0,0,0,0,0,1,val
AC42446b6,0,0,3,3,0,0,
AC424111c,3,3,1,3,3,3,train
AC4242694,3,3,1,3,3,3,train
AC4242fbf,2,2,2,2,3,1,
AC4243f93,1,0,2,2,2,2,
AC42434bc,0,0,0,0,0,0,
AC42457ee,1,1,0,0,0,0,
AC423c57b,1,1,0,0,0,0,
AC423d3de,1,3,2,2,3,3,
AC423e063,1,3,2,2,3,3,
AC423c7e0,0,0,0,0,0,0,
AC4244eab,2,2,2,2,1,0,
AC423e70f,0,0,2,0,0,0,train
AC42409fc,0,0,2,0,0,0,train
AC423d4a8,0,0,2,0,0,1,train
AC423be3e,0,0,2,1,0,1,train
AC423dfd3,0,0,2,1,0,1,train
AC423dc5d,0,0,0,0,0,0,
AC423c72b,0,0,0,0,0,0,test
AC4241d47,1,0,2,0,0,1,test
AC4243636,0,0,2,0,0,0,
AC423cbc0,0,0,2,1,0,2,
AC423f39a,0,0,1,0,0,2,
AC42423ab,0,0,2,0,0,2,
AC423c116,3,0,3,0,0,2,
AC423c549,2,0,2,0,0,2,
AC423dc27,3,3,3,1,3,3,
AC424099a,0,0,0,0,0,0,val
AC423e71d,1,1,2,2,1,0,
AC424336e,0,0,2,0,0,0,
AC42429f2,2,0,2,2,0,0,
AC423c681,0,0,2,2,0,0,
AC42428ba,2,2,2,2,1,3,
AC424475d,0,0,2,0,0,2,
AC4244e28,0,0,0,0,0,0,
AC42439c1,3,3,3,3,3,1,
AC4244eed,2,2,2,2,0,0,
AC42401cc,2,2,2,2,0,0,
AC423e129,1,0,2,0,0,2,
AC423ed6b,0,0,2,2,0,0,
AC4241668,0,0,2,2,0,0,val
AC4242dc5,0,0,1,0,0,1,test
AC423ccbe,0,0,1,0,0,1,test
AC4242166,0,0,0,2,0,0,
AC423f6f1,0,0,0,1,0,0,
AC4243b04,1,1,0,0,0,0,
AC4243913,0,0,0,0,0,0,
AC423d4f1,0,0,1,0,0,0,test
AC4244dea,2,2,2,2,0,0,
AC4243f3e,2,2,2,2,0,0,
AC4243b5e,2,2,2,2,1,3,
AC4241c2c,0,0,2,2,1,0,
AC424333e,0,0,0,0,0,0,
AC4242e57,0,0,0,1,0,0,test
AC424485a,0,0,0,1,0,0,test
AC4244cac,0,0,0,0,0,0,
AC423e8f9,1,1,3,0,0,0,train
AC423e982,2,1,2,1,2,3,test
AC423bf6b,0,0,2,0,0,1,
AC4243bd7,1,1,2,0,1,1,
AC4241091,1,1,1,1,0,0,test
AC4245da9,1,1,0,0,0,0,
AC423c0c3,1,1,3,3,3,3,
AC42441ec,0,0,0,0,0,0,
AC423bfa2,1,3,2,3,3,3,
AC423cc13,2,0,2,2,0,0,
AC423f4b0,2,1,2,2,1,0,
AC4245b38,2,1,2,2,1,3,
AC42457da,1,1,2,0,0,2,test
AC42421e4,2,2,2,3,1,2,test
AC423e716,0,0,0,0,0,0,
AC42442e1,1,3,2,3,3,3,
AC423ee8c,1,3,2,3,3,3,
AC4243437,0,0,1,0,0,0,
AC4244819,1,1,3,3,3,1,
AC4243397,2,0,0,0,0,0,
AC423fa6b,0,0,2,1,0,0,
AC4243b81,0,0,2,3,0,0,
AC423cdd0,0,0,1,0,0,0,
AC423dab6,0,0,2,0,0,0,
AC4240e0c,0,0,1,1,0,0,
AC42442eb,3,3,1,3,3,3,
AC424470d,0,0,0,0,0,0,
AC423c571,1,1,2,0,0,3,
AC4241426,0,1,0,0,0,0,
AC42453ab,0,1,0,0,0,0,
AC423e05c,0,2,0,0,0,0,
AC424205a,0,2,0,0,0,0,
AC4242998,1,0,0,2,0,2,
AC424237a,1,0,0,2,0,2,
AC423dafe,2,1,2,2,0,0,
AC423bf06,2,1,2,2,3,3,
AC42429d0,3,3,1,3,3,3,val
AC423dcc8,3,3,1,3,3,3,val
AC423db94,1,1,0,1,1,0,test
AC4242399,3,3,3,2,1,3,test
AC423f625,2,2,3,2,1,3,test
AC42433bc,0,0,0,0,0,0,
AC423e91d,0,0,2,0,0,2,
AC423f632,2,2,2,2,0,1,
AC423ef80,0,0,1,0,0,1,
AC42408d7,1,1,3,3,3,3,
AC42409ff,1,1,3,3,3,3,
AC4241bd7,0,0,2,0,0,0,
AC4244674,1,1,2,0,1,0,
AC423daeb,2,2,2,0,1,0,
AC423f547,0,0,0,0,0,0,train
AC42428e4,0,0,0,0,0,0,train
AC42401bb,0,0,0,0,0,0,test
AC423cd4b,0,0,0,1,0,0,
AC4243937,0,0,0,1,0,0,
AC4241c2f,0,0,0,1,0,0,
AC423fd13,0,0,0,1,0,0,
AC423f6ba,0,0,0,1,0,0,
AC4245db2,0,0,0,1,0,0,
AC42441b1,0,0,0,1,0,0,
AC423dca4,1,3,2,2,3,3,train
AC424224e,3,3,3,1,3,3,test
AC4243cbd,1,1,2,3,3,3,
AC423d5e1,3,1,2,2,2,1,
AC423cd99,0,0,2,0,0,0,
AC4241615,0,0,0,0,0,0,
AC4245cfa,0,0,0,0,0,0,
AC4243a4b,0,0,0,0,0,0,
AC4242eba,1,1,3,0,1,1,
AC423ea44,0,0,1,1,0,0,
AC423e846,2,0,2,2,2,2,
AC423e8fc,2,0,2,2,2,2,
AC4243c05,3,3,3,0,0,0,train
AC423c18f,0,0,0,0,0,0,test
AC4241dbb,0,0,0,0,0,0,
AC42426e3,0,0,2,2,0,0,train
AC4244148,0,0,2,0,0,0,val
AC423c629,0,0,0,0,0,0,
AC423d935,0,0,3,0,0,0,val
AC423e134,1,1,3,2,3,3,test
AC4242f45,3,3,1,3,1,3,
AC423c4cc,1,1,2,3,3,3,
AC42433a6,0,0,2,0,0,0,
AC423e03e,0,0,2,0,0,0,
AC423fc1a,0,0,2,0,0,1,
AC423cc96,0,0,2,2,0,0,
AC423c561,0,0,2,0,0,0,
AC423db54,0,0,2,0,0,0,
AC423e75e,0,0,2,0,2,0,
AC423f46f,1,3,1,3,1,3,test
AC42445f9,1,3,2,3,1,3,test
AC4240aaa,0,0,0,0,0,2,
AC4242fc6,0,0,0,0,0,0,
AC423e769,0,0,0,0,0,0,
AC4243af8,0,0,0,0,0,0,
AC423c03b,1,0,2,0,0,0,
AC4243c63,1,0,2,0,0,0,
AC4245282,1,0,2,0,0,0,
AC4243443,1,3,2,3,3,3,
AC424356e,2,2,2,2,0,0,
AC4241c5f,1,1,2,2,3,3,
AC423f516,0,0,2,0,0,0,train
AC423c7bf,0,0,0,0,0,0,
AC4241d61,0,0,0,0,0,0,val
AC423fda4,0,0,0,0,0,2,
AC423d45d,3,3,3,3,1,3,
AC42402fd,1,1,3,3,3,3,
AC4244750,2,2,2,0,2,0,
AC424365d,2,2,2,0,2,0,
AC42402bc,2,2,2,0,0,0,
AC423cd29,1,3,2,3,3,2,
AC423da72,1,3,2,3,3,2,
AC4242d23,0,0,0,0,0,0,
AC423c4eb,1,3,3,3,3,3,
AC4240ef9,1,1,2,3,2,3,
AC4242736,2,0,2,2,2,0,
AC42401fa,1,3,2,1,3,3,
AC423e015,2,1,2,0,0,0,
AC423ea29,2,1,2,3,3,3,
AC423c124,2,1,2,3,3,3,
AC423f5ac,2,1,2,3,3,3,
AC4245e28,2,1,2,3,3,3,
AC423dfd7,2,1,2,3,3,3,
AC423e38e,2,1,2,3,3,3,
AC423e22a,2,1,2,3,3,3,
AC424365a,2,1,2,3,3,3,
AC423f740,0,0,3,3,0,0,
AC4244060,2,2,2,2,1,2,train
AC423f4e0,0,0,0,0,0,0,
AC42459ce,3,3,2,3,1,3,train
AC42420f1,3,3,2,3,1,3,train
AC4240d80,2,0,2,0,1,1,
AC423f5dc,0,0,0,0,0,0,
AC4241d5b,2,2,2,2,0,0,
AC423e36f,1,1,2,0,0,0,
AC423c72c,2,2,2,1,0,1,
AC423fdcd,0,0,0,0,0,0,test
AC4244d96,0,0,0,0,0,0,val
AC423fd21,0,0,2,0,0,0,
AC423e056,2,2,0,0,0,0,test
AC4243620,2,2,0,0,0,0,test
AC423f485,0,0,0,0,0,0,
AC4242701,0,0,0,0,0,0,
AC424286b,3,3,3,3,1,3,
AC42420fd,0,0,1,0,0,0,
AC4242f48,0,0,3,0,0,0,
AC423e305,2,2,2,1,0,0,
AC4244f28,2,2,2,1,0,0,
AC4244d3c,0,0,0,0,0,0,
AC423f4f6,2,2,2,0,0,2,test
AC4242f91,2,2,2,0,0,2,test
AC4243c56,0,0,0,0,0,2,
AC4243373,1,3,1,3,3,3,
AC423f479,0,0,2,0,0,0,
AC42420dc,0,0,2,0,0,0,
AC4245c72,0,0,0,3,0,0,
AC4241d96,0,0,0,2,0,0,
AC4245a5a,2,1,2,0,2,0,
AC423f506,1,1,3,3,3,3,test
AC42429ed,2,2,0,0,0,0,
AC42416fd,0,0,0,0,0,0,
AC423d419,2,2,2,0,0,1,
AC423c112,0,0,2,0,0,0,
AC42433d1,2,2,2,2,2,0,
AC423be58,0,0,1,0,0,0,
AC4240846,0,0,2,0,0,0,
AC4243613,2,2,2,0,0,0,
AC423cd21,0,0,0,0,0,0,
AC4241720,2,2,2,0,2,0,
AC424418f,2,2,2,0,2,0,
AC4240884,2,2,2,0,2,0,
AC4245cda,2,2,2,0,2,0,
AC42409ad,2,2,2,0,2,0,
AC42403a1,2,2,2,0,2,0,
AC4241b2c,3,3,1,3,3,3,
AC4241600,0,0,1,0,1,3,
AC423c745,0,0,1,0,1,2,
AC423fb6e,0,0,1,0,1,2,
AC423da6e,2,2,2,2,1,3,
AC4242058,2,2,2,2,1,3,
AC4242fa7,3,3,1,3,3,3,train
AC4240abb,2,3,2,2,1,3,
AC423dc92,2,3,2,2,1,3,
AC4240943,0,0,0,0,0,0,
AC423dfdd,3,3,1,3,3,3,
AC424526d,3,3,1,3,3,3,
AC4245a44,3,3,1,3,3,3,
AC423d45f,0,0,2,0,0,0,
AC4243378,0,0,0,0,0,0,
AC423f778,0,0,0,3,0,0,
AC4242705,2,2,2,2,2,0,
AC4243644,2,2,2,2,2,0,
AC424084a,1,1,3,3,3,3,
AC423f4ae,1,1,3,3,3,3,
AC4240408,0,0,0,0,0,0,
AC423cc01,0,0,0,0,0,0,val
AC4244555,2,2,2,0,0,0,test
AC42407e7,2,3,1,3,3,3,
AC4241d06,1,1,1,2,1,3,
AC423d40c,0,0,2,2,0,0,
AC424518c,2,2,1,0,0,1,
AC4242de3,2,2,3,0,0,1,
AC423e883,2,2,2,1,3,2,
AC423c0f0,2,2,2,1,3,2,
AC423c64f,1,3,1,2,2,3,
AC423eee6,0,0,0,0,0,0,
AC4245489,0,0,0,0,0,0,
AC423e99e,0,0,0,0,0,0,train
AC42445ac,0,0,0,0,0,0,
AC4242df0,2,2,2,3,1,1,test
AC42445fd,1,3,2,3,3,3,test
AC423e1d6,2,2,0,1,0,0,
AC423ccf1,2,2,2,0,0,2,
AC423e91c,2,2,2,0,0,2,
AC4240873,3,3,2,3,3,1,train
AC4243b31,0,0,0,0,0,0,
AC4244142,0,0,0,0,0,0,
AC423d9ce,0,0,0,0,0,0,
AC4245e7d,0,0,0,0,0,0,
AC4240936,0,0,0,0,0,0,
AC423c171,0,0,0,0,0,0,
AC4241735,0,0,0,0,0,0,
AC423e391,0,0,0,0,0,0,
AC423e939,1,1,1,3,3,3,val
AC423d30b,1,1,3,3,3,0,
AC42414de,1,3,1,3,3,3,
AC423c09a,3,3,1,3,1,3,
AC4245d2d,3,3,1,3,3,3,
AC4241dad,0,0,0,0,0,0,
AC4244d6a,0,0,0,0,0,0,
AC42409ea,0,0,0,0,0,0,val
AC4243b5c,2,2,2,0,0,2,
AC4241430,3,3,1,3,3,3,
AC423dc73,2,2,2,3,2,1,train
AC42421fd,2,2,1,3,1,3,
AC423dc98,2,2,2,0,0,2,
AC423e8ea,0,0,0,0,0,0,
AC423cf93,0,0,2,2,0,0,val
AC42442ca,1,3,2,3,3,3,
AC4244c81,0,0,0,0,0,0,
AC423e2a3,1,1,3,3,3,3,val
AC4241752,0,0,2,2,0,0,
AC423dba0,1,1,1,3,3,3,
AC4245212,1,1,1,3,3,3,
AC4241a20,1,1,1,3,3,3,
AC42458a2,2,2,0,0,1,0,
AC424271c,2,2,0,0,1,0,
AC42432fb,2,2,2,0,0,0,
AC4244082,3,3,1,3,3,3,
AC423ef9e,3,3,1,3,3,3,
AC4240e46,3,3,1,3,3,3,
AC42402f0,3,3,1,3,3,3,
AC42457bc,3,3,1,3,3,3,
AC4242d16,0,0,3,0,0,0,test
AC423e0ab,2,2,2,2,2,0,
AC424345e,2,1,0,0,0,0,
AC42422a3,1,1,2,2,3,2,
AC424232f,0,0,2,0,0,0,
AC423ce17,1,0,2,2,2,0,
AC423d938,1,1,1,1,1,1,test
AC42416f5,0,0,3,2,0,0,
AC42441db,2,2,2,0,0,0,test
AC42427e7,0,0,0,0,0,0,
AC423e11a,2,2,1,1,2,3,
AC424417b,2,2,2,2,0,2,
AC423ea26,2,2,2,2,0,2,
AC4241048,1,1,2,0,0,0,
AC423d468,2,1,2,0,0,1,
AC423f440,2,2,1,3,3,3,
AC423d32b,2,2,2,2,0,0,
AC424289b,1,1,2,3,3,3,
AC423c14c,0,0,0,0,0,0,test
AC423dbb1,1,3,3,3,3,3,test
AC4241dd3,3,3,1,3,3,3,
AC423cde6,0,0,0,0,0,0,
AC423faf1,2,2,2,1,3,3,
AC423f0bf,2,2,2,2,1,3,test
AC4244d8e,3,3,3,3,3,1,
AC424458d,1,1,2,3,3,3,
AC424009e,3,3,1,3,2,3,
AC4240a94,3,3,1,3,2,3,
AC42414a6,3,3,1,3,2,3,
AC42421a9,2,2,2,0,0,0,train
AC42442de,1,0,1,1,0,0,
AC424332c,0,0,0,0,0,0,
AC4240815,2,1,2,2,1,1,train
AC4244150,2,2,2,0,0,0,
AC4242e1a,2,2,2,2,0,0,
AC4243b8d,0,0,0,0,0,0,
AC423d433,3,3,3,1,3,3,
AC423db7d,0,0,2,0,0,0,
AC423f065,2,2,0,0,0,0,
AC4242326,2,2,2,0,0,0,
AC4241b9a,2,2,2,0,0,0,
AC42413fc,2,2,2,0,0,0,
AC42442f9,2,2,2,0,0,0,
AC423e9de,2,2,2,0,0,0,
AC4243387,0,0,2,0,0,0,
AC42415dd,1,1,3,1,3,3,
AC423c094,3,2,3,3,1,1,
AC4243c3c,1,1,2,2,1,0,
AC4245546,3,3,2,2,1,3,
AC423ee06,2,2,2,2,1,3,
AC424171a,2,3,2,3,1,2,
AC4240a23,0,0,0,0,0,0,
AC4241588,0,0,0,0,0,0,
AC423e836,2,2,2,0,0,0,
AC4242224,0,0,0,2,0,0,
AC423d9b5,2,2,2,2,3,1,train
AC423c5f9,2,2,2,2,1,0,
AC423bf39,2,2,2,2,1,0,
AC42423c4,2,2,2,2,1,3,
AC423c71d,2,2,2,2,1,3,
AC423e733,2,2,2,0,2,2,
AC42403d3,2,2,2,0,2,2,
AC4240956,2,2,2,0,2,2,
AC42403ea,2,2,2,0,2,2,
AC423f68e,0,0,0,0,0,0,train
AC424331c,0,0,0,0,0,0,
AC424045b,2,2,2,1,2,0,test
AC4245273,1,1,3,3,3,3,test
AC42409b9,1,1,3,3,3,3,test
AC423ed81,2,2,2,0,0,0,
AC424034f,2,2,2,0,0,0,
AC423f5db,1,1,0,0,0,0,train
AC4243c55,0,0,3,0,0,0,
AC423ed32,0,0,0,0,0,0,train
AC423be7e,0,0,0,0,0,0,train
AC4240248,1,1,3,0,0,0,train
AC4244877,3,3,2,3,1,3,
AC4243485,3,3,2,3,1,3,
AC423cd37,2,0,0,2,2,0,
AC4242f85,1,1,0,0,0,0,
AC423f647,2,2,2,0,0,2,train
AC424207f,2,2,2,2,0,0,
AC424030e,1,3,2,2,3,3,test
AC4245798,1,3,2,2,3,3,test
AC4245d93,1,1,1,0,0,0,test
AC423bf58,0,0,1,0,0,2,
AC423bf3c,0,0,1,0,0,2,
AC423f3a4,0,0,1,0,0,2,
AC4245176,2,2,2,0,2,0,
AC424367d,0,0,0,0,0,0,
AC4244d49,2,2,2,0,0,0,
AC4240e64,2,2,2,0,0,0,
AC42448ba,2,2,0,2,1,0,
AC4240f7b,2,2,0,2,2,0,
AC42413dd,2,2,2,2,2,0,
AC423e7f3,3,3,3,1,3,3,test
AC42447b1,2,2,2,1,2,0,
AC4242066,3,3,2,1,2,3,
AC4241673,3,3,1,3,3,3,
AC424142a,1,0,0,0,0,0,
AC4244296,1,1,2,2,3,3,test
AC423f4bd,2,2,2,3,1,3,
AC424285b,2,2,2,3,1,3,
AC4240d82,2,2,2,3,1,3,
AC4240a88,2,2,2,0,2,2,
AC423be97,0,0,2,0,0,2,
AC423c6b7,0,0,2,0,0,0,
AC42429a4,2,2,2,2,0,0,
AC423e398,1,1,2,2,0,1,
AC4240e57,2,2,1,3,3,3,
AC4242170,2,3,2,2,2,1,test
AC4244c58,2,1,2,2,1,3,
AC423fbf4,0,0,2,2,1,0,
AC4245427,0,0,2,2,1,0,
AC4240718,2,2,2,0,0,0,
AC4244c14,2,2,2,3,1,3,test
AC423f451,2,2,2,3,1,3,test
AC423f43f,0,0,3,0,0,0,
AC423be61,0,0,0,0,0,0,
AC423fcda,2,2,2,2,0,0,
AC423bdbd,1,1,2,3,2,3,
AC4240e5e,0,0,2,0,0,0,
AC42440d6,2,2,2,3,1,2,
AC423cd38,2,2,2,3,1,2,
AC4244592,0,0,0,0,0,0,test
AC4242e9e,2,2,2,3,1,2,
AC423fa8e,1,3,2,3,3,3,train
AC423ed06,2,2,2,1,2,1,
AC423cf90,2,1,2,1,3,3,
AC424290f,3,3,1,3,3,3,
AC423ee6f,3,3,1,3,3,3,test
AC423c642,2,2,2,2,1,1,
AC423d4d3,1,1,2,2,3,3,
AC423c5ec,2,2,2,2,0,1,train
AC4244ef5,2,2,2,2,0,1,train
AC423d9f5,2,2,2,2,0,1,train
AC4241574,2,2,2,2,0,1,train
AC423f564,2,2,2,2,0,1,train
AC4242fac,1,1,3,3,3,3,
AC4242da0,3,3,3,3,3,1,
AC42408da,0,0,0,0,0,0,
AC423e678,0,0,0,0,0,0,
AC4241734,3,3,1,3,3,3,test
AC4242a27,3,3,2,3,1,2,
AC4242870,2,2,0,0,0,0,
AC423d392,2,2,2,0,1,2,
AC423e018,1,3,2,2,3,3,
AC4242725,2,2,2,1,1,3,
AC4244d84,0,0,0,2,0,0,
AC423fdb8,1,1,1,2,0,0,
AC4245456,2,2,0,2,0,0,
AC4240e62,1,3,1,3,3,3,
AC42433e1,0,0,2,2,0,0,
AC42413cc,1,1,3,3,3,3,
AC424086a,1,1,3,3,2,3,
AC4240e77,1,1,3,3,2,3,
AC4243662,1,1,3,3,2,3,
AC42435c5,1,1,3,3,2,3,
AC4244298,1,1,3,3,2,3,
AC424108f,1,1,3,3,2,3,
AC42454a2,1,2,3,3,2,3,
AC424518f,0,0,0,0,0,0,
AC4243cb6,1,1,3,3,3,3,train
AC4240e71,0,0,0,0,0,0,train
AC423c098,1,3,1,3,3,1,
AC4240139,2,2,2,2,1,2,
AC42409fb,2,2,0,0,0,0,test
AC42446f5,1,1,2,0,2,0,
AC4241494,0,0,0,2,0,0,
AC4244d45,3,3,1,3,3,3,
AC423f659,2,2,1,0,0,2,val
AC4242e5e,2,2,2,0,0,0,
AC424087f,0,0,0,0,0,0,
AC423e35b,2,2,3,1,0,0,
AC4241b92,2,2,2,0,0,0,train
AC423c609,2,2,2,2,0,0,
AC423d61e,0,0,0,0,0,0,test
AC423bf95,0,0,0,0,0,0,
AC423cf80,2,2,2,0,1,0,
AC423cbc1,2,2,2,3,3,1,
AC423f517,2,2,2,3,3,1,
AC42434c3,2,0,2,0,0,0,
AC42439f4,0,0,0,0,0,0,
AC423efac,3,3,1,3,3,3,
AC423ed63,2,2,2,0,0,0,
AC423dc66,2,1,2,3,2,2,
AC4243b72,0,0,3,3,0,0,
AC4245d12,2,2,2,1,0,0,
AC423c752,2,2,2,0,2,0,
AC423d399,1,3,2,3,2,3,
AC423cce1,2,3,1,3,3,3,train
AC423cd31,0,0,2,1,0,0,
AC42447cd,0,0,2,3,0,0,
AC423d4c1,0,0,0,0,0,0,
AC4245524,3,3,1,1,3,3,
AC423d293,3,3,1,3,3,3,
AC424278d,3,3,1,2,3,3,
AC4240aa9,0,0,0,0,0,0,
AC423e738,0,0,2,2,0,0,
AC42426c1,3,3,1,3,1,3,
AC42439ad,1,3,2,2,3,2,
AC423bfa1,0,0,2,2,0,0,
AC423f58d,1,1,2,2,0,0,
AC42413e5,1,3,2,2,3,3,train
AC42428b6,0,0,0,0,0,0,
AC42423b3,2,2,2,0,0,2,train
AC423e352,2,2,2,0,0,2,train
AC4245b2b,2,2,2,0,0,2,train
AC4244747,3,3,2,3,3,1,
AC4243ae4,1,1,2,3,2,3,
AC42422d7,1,3,2,3,3,2,
AC4244e9c,2,0,2,0,2,2,
AC423f635,2,2,2,2,2,0,
AC42430a5,2,2,2,2,2,0,
AC423f553,2,2,2,1,2,3,
AC423cf63,0,0,2,2,0,0,
AC424166a,1,1,2,0,1,0,test
AC42447ef,3,0,3,0,0,0,
AC423ce95,1,1,2,2,0,0,
AC423f5ee,0,0,0,0,0,0,
AC423c738,0,0,0,0,0,0,test
AC423d492,0,2,2,0,0,0,
AC424269a,0,0,0,0,0,0,
AC42435f6,0,0,0,0,0,0,train
AC423d43b,0,0,0,0,0,0,train
AC4240a3c,0,0,0,0,0,0,train
AC4240fad,1,1,1,1,1,3,
AC4243bb1,1,1,2,1,1,3,
AC423cce8,2,2,2,1,1,3,
AC42435b1,2,2,2,1,1,3,
AC423d27d,0,0,0,0,0,0,
AC424229a,3,3,2,3,1,3,
AC423c7a3,3,3,2,3,1,3,
AC42427bc,3,3,2,3,1,3,
AC423d3e6,2,2,0,0,0,0,val
AC4244c50,2,2,2,0,0,0,
AC423fd76,0,0,0,0,0,0,
AC423ceb6,1,0,2,1,0,0,
AC423ed79,1,1,1,3,2,3,
AC42410ae,1,1,1,3,2,3,
AC424587a,1,1,1,3,2,3,
AC423c52b,3,3,1,3,3,3,
AC423dbc6,3,3,1,3,3,3,
AC423e14d,3,3,1,3,3,3,
AC423fdda,3,3,1,3,3,3,
AC424010b,3,3,1,3,3,3,
AC423f4fb,0,0,3,0,0,3,
AC423d35f,3,3,3,1,3,3,test
AC423f0b6,0,0,2,2,2,3,test
AC4243b39,2,2,0,0,1,0,
AC423f62c,1,3,2,2,3,2,
AC4244654,2,3,1,2,3,3,
AC423f4bc,3,3,3,1,3,3,test
AC423c685,3,3,2,3,1,3,
AC4241d50,3,3,2,3,1,3,
AC423d94e,3,3,2,3,1,3,
AC42432f2,1,3,1,2,3,3,test
AC42442d5,3,3,1,3,3,3,
AC423c789,1,1,2,1,2,0,
AC423f431,2,2,2,2,1,2,
AC423c857,2,2,2,2,1,2,
AC423f4ab,2,2,2,2,1,2,
AC4244e00,2,2,2,2,1,2,
AC4243c32,2,2,1,3,3,3,
AC423be4b,1,3,3,3,1,3,
AC423f722,1,3,3,3,1,3,
AC4244725,1,3,3,3,1,3,
AC4242a33,1,1,2,2,3,3,val
AC423e0f2,1,1,2,2,3,3,val
AC423e399,2,2,2,0,2,0,test
AC42434b1,2,2,2,1,3,3,
AC423cc76,2,1,2,2,1,1,
AC423c870,0,0,2,0,0,2,
AC423ccdd,2,3,2,0,0,0,test
AC42440d2,0,0,0,0,0,0,
AC423d575,3,3,3,3,3,1,
AC423fb4c,2,2,1,3,3,3,
AC423d59a,1,1,3,3,3,3,
AC423f583,2,2,2,0,0,0,
AC42401c1,0,0,0,0,0,0,test
AC423fc6c,0,0,3,0,0,0,
AC4243466,0,0,0,0,0,0,
AC423d34a,2,2,2,3,1,3,test
AC424297b,2,2,1,3,3,3,
AC424147f,3,3,2,3,3,1,
AC424492c,1,1,2,3,3,3,
AC4241c5b,1,1,3,3,1,3,
AC424593f,2,1,3,3,1,3,
AC423c7c9,2,1,3,3,1,3,
AC424334c,2,1,3,3,1,3,
AC423bf05,0,0,0,0,0,0,val
AC4242777,2,2,2,0,0,1,
AC4242d65,2,2,2,3,3,1,
AC423c14f,2,2,2,0,0,0,test
AC4241b8d,3,3,1,1,3,3,
AC4241515,1,3,2,3,3,3,test
AC4244d18,2,2,2,0,3,0,
AC4243f70,2,2,2,1,2,3,
AC4244b99,0,0,0,0,0,0,
AC4242376,0,0,0,0,0,0,
AC423bece,1,3,3,3,3,3,
AC4241a83,1,3,3,3,3,3,
AC4240223,1,3,3,3,3,3,
AC424538f,1,3,3,3,3,3,
AC423c868,3,3,1,2,3,3,
AC424015b,1,1,3,3,3,2,
AC424176c,3,3,2,3,3,1,val
AC42446de,3,3,2,3,3,1,val
AC4244c70,3,3,2,3,3,1,val
AC423db9f,1,3,2,3,3,3,val
AC424022a,0,0,0,0,0,0,
AC42413e8,2,2,2,1,2,3,test
AC423cda7,2,2,2,2,2,0,test
AC42410df,2,2,2,3,1,2,
AC4243bc8,2,2,2,2,1,3,
AC4240abf,3,3,3,2,1,3,
AC423e2b9,1,3,2,3,3,3,train
AC4240fa5,2,2,2,0,0,0,test
AC423f08b,1,1,2,0,0,0,
AC42413d6,3,3,2,3,3,1,
AC4240784,0,0,2,0,0,0,
AC4243912,2,2,1,0,0,1,val
AC4240a08,2,2,2,3,3,1,val
AC423e0a9,1,3,2,3,3,3,val
AC423d955,2,2,2,2,0,0,
AC4241763,3,3,1,3,3,3,test
AC4244c2c,0,0,0,0,0,0,
AC423daa1,2,2,2,2,1,3,
AC4245455,2,2,2,0,0,0,
AC42423bc,2,2,2,0,0,0,
AC424020f,2,2,2,0,0,2,
AC4241ba1,2,2,2,2,2,0,
AC423c12b,2,2,2,2,0,0,
AC42434b6,2,1,2,2,1,2,
AC423d4db,2,1,2,2,2,2,
AC4243c01,0,0,2,3,3,3,test
AC423ee30,0,0,0,0,0,0,train
AC423e6b0,0,0,0,0,0,0,train
AC423da2e,1,1,3,3,3,3,
AC424029b,0,0,0,0,0,0,
AC423bff1,2,1,1,3,1,3,
AC42428fb,2,2,2,2,0,0,
AC424282b,1,1,2,2,3,2,
AC4240840,3,3,3,1,3,3,
AC4243016,2,2,2,2,1,1,
AC4243ffc,0,0,1,0,0,0,test
AC42422a4,0,0,2,0,0,0,test
AC423f53a,0,0,2,0,0,0,test
AC4240aba,2,2,2,2,1,3,
AC4241cc0,2,2,2,0,0,0,
AC423fc6d,2,2,2,0,0,0,
AC423bef8,2,2,2,0,0,0,
AC423e20e,1,1,2,2,2,1,test
AC4241a60,2,2,2,2,3,0,
AC4241d00,2,2,2,2,2,0,
AC4242cc2,1,3,2,3,3,3,train
AC4244ed9,0,0,2,0,0,0,
AC4240a2b,0,0,2,0,0,0,
AC423f019,0,0,2,0,0,0,
AC4244ea9,2,2,2,2,1,2,test
AC42445fc,1,1,2,0,2,2,
AC423e01f,1,0,0,0,0,0,test
AC4241ccf,2,2,2,3,1,3,test
AC4245234,2,2,2,2,2,1,
AC423f061,0,0,3,0,0,0,
AC423c4cd,3,3,2,3,1,1,
AC4244123,0,0,0,0,0,0,
AC4243595,2,2,1,0,0,0,train
AC423f510,2,2,2,0,1,0,
AC4244be7,2,2,2,0,2,0,
AC423c693,0,0,0,0,0,0,
AC4240ab8,2,2,0,0,0,0,
AC423f0bb,1,3,2,2,3,3,
AC423c87a,1,3,2,2,3,3,
AC4244e90,1,3,2,2,3,3,
AC4244bab,2,2,2,2,0,0,train
AC424599a,1,1,3,3,3,3,
AC423c7b1,3,1,3,3,1,3,train
AC42410b6,0,0,0,0,0,0,
AC4241545,0,0,0,0,0,0,
AC423f50a,2,3,3,3,3,1,test
AC423d40e,1,1,2,2,2,0,
AC4245167,1,1,2,2,2,0,
AC4243bcc,1,1,2,2,2,0,
AC423bf34,1,1,2,2,2,0,
AC4242dc8,1,1,2,2,2,0,
AC42459a4,1,1,2,2,2,0,
AC4241d4a,1,1,2,2,2,0,
AC424044f,1,1,2,2,2,3,
AC4243b20,0,0,0,0,0,0,
AC423c16a,0,0,2,0,0,0,
AC423cd13,2,1,3,2,3,0,test
AC4241c29,2,2,2,0,0,0,
AC423dc35,2,1,1,2,0,0,val
AC423d952,0,0,0,1,0,0,
AC4240d8e,2,2,2,0,0,0,
AC4243a10,3,3,3,3,1,3,
AC42453d1,2,2,2,1,2,0,
AC424419c,2,2,2,1,2,0,
AC423e6d9,0,0,0,0,0,0,
AC423c778,3,3,1,3,3,3,test
AC42447f0,0,0,0,0,0,0,
AC423e9eb,0,0,1,0,0,0,train
AC423f005,0,0,2,3,0,0,
AC4240eb7,3,3,1,3,3,3,
AC42407f0,3,3,1,3,3,3,
AC423ed56,2,2,2,2,0,2,
AC4241b67,0,2,2,0,0,2,
AC423e21f,2,3,2,3,1,3,
AC42446ca,2,2,2,2,2,0,
AC424109a,2,2,2,2,2,0,
AC4243c8c,1,1,3,3,3,3,train
AC4241770,3,3,1,3,3,3,
AC42429d6,0,3,2,2,2,0,
AC4243aa3,3,3,2,1,2,3,
AC423ce56,3,3,3,3,1,3,
AC423c861,0,0,3,0,0,0,
AC423ea24,1,1,3,3,3,3,
AC4243635,3,3,3,3,1,3,
AC423cbfb,0,0,1,0,0,0,
AC423ccf9,0,0,0,0,0,0,
AC4244b98,0,0,0,0,0,0,val
AC423edee,2,0,2,0,1,0,
AC423d5c9,2,0,2,0,2,0,
AC42446e6,1,1,2,3,2,3,
AC423d278,2,2,2,2,0,0,
AC4245949,2,2,2,2,0,0,
AC4242a6b,1,1,0,0,0,0,
AC423c69a,2,2,2,2,0,2,train
AC423da28,1,1,1,1,3,0,
AC42413fe,1,1,1,1,2,0,
AC4243bcb,1,1,1,1,2,0,
AC4244db2,1,1,2,2,0,0,
AC423ed6d,1,1,2,2,0,0,
AC42400f0,2,1,2,3,1,3,
AC42422e6,1,1,2,0,0,0,
AC423d93b,0,0,0,0,0,0,
AC423f4be,3,3,1,2,3,3,
AC424110e,1,1,3,3,3,3,
AC4241651,2,2,0,0,0,0,
AC423d43e,3,3,3,3,3,1,val
AC4240756,2,2,1,0,0,2,
AC423e00f,2,2,1,0,1,0,
AC42420fc,2,2,3,0,2,0,
AC423c87f,2,2,2,0,2,0,
AC423fd7a,1,1,1,0,0,0,
AC423db85,2,2,2,2,0,0,
AC42408a8,3,3,1,3,3,3,test
AC4245ac9,1,1,3,2,3,3,
AC423da49,2,2,1,3,3,3,
AC42409b3,0,0,2,0,0,0,
AC423da61,0,0,2,0,0,0,
AC4241ab2,0,0,2,2,0,0,
AC423ed92,0,0,0,0,0,0,train
AC42422dc,2,2,2,0,0,0,
AC4241401,0,0,0,1,0,0,
AC423fa74,0,0,2,0,0,0,test
AC423f07a,0,0,2,2,0,0,
AC4240328,2,2,2,1,3,2,
AC423c1a2,2,2,2,2,0,0,
AC424168d,2,2,2,2,0,0,
AC42447dc,0,0,0,0,0,0,
AC423d340,0,0,0,0,0,0,
AC4243afb,2,2,0,0,0,1,
AC4241139,2,2,0,0,0,2,
AC42413ff,2,2,0,0,0,2,
AC423e832,2,2,2,0,0,2,
AC42407fe,2,0,0,0,0,0,
AC4243091,3,3,3,1,3,2,
AC4240e07,0,0,1,0,0,0,
AC423d303,0,0,0,0,0,0,train
AC423e17f,0,0,0,0,0,0,train
AC424598d,2,2,2,2,0,0,
AC4240197,2,2,0,0,0,0,
AC423cf7d,0,0,0,0,0,0,
AC423e96a,3,3,2,3,3,1,
AC42434a3,0,0,3,3,0,0,
AC4243a93,2,2,2,1,2,2,test
AC4243926,0,0,0,0,0,0,
AC423e6ef,2,3,2,1,3,3,
AC423d425,2,2,2,2,0,0,test
AC423c56a,1,3,3,3,3,3,
AC423cd26,1,3,3,3,3,3,
AC4242ff8,1,3,3,3,3,3,
AC423c810,0,0,0,2,2,0,
AC423d315,2,2,2,2,1,2,
AC4241bf6,2,2,2,2,1,2,
AC424174c,2,2,2,2,1,2,
AC423cc79,3,3,2,1,3,3,
AC423f0a4,1,3,2,2,2,3,
AC423cbb5,1,1,2,2,0,0,
AC423fd0b,1,1,2,2,0,1,train
AC423ee46,2,3,2,2,3,1,train
AC4241de5,1,3,3,3,3,2,
AC4241b57,3,3,1,3,3,3,train
AC4245373,1,0,2,0,0,0,val
AC423d37b,2,0,2,0,0,0,val
AC4240f7e,0,0,0,0,0,0,
AC4242797,0,0,0,0,0,0,
AC4241099,0,0,1,2,0,0,val
AC4243f55,0,0,1,2,0,0,val
AC423d401,0,0,1,2,0,0,val
AC42439d5,0,0,2,0,0,0,
AC4242178,0,0,2,0,0,0,
AC424343e,2,0,0,2,2,0,
AC423cbdf,1,1,2,3,3,3,val
AC4242370,0,0,0,0,0,0,train
AC423dca2,2,1,2,0,0,0,
AC4244092,1,3,2,3,1,3,
AC423bea6,3,3,1,3,3,2,
AC423d539,3,3,1,3,3,2,
AC424212e,2,2,0,0,0,0,
AC423d2bf,0,0,0,0,0,0,
AC423cc74,2,2,2,0,0,0,
AC423ce69,1,1,1,2,2,0,
AC4241491,3,3,1,3,3,3,
AC4244928,2,2,2,1,2,3,
AC423ee1b,3,3,3,3,3,1,
AC4241bd6,3,3,3,3,3,1,
AC42447db,1,1,1,3,3,3,test
AC423c84c,3,3,1,3,3,3,test
AC4240987,2,2,2,1,3,1,
AC4243b26,3,0,3,0,0,0,
AC4244865,3,3,1,3,3,3,
AC4244901,0,0,0,0,0,0,test
AC4244d6b,2,2,2,0,1,0,
AC4244e6e,1,1,2,2,0,0,
AC42435ff,0,0,0,0,0,0,train
AC4241bfa,3,3,1,0,0,0,
AC423cc92,1,1,1,3,3,2,test
AC423be0e,0,0,3,0,0,0,
AC42439ca,2,2,2,1,1,1,
AC423cceb,2,2,2,3,1,1,
AC42429bf,1,1,2,2,3,3,test
AC423e0f0,3,3,2,1,3,3,test
AC4240e48,3,3,2,2,1,3,
AC4244cb4,2,2,2,2,0,2,
AC423ef89,2,0,0,0,0,1,train
AC4243cd5,0,0,2,0,0,0,
AC42457bb,2,2,2,2,0,2,
AC423e88f,1,1,2,3,3,3,
AC4240338,2,2,2,2,0,0,val
AC423cd47,0,0,3,0,0,0,
AC423c023,3,3,1,2,3,3,
AC424390d,0,0,0,0,0,0,
AC424346d,2,2,2,3,3,1,
AC42403a3,3,3,3,3,1,3,
AC4240f46,2,2,2,2,0,0,
AC423c836,2,2,2,0,2,0,
AC4241453,0,0,0,0,0,0,
AC42436d4,0,0,0,0,0,0,
AC4244d41,3,3,1,3,3,3,val
AC4242286,2,2,0,0,0,0,
AC4244d62,3,3,1,3,3,1,
AC423c73c,2,0,0,0,0,0,
AC424042f,2,2,1,2,0,2,
AC4241a93,2,2,1,2,0,2,
AC4242827,2,2,1,2,0,2,
AC424110f,2,2,1,2,0,2,
AC423e86c,2,2,1,2,0,2,
AC4241014,2,2,1,2,0,2,
AC4241690,2,2,1,2,0,2,
AC4243b03,2,2,1,2,0,2,
AC42401d2,2,2,1,2,0,2,
AC42440f7,2,2,2,1,2,3,
AC423e74f,0,0,2,1,0,0,
AC423bdcd,0,0,0,0,0,0,
AC423c08b,2,2,2,0,2,1,
AC4244de1,1,3,2,3,3,3,
AC4242d38,2,2,2,0,0,1,
AC423e02b,1,3,2,2,3,3,
AC42410ec,0,0,2,2,0,0,val
AC424365b,1,1,2,2,0,2,
AC423faa1,1,1,2,2,0,2,
AC4243c2d,1,1,2,2,0,2,
AC423cce7,0,0,0,0,0,0,
AC423db1f,1,3,2,3,1,3,val
AC423c65d,1,3,2,3,1,3,val
AC423bee1,1,3,2,3,1,3,val
AC4240a2e,1,3,2,3,2,3,val
AC423c0f1,2,2,1,0,0,0,
AC4240776,2,2,3,0,0,0,
AC423dfea,2,2,2,0,0,0,
AC423bf6e,1,1,2,3,3,3,
AC423f761,0,0,0,0,0,0,
AC4243c93,0,0,0,0,0,0,
AC423e355,2,2,2,2,0,0,train
AC423d9fb,2,3,2,2,1,0,
AC424233c,1,3,3,3,3,3,
AC423be03,3,3,1,3,3,3,
AC423fc73,2,2,2,2,0,0,
AC423cece,3,3,3,3,3,1,
AC423efc3,0,0,0,0,0,0,
AC423bf35,0,0,0,0,0,0,
AC423c5cd,1,0,1,1,0,0,
AC4241445,3,3,2,3,1,3,
AC4244899,3,3,1,1,3,3,
AC423e008,2,2,2,3,1,2,
AC4243bad,2,2,2,2,1,3,
AC423d51c,3,3,3,1,3,3,
AC4240388,1,1,2,2,3,3,
AC423cd3a,1,1,2,2,2,3,
AC4244717,0,0,0,0,0,0,
AC4243a0d,2,2,2,2,1,3,
AC423dd01,2,2,2,0,2,0,
AC423cdaa,0,0,0,0,0,0,
AC423e1ec,3,3,3,3,1,3,
AC4240f3c,2,2,2,0,0,0,
AC423f593,2,2,2,0,0,0,
AC42429f1,1,1,2,0,0,0,
AC423fcfd,2,3,1,3,3,3,
AC4241495,3,3,2,3,1,3,
AC423c6ee,3,3,2,3,3,1,
AC4242297,0,0,0,0,0,0,
AC42420c5,0,0,0,0,0,0,
AC4244c67,2,0,0,0,0,0,
AC423e1a1,0,0,0,0,0,0,
AC42422ea,0,0,3,2,0,0,test
AC4244200,1,3,2,3,3,3,
AC42400ef,0,0,1,0,0,0,
AC423f69a,0,0,3,0,0,0,
AC424273b,2,2,2,0,0,0,val
AC4243a3e,0,0,0,0,0,0,
AC4240773,2,0,2,0,0,2,
AC423d9e2,2,2,2,2,1,3,
AC424402b,0,0,0,0,0,0,
AC4243fe4,2,3,2,3,1,2,
AC423c0ca,1,3,2,2,2,3,
AC423e772,1,3,3,3,3,3,
AC42421f0,1,3,3,3,3,3,
AC42426e0,1,3,3,3,3,3,
AC423d389,1,1,1,0,0,0,test
AC423bf7b,3,3,2,1,2,3,
AC423bedc,2,2,0,2,0,0,
AC423e80a,1,1,2,2,3,3,train
AC4241c3f,2,2,2,1,2,2,
AC424170a,2,1,2,3,3,3,
AC4243609,2,2,2,3,1,1,
AC423cdb5,2,2,2,3,1,1,
AC4244de6,0,0,2,0,0,0,
AC423e828,0,0,2,0,0,0,
AC423fd9d,2,2,0,0,0,2,
AC423fda0,0,0,0,0,0,0,test
AC423d634,2,2,2,0,2,0,
AC4242864,1,3,3,3,3,3,
AC4241a70,0,0,0,0,0,0,
AC4244938,3,3,2,1,3,3,
AC4242a0c,2,2,2,1,3,3,
AC4242f33,2,2,1,3,3,3,
AC4242cd7,0,0,2,0,0,0,
AC4244eec,2,2,2,0,0,0,test
AC4242fbc,2,2,2,2,0,1,
AC4242f76,2,2,2,2,0,1,
AC423be2e,2,2,2,2,1,2,
AC4242f9b,3,3,3,1,0,0,
AC4240772,2,2,2,1,0,0,
AC423cf49,2,2,2,1,0,0,
AC423ce73,2,2,2,1,3,3,
AC423e9af,2,2,2,0,2,0,
AC4243ae6,3,3,1,2,1,3,
AC423f406,0,0,0,0,0,0,
AC424337b,2,2,2,2,0,0,
AC4243b99,2,2,2,2,0,0,
AC4240737,0,0,0,0,0,0,
AC4244309,2,2,2,2,0,2,
AC423f46d,2,2,2,2,0,2,
AC423c5ba,2,2,2,2,0,2,
AC423f710,0,0,0,0,0,0,
AC423d55e,2,2,2,0,0,0,
AC423d26f,2,2,2,0,0,0,
AC423cc71,2,1,2,1,0,0,
AC423be50,2,1,2,2,0,0,
AC423ef7b,1,1,2,2,3,2,
AC423cea5,2,2,2,0,2,0,test
AC423d470,2,2,2,2,0,0,
AC42434e3,0,0,0,2,0,0,
AC4243450,2,2,2,0,0,0,
AC423e6d6,0,0,0,2,0,0,
AC423c6d7,0,0,0,0,0,0,
AC423c570,1,0,0,3,0,0,
AC423e080,0,0,0,0,0,0,
AC4244e5b,0,0,0,0,0,0,train
AC42458e8,2,2,2,0,0,0,
AC4243098,2,2,2,0,0,0,
AC4242227,2,2,2,0,0,0,
AC423d5be,2,2,2,0,0,0,
AC423c695,2,2,2,0,0,0,
AC423ee50,1,1,1,3,3,1,
AC423fb7f,0,0,0,0,0,0,
AC42409e2,1,3,3,3,3,3,
AC423f0a3,1,3,3,3,3,3,
AC423e711,1,3,3,3,3,3,
AC424428e,2,2,2,0,0,0,
AC42423aa,2,2,2,0,0,0,
AC42446a4,2,2,2,0,0,0,
AC424019c,2,2,2,0,0,0,
AC4243f3f,1,1,2,0,0,0,
AC4241dd8,0,0,0,0,0,0,
AC423eedb,2,1,2,2,2,3,train
AC424463f,2,2,2,3,2,1,
AC423dc50,0,0,2,0,2,0,
AC4241a99,2,2,2,2,0,0,
AC4245cff,2,2,2,2,0,0,
AC4241af7,3,3,1,3,3,3,
AC424430b,1,1,1,3,3,3,
AC4241bcb,2,2,2,0,0,0,
AC4241c16,0,0,0,0,0,0,
AC423d516,2,3,1,3,3,3,
AC4241097,0,0,0,0,0,0,train
AC423e6be,1,3,2,2,1,3,
AC42402ac,3,3,0,0,0,0,
AC423e7a4,3,3,2,1,3,3,
AC423dbb7,2,2,0,0,0,0,
AC4242e10,0,0,0,0,0,0,
AC424412b,0,0,2,2,0,0,
AC423bfa9,1,1,1,1,3,3,
AC42452e2,1,1,1,1,3,3,
AC4241cfe,1,1,1,1,3,3,
AC423d453,0,0,2,2,0,0,test
AC423fb0a,0,0,0,0,0,0,
AC423fba0,0,0,3,2,0,0,
AC423f606,3,3,1,3,3,3,
AC4241407,2,2,2,0,0,2,
AC42421cc,2,2,2,0,0,2,
AC4241da0,1,3,3,3,3,2,
AC423c608,2,1,2,3,2,3,test
AC423f5c5,3,3,1,3,3,3,
AC423da21,2,1,1,1,3,3,
AC423cc46,3,3,3,3,1,3,
AC423f057,3,3,2,1,3,3,
AC4243c6b,2,0,0,0,0,0,train
AC4244081,1,1,3,3,3,3,
AC423e288,0,0,2,0,0,0,
AC4241536,0,0,0,0,0,0,
AC4245853,0,0,0,0,0,0,
AC423bee2,0,0,0,0,0,0,val
AC423e25c,3,3,2,1,3,3,
AC4240430,2,2,2,0,0,0,test
AC423f04e,0,0,0,0,0,0,
AC4242217,0,0,2,0,0,2,test
AC4240ee1,0,0,0,0,0,0,
AC42448c7,2,2,2,0,1,0,
AC42428de,0,0,0,0,0,0,
AC42410d6,2,3,2,3,1,1,
AC423f73d,2,0,0,0,0,0,
AC4245d59,1,1,1,1,1,3,train
AC42427ef,2,2,2,1,2,3,train
AC423edb3,3,3,1,3,3,3,
AC423c043,0,0,0,0,0,0,
AC4242d73,0,0,0,1,0,0,train
AC42416ce,0,0,0,2,0,0,train
AC423f494,0,0,2,0,0,0,
AC423db13,1,1,1,1,3,3,
AC4244b7d,3,3,2,1,3,3,
AC4244e59,2,2,2,0,0,0,train
AC4243bdc,1,1,0,0,0,0,
AC423dcc0,2,2,0,0,0,0,
AC424093b,2,2,0,0,0,0,
AC423fc19,2,2,0,0,0,0,
AC4242a10,2,2,0,0,0,0,
AC4241743,2,2,0,0,0,0,
AC4244884,2,2,0,0,0,0,
AC4243bbd,3,3,2,2,2,1,
AC42407c6,3,3,2,2,2,1,
AC4244de2,3,3,2,2,2,1,
AC4245cb0,2,2,2,0,0,2,
AC423dad7,3,3,1,3,3,3,test
AC423c769,2,2,2,2,2,0,test
AC42434f8,2,2,2,2,2,0,test
AC424301d,0,0,0,0,0,0,
AC4244ed0,0,0,0,0,0,2,
AC423bfd7,0,0,0,0,0,2,
AC4241b70,0,0,0,0,0,2,
AC42454ca,0,0,0,0,0,0,
AC4243396,0,0,0,0,0,0,
AC423dbd2,0,0,0,0,0,0,
AC423db74,2,0,2,0,0,0,
AC423f72a,2,0,2,2,2,0,
AC423d39e,2,2,2,1,2,3,val
AC423d4aa,2,2,2,1,2,3,val
AC4242de2,2,2,2,1,2,3,val
AC42446cb,2,2,2,1,2,3,val
AC4241dda,2,2,2,1,2,3,val
AC423efb4,0,0,0,0,0,0,
AC42409fe,0,0,0,0,0,0,
AC4243307,0,0,2,2,1,0,
AC424095d,2,2,2,2,2,0,
AC4241543,3,3,2,1,3,0,
AC4244813,2,2,2,2,1,0,
AC423f40b,2,2,2,2,1,0,
AC423daab,2,2,2,2,2,0,
AC423cd5e,1,1,2,0,0,0,
AC42420f5,0,0,3,0,0,0,
AC423fa31,1,1,2,3,3,2,
AC423cd2d,2,2,3,1,3,3,
AC423f0bc,3,3,3,1,3,3,test
AC4244d4a,2,0,2,0,0,0,
AC42420cd,0,0,0,0,0,0,
AC4244d85,1,1,0,0,0,0,
AC4241ce5,0,0,0,0,0,0,
AC42400e9,2,2,2,2,2,0,
AC4244c61,3,3,2,2,1,3,test
AC424150c,3,3,1,1,3,3,
AC423c62e,2,2,0,0,0,0,
AC423ef84,2,2,2,2,2,0,val
AC42403d7,3,3,3,3,1,3,test
AC42421b6,0,0,1,1,0,0,
AC423fb3e,2,3,3,1,3,3,
AC4240fbc,2,2,2,2,1,3,test
AC423f573,1,1,2,1,3,3,
AC423f40d,2,2,2,2,0,0,
AC42441fb,3,3,2,3,1,3,val
AC42401f3,2,2,2,0,0,0,
AC423f63f,0,0,2,0,2,0,test
AC423be23,1,3,3,3,3,3,
AC424103c,1,1,3,3,3,3,
AC423ee26,0,0,0,0,0,0,
AC424217c,0,0,0,0,0,0,
AC4243a16,2,2,2,0,2,1,
AC424154f,1,1,2,0,2,0,
AC4245aa5,1,1,2,0,2,0,
AC423c56d,1,1,2,0,2,0,
AC42434ea,1,1,2,0,2,0,
AC4241d71,1,3,2,3,2,3,
AC4241bf9,0,0,0,0,0,0,
AC423fc5c,0,0,2,0,0,0,
AC423f0cf,0,0,0,0,0,0,
AC424018d,2,1,3,3,1,3,
AC423e761,3,0,2,2,0,0,
AC4240171,3,3,1,3,3,3,test
AC4240237,3,3,3,2,1,3,
AC423d9f0,2,1,2,2,0,0,
AC42442d1,3,3,1,3,1,3,
AC4242f7b,3,3,1,3,3,3,val
AC423d5b5,2,2,2,2,1,0,
AC423ee6a,3,3,1,3,3,3,
AC423c61e,0,0,0,0,0,0,test
AC4244784,1,1,3,3,3,3,
AC423d5d7,2,2,2,2,2,0,
AC4243a42,0,0,0,0,0,0,
AC42402b4,0,0,0,0,0,0,
AC4240835,1,3,2,2,3,3,test
AC424402c,0,0,2,0,0,0,
AC424211d,0,0,2,0,0,0,
AC423efff,2,2,2,0,2,1,
AC423d2e7,0,0,0,0,0,0,
AC424025d,1,1,3,3,3,1,
AC423c01d,2,2,2,0,1,0,
AC4240261,2,2,2,1,2,0,
AC423ed6f,3,3,3,3,1,2,test
AC4241c4b,1,3,3,3,3,3,
AC423f4fa,1,3,3,3,3,3,
AC4243001,1,3,3,3,3,3,
AC4242823,3,3,1,3,3,3,
AC4243c20,2,2,2,2,0,0,
AC423fcb7,0,0,0,0,0,0,
AC423cd51,0,0,0,0,0,0,test
AC423e086,2,2,2,2,0,2,
AC4240897,1,1,2,0,0,0,
AC423f6c0,1,1,2,0,0,0,
AC424403c,1,1,2,0,0,0,
AC4243a05,0,0,0,0,0,0,
AC423e0e2,0,0,2,0,1,0,
AC4240a73,0,0,2,0,0,0,test
AC4244158,1,3,3,3,2,3,
AC423ed36,3,1,3,3,3,3,
AC42400a3,1,2,1,3,3,3,
AC42442ba,0,0,2,2,0,2,
AC42436cb,2,2,2,0,0,0,
AC423cf3e,2,2,2,0,0,0,
AC424043e,2,2,2,0,0,0,
AC4245cd0,2,2,2,0,0,0,
AC4242d4d,2,2,2,0,0,0,
AC4242cd5,2,2,2,0,0,0,
AC423efc8,2,2,2,0,0,0,
AC423d931,2,2,2,0,0,0,
AC4244d19,2,2,2,0,0,0,
AC4241135,1,1,3,3,3,3,
AC423d61f,1,1,2,2,3,2,test
AC42429b7,1,3,3,2,3,3,
AC423e0a3,0,0,0,0,0,0,
AC423c127,0,0,0,0,0,0,
AC4242277,0,0,3,0,0,0,
AC423ccb2,2,2,1,2,1,2,
AC4242341,2,2,2,0,1,0,test
AC4244ccd,2,2,2,0,2,2,
AC4242a16,0,0,0,0,0,0,
AC42414fe,0,0,0,0,0,0,
AC423fd09,0,0,0,2,0,0,
AC42422b7,0,0,0,2,0,0,
AC42429e8,0,0,0,2,0,0,
AC424078a,0,0,0,2,0,0,
AC423bdc3,1,1,3,2,3,3,
AC4241464,1,1,2,2,3,3,
AC423d3ad,0,0,0,0,0,0,val
AC424073f,3,3,1,1,1,3,
AC423e111,3,3,1,3,1,3,
AC42416ed,2,1,2,3,2,3,
AC4240f61,0,0,0,0,0,0,test
AC42428ec,0,0,0,0,0,0,
AC4244bd5,2,2,3,1,3,3,
AC423c078,0,0,0,0,0,0,
AC4243a95,2,2,2,2,0,0,
AC424142d,1,0,1,0,0,0,
AC4241070,3,3,3,3,1,3,train
AC4240fa7,0,0,0,0,0,0,
AC4240a4c,1,1,2,3,2,3,test
AC42429e3,1,1,2,3,2,3,test
AC4245772,1,1,2,3,2,3,test
AC423da13,2,1,2,2,0,1,
AC423e75f,2,1,2,2,0,1,
AC423be57,2,3,2,2,0,1,
AC423e917,1,3,2,3,3,2,
AC423be99,0,0,0,0,0,0,
AC4240ed9,3,3,3,1,3,3,
AC423e9f1,0,0,0,0,0,0,test
AC4243ae3,2,1,2,2,2,1,
AC423dbaa,0,0,0,0,0,0,
AC42401cd,1,1,1,0,0,0,
AC423cf04,1,1,1,0,0,0,
AC424534e,2,2,2,3,3,1,
AC423fd83,1,1,3,3,3,3,
AC423dc3e,3,3,1,2,3,3,
AC4243513,1,1,1,3,1,3,
AC424160c,0,0,2,0,0,0,
AC42442a3,1,0,2,0,0,0,
AC4241057,0,0,0,0,0,0,train
AC423cf8a,2,2,2,1,2,3,
AC424489c,0,0,2,0,0,0,
AC423ccad,2,1,2,3,1,3,
AC4240a21,0,0,0,0,0,0,
AC424278a,0,0,0,0,0,0,train
AC4241bf5,0,0,0,0,0,0,
AC423e2f5,2,2,2,2,2,0,
AC4242796,2,0,2,0,1,0,
AC4242ed9,1,1,2,2,2,3,
AC423e248,1,1,2,2,2,3,
AC423f4d3,1,1,1,3,3,3,
AC423fd34,2,2,1,2,3,2,
AC4243668,2,2,3,0,0,0,test
AC4245447,2,2,2,0,0,1,test
AC423f6c7,0,0,0,0,0,0,test
AC423c841,1,1,0,0,2,0,
AC423fde8,0,0,0,0,0,0,
AC423dce5,2,2,2,3,3,1,test
AC42421e7,2,2,0,0,0,0,
AC4242f18,2,1,2,3,1,3,
AC424041a,0,0,0,0,0,0,
AC424479c,1,2,2,3,3,3,
AC423da0f,2,2,2,1,2,0,test
AC42421ed,3,3,1,1,3,3,
AC423cf0b,1,1,0,0,0,0,test
AC423ce9a,0,0,0,0,0,0,
AC4243a39,2,2,0,0,0,0,train
AC423e9cc,0,0,2,0,0,0,
AC4240141,2,2,0,0,0,0,test
AC42426cc,0,0,0,0,0,0,
AC423f5cc,0,0,0,0,0,0,
AC4242e06,3,3,3,1,3,3,
AC423e980,2,2,2,0,0,2,val
AC4241a30,3,3,1,3,3,3,
AC423e9c8,0,0,1,0,0,0,
AC423fa99,0,0,2,0,0,0,
AC423bddc,0,0,0,0,0,0,
AC423e1d3,3,3,2,0,2,0,
AC423f3e1,3,3,3,3,3,1,
AC423be6f,0,0,0,0,0,0,
AC42453dd,0,0,0,0,0,0,test
AC423fd26,0,0,2,0,0,0,
AC423fbce,0,0,0,0,0,0,
AC423e818,0,0,0,0,0,0,
AC4243b01,0,0,0,0,0,0,
AC4240444,2,2,2,0,0,0,test
AC423bdd1,2,2,2,0,0,0,test
AC4243bf8,2,2,2,0,0,0,test
AC423e068,2,2,2,0,0,0,test
AC424153b,2,2,2,0,0,0,test
AC423f637,2,2,2,0,0,0,test
AC4242d96,2,2,2,0,0,0,test
AC423c6d9,2,2,2,0,0,0,test
AC423d27c,2,2,2,0,0,0,test
AC42421bd,3,1,2,3,1,2,
AC4245cf3,0,0,0,0,0,0,
AC4240258,0,0,0,0,0,0,
AC423fdf0,3,3,1,3,1,3,test
AC42416ff,0,0,0,0,0,0,
AC4245839,0,0,0,0,0,0,
AC423fc65,0,0,0,0,0,0,
AC4244618,3,3,1,3,3,3,
AC423f63d,3,3,1,3,3,3,
AC423cd00,3,3,1,3,3,3,
AC423fd46,0,0,3,0,0,0,
AC423f011,3,3,3,3,3,1,
AC424208c,2,2,2,3,1,3,
AC4241443,1,1,2,2,3,2,
AC4244590,0,0,0,0,0,0,
AC4241717,3,3,1,2,3,3,test
AC424290a,3,3,1,3,3,3,
AC4243fd2,0,0,0,0,0,0,
AC423be8c,1,3,2,3,2,1,
AC424081d,1,1,2,3,1,3,train
AC423d9cf,2,2,2,2,2,1,
AC4240e41,0,0,0,0,0,0,
AC423ce43,3,3,1,3,3,3,
AC423f0ab,2,2,2,0,0,0,test
AC4242a60,2,2,2,0,0,0,
AC42407dd,2,2,2,0,2,2,
AC424177f,2,2,3,3,1,3,
AC4240437,1,1,3,3,0,0,
AC42402d1,0,0,0,0,0,0,
AC4241d5d,0,0,2,0,0,0,
AC423f4e3,1,1,3,3,3,3,
AC423db0b,0,0,0,0,0,0,
AC423db90,2,2,2,0,0,0,test
AC42428b1,1,1,3,3,3,3,
AC42415dc,1,1,3,3,3,3,
AC42426fb,1,1,1,0,0,0,
AC42433b4,1,1,2,1,0,0,
AC4245544,2,2,2,1,3,3,
AC423c5e4,2,2,2,1,3,3,
AC423c718,0,0,0,0,0,0,
AC423d31d,2,2,2,2,2,1,
AC423d53c,0,0,3,0,0,0,
AC424415e,0,0,2,0,0,0,
AC424516a,1,0,0,0,0,0,test
AC423d2c5,1,0,0,0,0,0,test
AC42435e5,3,3,3,3,1,3,val
AC424228b,2,2,2,3,2,1,
AC423bf36,3,3,2,2,1,3,
AC423e119,1,3,3,3,3,3,
AC42414db,2,2,1,3,3,1,
AC4243bd8,1,3,2,3,3,2,
AC4242ff7,1,1,0,0,0,0,
AC423e354,2,2,2,3,1,3,
AC423d536,2,2,2,2,0,0,
AC4243380,0,0,0,0,0,0,test
AC423c5c5,2,2,2,2,1,3,
AC42410a9,2,2,2,2,1,3,
AC423e11b,2,2,2,0,1,2,train
AC423c7a7,0,0,0,0,0,0,
AC423e858,2,2,2,0,2,0,
AC4241cb2,0,0,0,0,0,0,val
AC4242249,2,2,1,3,1,3,
AC423edea,0,0,0,0,0,0,
AC4241776,0,0,0,0,0,0,
AC423dc00,0,0,0,0,0,0,
AC4244d0e,0,0,0,0,0,0,
AC424175f,3,3,3,3,3,1,
AC423d587,3,3,2,1,2,3,test
AC4243ca1,2,2,2,0,0,0,
AC423c0a7,0,0,0,0,0,0,
AC423e21b,1,3,3,3,1,3,
AC424335d,2,2,2,2,1,1,
AC4241762,0,0,3,0,0,0,
AC4240df4,2,2,2,1,2,3,
AC4240e9f,2,2,2,3,1,3,
AC423d302,2,2,2,1,2,0,
AC42429bd,3,3,1,1,3,3,
AC423e0f4,3,3,1,1,3,3,
AC423ce21,3,3,1,1,3,3,
AC423fcc7,1,1,2,3,1,2,
AC424151f,0,0,0,0,0,0,
AC4241107,0,0,0,0,0,0,
AC42421b4,2,2,2,0,2,0,
AC423cede,2,2,2,0,0,0,
AC4243b13,0,0,2,2,0,0,
AC423c028,2,2,2,1,1,0,
AC423bf40,3,1,2,2,3,3,
AC423d4ef,3,1,2,2,3,3,
AC423c148,3,1,2,2,3,3,
AC4242da7,0,0,0,0,0,0,
AC423cc08,2,2,2,2,0,0,
AC4242205,0,0,0,0,0,0,
AC42402c0,1,1,2,2,3,3,
AC4244876,2,1,2,0,1,0,
AC42415bf,2,2,2,0,2,0,
AC4241531,3,3,1,3,3,3,
AC4244273,0,0,0,0,0,0,
AC4242411,2,2,2,2,2,0,train
AC423ea2c,2,2,2,2,2,0,train
AC423cc2b,2,2,2,2,2,0,train
AC4244bce,3,3,3,1,3,3,
AC4244cd5,3,3,3,3,3,1,train
AC4243af7,0,0,0,0,0,0,
AC4242d40,2,1,2,3,3,3,
AC4244808,0,0,2,2,0,0,
AC424488c,1,1,2,3,3,3,
AC423c51a,2,1,2,3,3,2,train
AC4243b7d,2,2,2,3,1,3,
AC423e19e,0,0,0,0,0,0,
AC423e3a4,0,0,0,0,0,0,
AC423e9ee,3,3,3,1,3,3,
AC423be30,2,2,2,0,1,2,
AC423eebe,0,0,0,0,0,0,
AC42403b8,0,0,0,0,0,0,train
AC424303f,3,3,2,2,1,3,
AC423dca0,2,2,2,2,1,3,
AC42458d8,2,2,2,2,1,3,
AC4240977,1,1,3,3,3,3,
AC423fa9b,2,2,2,2,2,0,
AC4243b30,0,0,2,0,0,0,test
AC423fcc4,0,0,2,0,0,0,test
AC4244234,3,1,1,0,0,0,
AC4241a13,2,2,2,1,1,3,
AC423cf3d,0,0,0,0,0,0,
AC42415d8,0,0,0,0,0,0,
AC4242332,2,1,2,2,0,0,
AC42423a3,2,2,2,2,2,0,test
AC4244bcf,2,2,0,0,0,0,
AC423e0db,1,1,2,3,2,2,test
AC42434ee,0,0,0,0,0,0,
AC423c666,3,3,3,0,0,0,
AC423fcf9,2,2,2,0,0,2,
AC423d993,3,3,2,2,1,2,
AC42423df,2,0,2,0,0,0,
AC423e986,1,3,2,3,3,3,
AC4242268,0,0,0,0,0,0,
AC4242db7,1,1,1,3,3,3,
AC423e744,1,1,1,3,3,3,
AC4241082,1,1,2,2,0,0,
AC423cbb1,0,0,0,0,0,0,train
AC423f4a3,0,0,0,0,0,0,
AC423c86c,0,0,2,2,1,0,
AC4242e35,3,3,1,3,3,3,test
AC4242cea,3,3,1,3,1,2,
AC424294a,0,0,1,0,0,0,test
AC42426ac,3,3,2,2,1,3,
AC423db7f,1,1,2,2,3,3,
AC4242262,0,0,0,0,0,0,
AC423fc1e,1,0,1,0,0,0,
AC4244cae,0,0,3,2,0,0,
AC4240d98,2,2,2,2,0,0,
AC423fdca,2,2,2,2,0,0,
AC4241cd0,2,2,2,2,0,0,
AC4240dbd,2,2,2,2,0,0,
AC4245226,2,2,2,2,0,0,
AC423e830,2,2,2,2,0,0,
AC4245290,2,2,2,2,0,0,
AC42414e9,2,2,2,2,0,0,
AC42447bb,1,1,0,0,0,0,
AC423f478,1,0,2,0,0,0,
AC4241a27,0,0,0,0,0,0,
AC4243567,2,2,2,0,0,0,
AC423be19,2,2,1,0,0,0,
AC4242faa,2,2,2,0,0,0,
AC423bf93,0,0,0,0,0,0,
AC423be69,0,0,0,0,0,0,
AC4245e08,0,0,0,0,0,0,
AC4244d31,0,0,0,0,0,0,
AC4243f8a,0,0,2,0,0,0,
AC424357d,2,2,2,2,0,0,
AC42433dc,2,2,2,2,0,0,
AC423e9a6,2,2,2,2,0,0,
AC423d98c,2,2,2,2,0,0,
AC4240269,2,2,2,2,0,0,
AC4242230,2,2,2,2,0,0,
AC4240fd9,2,2,2,2,0,0,
AC423ef00,0,0,0,0,0,0,
AC423ee1c,0,0,2,2,0,0,
AC423dbe7,3,3,1,3,3,3,
AC42426a7,0,0,0,3,0,0,
AC423e337,0,0,0,2,0,0,
AC4241b8f,0,0,0,2,0,0,
AC4243c78,0,0,0,0,0,0,
AC423e2f8,0,0,0,0,0,0,test
AC42459e2,3,3,1,3,3,3,
AC4242348,3,3,1,3,3,3,
AC423efb8,2,2,0,0,0,0,
AC424367b,1,1,2,1,3,3,
AC423c865,3,3,3,1,3,3,test
AC424276d,0,0,0,0,0,0,
AC4242897,3,3,2,3,1,3,
AC423dffc,0,0,0,0,0,0,
AC423d27b,1,1,2,2,3,3,test
AC423c190,1,1,2,2,3,3,test
AC423d2b6,3,1,2,2,3,3,test
AC423e868,2,1,2,2,3,3,test
AC42421da,2,2,2,2,0,0,
AC423cf51,1,1,2,3,3,3,
AC423c5d7,2,2,2,1,2,3,
AC423dad6,1,1,2,0,1,2,
AC42429c1,0,0,0,0,0,0,test
AC423cf27,2,0,0,0,0,0,
AC423e8b7,1,1,2,2,1,3,
AC4242f88,1,1,2,2,1,3,
AC423e175,1,1,2,2,1,3,
AC4240366,0,0,0,0,0,0,
AC423f395,2,2,0,0,0,0,
AC423e120,0,0,0,0,0,0,val
AC423f64a,2,1,2,2,1,3,
AC424297c,2,1,2,2,3,3,
AC424231f,2,2,2,2,1,3,
AC423cf50,3,3,2,1,3,3,
AC42458e0,1,3,3,1,3,2,
AC4241d35,2,2,2,0,1,2,
AC4244bbd,1,3,2,3,1,1,
AC423d384,3,3,2,1,3,3,test
AC4243f2d,0,0,0,0,0,0,
AC423e8cf,0,0,0,0,0,0,
AC4242401,1,3,3,3,1,3,
AC4243369,3,0,3,1,0,0,
AC4241bc9,0,0,2,0,0,0,
AC423edb2,0,0,0,0,0,0,
AC4242429,0,0,0,0,0,0,
AC42447bd,3,3,1,3,3,3,
AC423e04d,1,3,1,3,3,1,
AC4242ce1,3,3,2,2,3,1,
AC423fd1e,1,1,3,3,3,3,test
AC4242707,1,3,2,2,2,3,test
AC423d45c,1,3,2,2,2,3,test
AC4243ffa,1,3,2,2,2,3,test
AC4240919,0,0,0,0,0,0,
AC42409c4,1,0,0,0,0,0,
AC423fbc7,3,3,2,1,3,3,val
AC4245d1c,3,3,2,1,3,3,val
AC42446c8,3,3,2,1,3,3,val
AC4242f49,0,0,0,0,0,0,
AC423f030,2,2,2,2,1,0,
AC423cf03,2,2,2,2,1,0,
AC4241af5,2,2,2,2,1,3,
AC423e0b3,1,1,2,1,3,3,
AC423fac0,1,1,2,2,3,3,
AC423c724,0,0,2,0,0,0,
AC4243f45,0,0,1,0,0,0,
AC4243504,3,3,1,3,3,3,
AC423fb39,3,3,1,3,3,3,
AC424364e,0,0,2,0,2,0,
AC4243fc9,1,1,1,1,0,0,train
AC4242dfd,0,0,0,0,0,0,
AC423db00,2,2,2,2,2,0,
AC423c0e0,2,2,2,2,2,0,
AC4242975,2,2,2,2,2,0,
AC423e1d5,2,2,2,2,2,0,
AC424046f,2,2,2,2,2,1,
AC4240f8f,2,2,2,0,0,0,
AC423c7af,3,3,3,1,3,3,
AC423cec9,3,3,3,1,3,3,
AC4242f09,3,3,3,1,3,3,
AC423ed65,2,2,2,2,2,0,
AC423bf14,1,3,3,3,3,3,
AC4244db4,0,0,2,0,2,0,
AC423fdbe,2,2,2,1,3,3,
AC423d9c2,0,0,0,0,0,0,
AC423cca6,3,3,1,3,3,3,
AC4245c84,2,2,2,2,1,2,
AC424487a,2,2,2,2,1,2,
AC424082f,3,0,2,2,0,0,
AC4243592,2,2,2,0,0,0,
AC42452a9,2,2,1,2,3,3,
AC423eeb3,2,2,2,0,0,0,
AC42415db,3,3,2,3,1,3,train
AC4241124,0,0,0,0,0,2,
AC4242d87,2,2,2,0,0,0,
AC423e082,2,2,0,0,1,2,val
AC423e0c8,0,0,3,0,0,0,
AC42427c4,2,2,2,0,0,2,
AC424356a,1,1,2,3,3,3,
AC4241a2c,0,0,3,0,0,0,val
AC4242d1c,0,0,0,0,0,0,
AC424043d,0,0,0,0,0,0,
AC423ea2a,0,0,2,2,0,0,
AC4243441,0,0,0,0,0,0,
AC4243cb1,0,0,0,0,0,0,
AC423fa97,1,1,2,1,2,0,
AC4241068,2,2,2,1,2,0,
AC4243a3f,0,0,0,0,0,0,
AC423e909,0,0,1,3,0,0,
AC4244c3a,2,1,2,2,2,3,
AC4241b5b,0,0,0,0,0,0,
AC423d306,3,3,1,3,3,3,
AC423cdee,2,2,2,2,2,1,
AC4245841,2,2,2,2,2,1,
AC423d295,2,2,2,1,2,3,
AC4244210,2,2,2,1,2,3,
AC4240f7f,1,3,2,3,3,3,
AC423d4f4,1,3,2,3,3,3,
AC4240ef4,1,3,2,3,3,3,
AC4240917,1,3,2,3,3,3,
AC423e2cc,1,3,2,3,3,3,
AC4244ce7,2,1,2,2,3,3,
AC4241bef,0,0,0,0,0,0,
AC423fafd,0,0,0,0,0,0,
AC423eee3,2,1,2,2,3,3,
AC423f6a3,0,0,0,0,0,0,test
AC423e23e,1,1,0,1,0,0,test
AC423d947,2,2,2,2,1,3,
AC4242914,1,3,2,3,3,3,
AC424208e,0,0,0,0,0,0,
AC423cdca,0,0,0,0,0,0,
AC4243f57,2,2,0,0,0,0,
AC423e88d,0,0,0,0,0,0,
AC4245a7a,0,0,0,0,0,0,
AC423f02b,0,0,0,0,0,0,
AC4244e66,2,2,2,3,0,1,
AC423e7f5,2,2,2,2,0,1,
AC423dc32,2,2,2,1,0,0,
AC423ef76,2,2,2,0,0,2,
AC423c13d,2,2,2,1,0,0,train
AC4240749,2,2,2,3,1,2,
AC423cd59,2,2,2,2,2,0,test
AC4244246,0,0,3,0,0,0,val
AC423d2c2,3,3,3,3,3,1,
AC423cc21,2,2,0,0,0,0,train
AC4243fdc,1,0,2,1,2,0,
AC4242826,2,2,2,0,0,0,
AC423e797,2,2,2,0,0,0,
AC423e9c6,3,3,2,2,1,2,
AC4243c80,0,0,2,0,0,0,
AC4242e61,3,3,1,0,0,0,
AC423c17e,2,2,2,2,0,2,
AC4240353,1,1,2,0,0,0,
AC42430a4,2,2,2,0,0,0,
AC4244dc7,3,3,1,3,3,3,
AC423e2de,1,0,2,2,0,0,val
AC4245954,2,2,2,2,2,0,
AC4240d84,0,0,0,0,0,0,
AC423f3e6,0,0,0,0,0,0,
AC424457d,0,0,0,0,0,0,test
AC4241bbf,2,3,1,3,3,3,
AC423c080,2,3,2,3,1,3,
AC423c573,2,2,2,2,1,1,
AC423c550,2,2,2,2,2,1,
AC423f52b,2,2,2,2,2,1,
AC42408ed,2,3,2,2,0,0,
AC423fbf5,0,0,2,2,0,0,
AC423d5a4,0,0,0,0,0,0,
AC424306b,1,1,1,1,1,3,
AC423d313,0,0,0,3,0,0,test
AC4244652,2,2,2,2,1,3,
AC4244e2e,2,2,2,2,2,0,
AC423c5e8,2,2,2,3,3,1,
AC4241b7a,0,0,0,0,0,0,
AC4243f3b,0,0,0,0,0,0,
AC423d334,2,2,2,3,1,3,
AC423ed77,0,0,3,0,0,0,
AC424098f,2,0,2,1,0,0,
AC423fbd0,2,1,2,1,3,3,
AC4244eaf,0,0,2,0,0,0,val
AC42452fb,0,0,2,0,0,0,val
AC423e6a0,3,3,1,3,3,3,
AC42416eb,3,3,1,3,3,3,
AC4241bbc,3,3,2,3,1,3,val
AC4243ab1,3,3,3,3,3,1,
AC423c055,3,3,1,3,3,3,
AC424140d,3,3,1,3,3,3,
AC423cbb8,3,3,1,3,3,3,
AC423d397,3,3,1,3,3,3,
AC423e844,0,0,0,0,0,0,
AC4245ad2,0,0,0,0,0,0,
AC4244e9e,1,3,2,3,3,3,
AC4240f36,2,2,2,2,2,0,
AC4243497,0,0,0,0,0,0,
AC4241a8e,2,3,2,3,1,2,
AC4240d8d,3,3,1,2,2,2,train
AC4242935,3,3,1,2,2,2,train
AC42441fd,2,3,2,2,1,3,val
AC4243011,0,0,2,2,0,0,
AC4245a4a,2,2,2,2,2,0,test
AC424394b,2,2,2,2,0,0,val
AC42401f6,3,3,1,3,3,2,
AC423c832,2,2,1,3,1,2,
AC4244b9d,0,0,0,0,0,0,
AC4240e0e,3,3,2,3,3,1,
AC4244105,3,3,2,3,3,1,
AC4243b98,0,0,0,0,0,0,val
AC423ed51,0,0,0,0,0,0,
AC423c594,1,1,1,1,3,3,
AC423e353,1,1,1,3,3,3,
AC42451ac,2,2,2,2,1,3,train
AC42445cd,2,2,2,2,1,3,train
AC4243b3d,2,2,2,2,1,3,train
AC424205f,2,2,2,2,0,2,
AC42414f2,0,0,0,0,0,0,test
AC4242fcc,1,1,1,3,1,3,
AC4241ae7,2,2,0,0,0,0,
AC423c184,0,0,0,1,0,0,
AC4244c20,0,0,0,2,0,0,
AC423e274,2,2,2,3,1,3,
AC4242a2a,2,2,2,2,1,3,
AC423ef03,0,0,0,2,0,0,
AC423dc3d,0,0,0,0,0,0,
AC423bf7a,2,2,2,2,0,0,test
AC423dc80,2,1,2,3,2,3,
AC42414ba,2,3,1,3,3,3,
AC4240f93,0,0,2,0,0,0,test
AC423e708,2,2,2,3,3,1,
AC423c5d4,2,2,1,3,3,3,
AC424345b,3,3,1,3,3,3,
AC4244e91,2,3,2,3,3,1,train
AC4244dc6,2,2,2,2,2,1,val
AC424531e,2,2,2,2,2,1,val
AC423e127,0,0,0,0,0,0,
AC423d4f7,0,0,2,0,0,0,
AC4243939,0,0,0,0,0,0,
AC42440dc,0,0,0,0,0,0,
AC42436d5,0,0,0,0,0,0,
AC4241db6,3,3,2,0,0,0,
AC423fcc5,0,0,0,0,0,0,
AC423dbcb,1,1,3,3,3,3,val
AC42445aa,1,1,3,3,3,3,val
AC4243b1b,2,2,2,1,1,2,
AC4242ee3,0,0,0,2,0,0,
AC423f3b5,3,3,1,3,3,3,test
AC4244bbf,2,1,2,1,2,2,
AC423bed9,0,0,0,0,0,0,train
AC4242f70,0,0,0,0,0,0,
AC4243986,0,0,0,0,0,0,
AC424474d,2,2,2,2,2,0,
AC424281b,0,0,1,0,0,0,test
AC423e1ca,2,2,2,0,0,2,
AC423da14,2,2,2,0,0,2,
AC424544e,2,2,2,0,0,2,
AC4241bdc,0,0,0,0,0,0,
AC42403e3,2,1,2,3,3,3,
AC4241b36,3,3,1,3,3,3,train
AC42414bf,2,2,2,2,1,0,
AC424239d,0,0,2,0,2,0,
AC423e7c3,1,1,2,3,3,3,test
AC423d352,2,2,2,1,2,0,
AC42452f0,2,2,2,2,2,0,
AC4244d75,2,2,2,2,2,0,
AC423e0a1,0,0,2,0,0,0,test
AC423c15f,2,3,1,2,3,3,
AC423e685,2,3,1,2,3,3,
AC4244033,0,0,0,0,0,0,
AC423dc20,2,2,2,2,2,0,
AC423c55b,3,3,3,3,3,1,
AC423c5a5,1,1,2,2,3,2,
AC4241cb8,3,3,3,3,1,1,
AC4245d70,0,0,0,0,0,0,
AC423ce5a,1,1,2,2,3,3,
AC4245e7a,1,1,1,0,0,1,
AC423fdd1,2,1,2,0,0,1,
AC423d398,2,2,2,2,2,0,test
AC424161b,2,2,2,2,2,0,test
AC423e1d7,0,0,0,2,0,0,
AC423fb07,1,1,2,2,3,3,
AC423cf20,2,0,2,2,0,0,val
AC423c767,2,2,2,2,0,0,
AC424358d,0,0,2,0,0,0,
AC42428d8,0,0,0,2,0,0,
AC4244be0,0,0,0,0,0,0,
AC4245243,0,0,0,0,0,0,
AC423ef0a,0,0,0,0,0,0,
AC4242815,2,2,2,0,0,0,
AC42410fd,1,1,2,2,1,0,
AC42447c0,2,2,2,2,2,0,
AC4240100,2,2,2,2,2,0,
AC4244d23,0,0,0,0,0,0,
AC4240740,3,3,2,2,1,3,
AC4243905,2,2,2,0,0,0,
AC423f53b,0,0,0,0,0,0,test
AC4243333,3,3,1,3,3,2,
AC4242406,2,2,2,2,0,0,
AC424149d,1,1,2,1,1,0,
AC4243cbb,3,3,2,1,1,3,
AC423efe2,0,0,0,0,0,0,
AC4244c4e,2,0,2,2,0,0,
AC4243f7d,0,0,0,0,0,0,test
AC423e99b,3,3,3,3,1,3,
AC423c82d,2,2,2,3,1,3,
AC423fde6,2,2,2,3,1,3,
AC423c897,0,0,3,0,0,0,
AC4243f66,1,3,3,3,3,3,
AC4242a15,2,2,2,0,0,0,
AC423c0ec,2,3,2,2,1,3,
AC4245a75,1,1,2,2,3,3,
AC423ef59,1,1,2,2,3,3,
AC424173d,1,1,2,2,3,3,
AC423fa59,1,1,2,2,3,3,
AC423f6bf,1,1,2,2,3,3,
AC4245a72,1,1,2,2,3,3,
AC424429b,1,1,2,2,3,3,
AC423e8bf,1,1,2,2,3,3,
AC423cdc1,1,1,2,2,3,3,
AC4244c3e,1,1,2,2,3,3,
AC42400b6,0,0,0,0,0,0,
AC4242862,2,2,2,2,2,0,
AC423ef81,2,2,2,2,2,0,
AC4242180,2,2,2,2,2,0,
AC4240ae8,3,3,1,3,3,3,
AC423c0b7,0,0,0,2,0,0,
AC4244bb6,1,1,0,0,0,0,
AC423d5c0,1,1,3,3,3,3,
AC42408d1,1,1,3,3,3,3,
AC4244068,1,1,3,3,3,3,
AC423c063,2,1,2,2,2,3,train
AC423c66c,2,1,2,2,2,3,train
AC4242dcd,1,0,0,0,0,0,
AC423db2a,2,1,1,1,1,2,
AC423c146,2,1,1,1,1,2,
AC4241d67,3,3,1,3,2,3,train
AC42408f2,3,3,1,3,2,3,train
AC423d347,2,3,2,3,2,1,train
AC423f3aa,2,2,2,2,2,0,
AC4241c53,2,2,2,2,1,2,
AC4242ed8,0,0,0,0,0,0,
AC423f6dc,2,2,2,3,1,1,test
AC423c6f7,2,2,2,1,2,2,
AC4242cfb,0,0,0,0,0,0,
AC423ce8c,2,3,2,3,1,2,
AC423f621,2,2,2,0,0,0,
AC423c773,2,2,2,0,0,0,
AC423dc4d,2,2,2,0,0,0,
AC423da63,0,0,0,0,0,0,
AC4241da8,2,2,2,0,1,0,
AC4240a80,1,1,2,1,1,0,
AC423bfac,1,1,1,3,3,1,
AC4241493,1,1,3,3,3,1,
AC423f5fd,1,1,2,3,3,1,
AC423fcd4,3,3,0,0,0,0,
AC4242d9f,0,0,3,0,0,0,train
AC4242a1c,0,0,0,0,0,0,
AC423f002,2,2,2,2,0,0,
AC4243557,0,0,0,0,0,0,
AC4245d65,0,0,0,0,0,0,
AC423d2a7,2,2,1,3,3,3,
AC4245812,2,2,1,3,3,3,
AC423e93e,2,2,2,3,1,3,
AC4241549,2,2,2,3,1,3,
AC423cc90,0,0,0,0,0,0,val
AC4245deb,0,0,0,0,0,0,
AC424588f,0,0,0,0,0,0,
AC4240788,0,0,0,0,0,0,
AC4244e12,3,3,1,2,2,3,
AC4242e25,3,3,2,1,2,3,
AC423f418,2,2,2,0,2,1,
AC42435b9,2,2,2,2,0,0,
AC423f57f,2,2,2,2,1,0,
AC4242cca,0,0,0,0,0,0,val
AC423fc25,0,0,0,0,0,0,
AC4243388,0,0,0,0,0,0,
AC4243618,2,2,0,0,0,0,val
AC423d604,2,2,2,2,2,0,
AC423c0b8,3,3,3,3,1,3,
AC423c58c,1,1,2,1,2,3,
AC423bf52,0,0,0,0,0,0,
AC4244c2f,2,2,2,2,0,1,
AC423cecb,3,3,3,1,3,3,
AC424176a,0,0,0,0,0,0,
AC4242fa3,0,0,2,2,0,0,
AC42427e8,1,1,2,2,3,3,
AC423e02a,1,3,2,3,3,2,
AC423cf1c,3,3,3,3,3,1,
AC423fab6,2,2,2,1,0,0,
AC423e1a5,1,1,1,1,1,1,
AC4245a54,1,1,2,2,2,1,
AC423bec8,3,1,2,2,2,1,
AC4243cd1,2,2,2,0,2,0,
AC42400cc,0,0,0,0,0,0,
AC4240fcf,2,3,3,1,3,3,test
AC4240fca,2,2,2,2,2,1,
AC423f01f,2,2,0,0,0,0,
AC4244683,2,2,0,0,0,0,
AC423c05b,2,2,0,0,0,0,
AC423ee09,2,2,0,0,0,0,
AC423f677,2,2,1,0,0,0,
AC4244657,0,0,2,0,0,0,
AC424295a,2,0,0,0,2,0,val
AC423c741,2,2,2,2,2,1,
AC423d444,2,2,2,2,2,1,
AC42448b4,2,2,2,2,2,1,
AC4241d08,2,0,2,0,0,0,
AC4242127,3,3,3,3,1,3,
AC4241cdd,0,0,3,3,0,0,train
AC423e891,2,2,1,0,0,0,
AC42427d3,0,0,0,0,0,0,
AC423e122,3,3,1,3,3,3,test
AC4241b1d,3,3,1,3,3,3,test
AC4245d08,0,0,0,0,0,0,
AC42448de,0,0,0,0,0,0,
AC423dc4c,0,0,0,0,0,0,
AC4241c1c,0,0,0,0,0,0,
AC4244bf9,0,0,0,0,0,0,
AC423d5b6,0,0,0,0,0,0,
AC423c686,2,2,2,0,0,0,
AC423eef8,3,3,1,3,3,3,
AC423dff1,3,3,1,2,3,3,
AC42435fb,3,3,1,2,3,3,
AC4240e85,0,0,0,2,0,0,val
AC42447b2,0,0,0,0,0,0,
AC42414bb,1,1,2,3,3,3,
AC423edc0,1,1,2,3,1,3,test
AC423f522,0,0,0,0,0,0,
AC423d5ad,2,2,2,2,1,3,
AC423cc6a,3,3,1,2,3,3,
AC423e04b,2,2,2,0,0,0,
AC4244712,3,3,1,3,3,3,
AC4241b50,0,0,2,0,0,0,test
AC4243b42,0,0,0,0,0,0,
AC423bf48,0,0,2,0,0,0,
AC424360b,2,2,2,1,2,3,train
AC4243546,0,0,0,0,0,0,
AC4244d60,0,0,0,2,3,0,
AC423db69,1,1,2,3,3,3,
AC423ee87,1,1,2,3,3,3,
AC4242cf2,3,3,1,3,3,3,val
AC423e31a,2,2,2,2,0,0,
AC423fb3b,0,0,2,2,0,0,
AC4244d7c,0,0,0,0,0,0,
AC4243510,0,0,0,0,0,0,
AC424485d,0,0,0,0,0,0,
AC4240ea7,2,3,2,2,1,3,val
AC4243c70,2,3,2,2,1,3,val
AC4245280,2,2,2,0,2,0,
AC42423c1,2,2,2,0,2,0,
AC423faa0,2,2,2,0,2,0,
AC423be70,2,2,2,0,2,0,
AC42448e8,2,2,2,0,2,0,
AC42428bb,0,0,2,0,0,2,test
AC424275a,2,2,2,2,1,0,
AC424016d,2,2,2,2,2,0,
AC423c126,2,3,2,3,1,3,
AC4240334,2,2,2,2,1,3,
AC423dcfa,2,2,2,0,2,2,
AC42410ef,2,2,2,2,2,0,train
AC4242e80,0,0,0,0,0,0,
AC423fcdc,2,2,2,1,2,0,
AC4240129,1,1,0,1,0,0,
AC424156e,0,0,1,0,0,0,train
AC4240ea8,0,0,2,0,0,0,
AC4244e87,2,2,2,2,2,0,
AC42410b2,2,0,0,2,0,0,
AC423cdc3,0,0,0,0,0,0,
AC42447ed,1,1,2,0,0,0,
AC42429ef,1,1,2,3,1,3,
AC4243fd4,0,0,3,0,0,0,
AC4243f49,3,3,2,1,3,3,
AC4242f15,3,3,1,0,1,3,
AC424549f,2,2,1,0,1,2,
AC423cd08,0,0,0,0,0,0,test
AC423f0b3,2,2,2,0,0,0,
AC4243010,0,0,0,0,0,0,
AC4241c76,3,3,0,0,0,0,
AC423dc8d,2,3,2,3,3,1,
AC4243645,0,0,0,0,0,0,
AC423cf92,0,0,0,0,0,0,
AC4240f0d,2,2,2,0,0,1,
AC4242a1b,3,3,2,1,0,0,
AC42408a4,0,0,0,0,0,0,
AC4244935,1,3,3,2,3,3,train
AC423bf9e,0,0,0,0,0,0,
AC42423d7,0,0,0,0,0,0,
AC4242715,2,3,2,2,1,3,
AC4245acc,3,3,3,1,3,3,test
AC4243983,3,3,3,1,3,3,test
AC4244043,3,3,3,1,3,3,test
AC423ef06,2,2,0,1,2,0,test
AC423fa80,1,1,1,1,1,2,
AC423e90d,0,0,0,0,0,0,train
AC42401f1,0,0,0,1,0,0,
AC4244dc1,2,1,2,2,3,3,
AC4244690,3,3,1,3,3,3,
AC4244570,0,0,0,0,0,0,train
AC4242e27,0,0,0,0,0,0,
AC4240182,1,1,1,3,3,3,
AC4241ad6,0,0,0,0,0,0,
AC4243f94,1,3,2,3,3,3,
AC423efba,0,0,0,0,0,0,test
AC4244c7c,0,0,1,2,2,0,
AC423d96e,0,0,2,2,2,0,
AC42403bd,0,0,2,2,2,0,
AC4242d94,3,3,1,1,3,3,
AC4240f75,3,3,1,1,3,3,
AC424151b,3,3,2,1,3,3,
AC42451f8,3,3,2,1,3,3,
AC424347a,3,3,2,1,3,3,
AC423d442,3,3,2,1,3,3,
AC423fb47,3,3,2,1,3,3,
AC423e1f9,3,3,3,3,1,3,test
AC424425e,2,2,2,2,1,3,
AC4240d65,2,2,2,2,1,3,
AC423c696,2,2,2,2,1,3,
AC423fd56,1,3,2,3,1,3,train
AC4242ea0,1,3,2,3,1,3,train
AC424350b,2,3,2,1,3,3,
AC4241cb4,2,3,2,1,3,3,
AC4243f73,1,1,1,2,2,3,
AC4244ec5,3,3,1,2,3,3,
AC4242132,1,1,0,0,0,0,
AC423dc47,1,1,0,0,0,0,
AC423f765,1,1,0,0,0,0,
AC4245852,1,1,0,0,0,0,
AC423f456,1,1,0,0,0,0,
AC42433b1,0,0,0,0,0,0,test
AC423d4b6,2,2,2,1,2,2,train
AC423da03,3,3,1,3,3,3,
AC423e076,2,2,2,2,1,0,
AC423bea9,0,0,0,0,0,0,
AC423dc11,1,1,2,2,2,0,
AC424030a,2,2,2,1,3,3,val
AC4243674,2,2,2,0,0,0,
AC423d595,2,2,2,0,2,0,
AC423cdb4,2,2,0,0,0,0,
AC4243fcd,2,2,2,1,2,3,
AC4244d33,2,2,2,2,1,0,test
AC4240968,1,3,2,3,3,3,
AC423e7e8,0,0,0,2,0,0,
AC423c0ff,0,0,3,2,0,0,
AC42420ea,0,0,0,0,1,0,
AC423e341,1,1,0,0,1,0,
AC423ea2e,1,1,0,0,1,0,
AC4242df4,1,1,3,3,1,3,
AC423bdf8,1,1,2,0,0,2,
AC424146c,1,1,0,0,0,1,
AC4240f96,2,2,2,2,2,0,
AC4241b8a,0,0,2,2,0,0,
AC4240ec2,0,0,2,2,0,0,
AC423ed45,0,0,2,2,0,0,
AC423c10c,1,1,2,0,0,0,
AC423c10d,0,0,0,1,0,0,
AC423c62d,0,0,0,1,0,0,
AC423bfc1,0,0,0,2,0,0,
AC4241af6,0,0,0,0,0,0,
AC4244e98,1,1,2,2,1,3,
AC4242f14,2,1,2,0,0,2,train
AC423e7c4,2,2,0,0,0,0,
AC423bed1,0,0,0,0,0,0,train
AC4242dba,0,0,0,0,0,0,
AC4242700,0,0,2,0,0,0,
AC423ee44,3,3,2,1,3,3,
AC423e389,2,2,1,2,2,3,
AC42401a0,1,1,2,0,0,0,
AC423ed89,2,2,2,1,2,3,train
AC4242a55,0,0,0,0,0,0,
AC4241580,2,2,2,0,3,0,
AC423e96b,2,2,2,0,2,1,
AC423ef1d,2,0,2,0,2,0,
AC42408cf,2,0,0,0,0,2,
AC423bf64,2,2,2,2,0,0,
AC4242d1d,1,1,1,3,3,3,
AC4245df6,0,0,0,0,0,0,test
AC4242cf0,0,0,0,0,0,0,test
AC4243f80,0,0,2,2,0,2,
AC4241c0e,1,1,0,0,0,0,
AC423f09b,1,1,0,0,0,0,
AC423e9a1,1,1,3,3,3,3,
AC42446b7,1,1,3,3,3,3,
AC423be80,3,3,1,3,3,3,
AC423c6dc,0,0,0,2,0,0,
AC4241da3,3,0,2,0,0,0,val
AC423cc57,0,0,0,0,0,0,
AC423c4c5,1,3,2,3,3,3,
AC423c7c5,1,1,1,3,1,1,test
AC4241c78,0,0,0,0,0,0,
AC4241d0a,1,1,3,3,3,3,
AC42447ac,0,0,0,0,0,0,test
AC4241629,2,2,2,0,0,0,
AC4242f8c,2,2,2,0,0,0,
AC423c4c1,0,0,0,0,0,0,
AC4243c72,0,0,0,2,2,0,test
AC424540d,2,2,2,1,0,0,
AC424037f,2,2,2,1,0,0,
AC423d3a3,2,2,2,2,0,0,
AC423f65b,2,2,2,2,2,0,
AC423d512,2,2,2,2,2,0,
AC4245ae9,2,2,2,2,2,0,
AC424332e,0,0,0,0,0,0,
AC423bfef,0,0,0,0,0,0,
AC4240266,0,0,0,0,0,0,
AC4243478,0,0,2,2,0,0,test
AC423fd2c,0,0,2,0,0,0,
AC4240858,0,0,2,0,0,0,
AC424488d,0,0,0,0,0,0,
AC423c5ff,2,2,2,1,3,3,
AC423e92f,2,2,2,1,3,3,
AC42410f0,2,2,2,1,3,3,
AC4244233,2,2,2,1,3,3,
AC423dff4,0,0,0,2,0,1,
AC4242d5b,2,2,2,0,0,0,
AC423da54,0,0,2,0,0,2,
AC42429eb,1,1,2,0,0,0,test
AC423d9dd,2,1,2,2,0,0,
AC42400c2,0,0,2,0,0,0,
AC42448ce,0,0,0,0,0,0,
AC423dce0,3,3,1,3,3,3,
AC42408dd,3,3,2,1,3,3,train
AC423da20,2,2,2,0,2,0,
AC424298b,0,0,2,0,0,0,
AC4243993,0,0,0,0,0,0,
AC42427a8,3,3,3,1,3,3,
AC423d9ca,2,2,2,2,1,0,
AC42427a5,2,2,2,0,2,0,
AC423c51f,0,0,0,0,0,0,
AC424232c,1,1,2,3,3,3,test
AC423efa0,1,1,2,3,3,3,test
AC4240a69,1,1,2,3,3,3,test
AC423eede,0,0,2,2,0,0,
AC4241477,0,0,2,0,0,0,
AC423ef3a,2,1,2,2,2,0,test
AC423f6c1,3,3,1,3,3,3,
AC4241703,3,3,1,3,3,3,
AC424097d,2,2,2,2,2,0,val
AC4244ebc,1,3,2,3,3,3,
AC423beaa,1,3,2,3,3,3,
AC4241c5a,1,3,2,3,3,3,
AC4243bba,2,0,2,2,0,0,
AC4245ca0,2,0,2,2,0,0,
AC423e2d8,3,3,1,3,3,3,
AC4240998,0,0,0,2,0,2,train
AC423ef0f,3,3,3,1,3,3,
AC42441f4,3,3,3,1,3,3,
AC424516f,3,3,3,1,3,3,
AC42433b5,2,2,2,0,0,0,
AC4244e43,0,0,2,0,0,0,test
AC4242dc6,0,0,2,0,0,0,test
AC423d95e,0,0,2,0,0,0,test
AC42422f2,0,0,2,0,0,0,test
AC42446e2,1,1,1,1,1,2,
AC42420ca,0,0,0,0,0,0,
AC42454c3,2,2,2,2,1,3,
AC423fc22,0,0,2,2,0,0,test
AC423f0ad,1,3,3,3,3,3,
AC4241ba2,0,0,0,0,0,0,
AC423ce5f,2,3,2,2,1,2,test
AC423f4f7,1,1,1,1,1,3,
AC4243366,0,0,2,0,1,0,
AC423d5f8,0,0,2,0,2,0,
AC4241611,0,0,2,0,2,0,
AC4243cc3,2,2,2,2,2,0,
AC4242176,0,0,2,0,0,0,
AC423e32a,0,0,2,0,1,0,
AC423c800,3,3,2,3,1,3,
AC4243410,0,0,0,3,0,0,
AC42401ae,2,2,2,0,2,1,test
AC4242ef4,1,3,2,2,3,3,test
AC42415b2,2,0,2,2,0,0,
AC424309d,2,2,2,2,2,0,
AC423ce66,1,1,1,0,0,0,val
AC42427bd,2,1,2,2,0,0,
AC4243518,3,1,3,3,3,3,
AC424240e,0,0,2,0,0,0,
AC423da6a,1,1,3,3,3,3,
AC4243500,2,1,3,3,3,3,
AC4241c82,1,1,1,3,3,1,
AC4244e0b,1,1,1,3,3,1,
AC4244e6b,0,0,0,0,0,0,
AC423c0cd,1,1,2,2,0,0,
AC42427dd,1,1,2,2,0,0,
AC423e243,0,0,0,0,0,0,
AC423ee62,0,0,0,0,0,0,
AC423cf41,1,1,2,2,3,3,
AC4245975,3,3,1,3,3,3,train
AC423dc03,2,2,2,0,0,0,
AC424022f,0,0,0,2,0,0,
AC423e395,0,0,0,0,0,0,val
AC4240314,0,0,0,0,0,0,val
AC423e686,2,2,2,2,2,0,
AC423f3d6,0,0,0,0,0,0,test
AC4244242,1,1,2,0,0,0,
AC423d9d1,1,1,2,2,3,3,
AC42423cb,0,0,0,0,0,0,test
AC42458d1,2,2,2,2,1,0,
AC4241d73,2,2,2,0,0,0,
AC42458f6,2,2,1,0,0,0,
AC423edd0,2,2,1,0,0,0,
AC423e21c,2,2,1,0,0,0,
AC423cbc6,2,2,1,3,3,3,
AC4243020,2,2,1,3,3,3,
AC4244000,2,2,1,3,3,3,
AC4241b27,2,2,1,3,3,3,
AC4241748,2,2,1,3,3,3,
AC4244eef,3,3,1,1,1,3,
AC423f5c2,3,3,1,1,1,3,
AC4244878,3,3,1,1,2,3,
AC423bf28,0,0,0,0,0,0,
AC423bde2,1,1,2,2,3,3,
AC42420f2,3,3,2,3,1,2,
AC423faba,2,0,0,0,0,0,
AC423e231,0,0,1,0,0,0,test
AC4243b68,1,3,2,3,3,3,
AC423c0f5,1,3,2,3,3,3,
AC42400c4,2,2,2,2,1,0,train
AC42421ec,1,1,2,0,0,0,
AC423f48f,2,2,2,2,3,0,
AC423d9a6,1,3,2,2,3,3,
AC42420c8,3,3,2,1,3,3,
AC423c578,3,3,2,1,3,3,
AC423e7a7,2,1,2,2,2,1,test
AC423d2f6,2,2,1,3,3,3,
AC4243424,2,2,2,0,0,0,
AC42415e6,2,2,2,0,0,0,
AC42420e5,0,0,0,0,0,0,
AC42421f2,2,2,2,0,0,0,val
AC4243c33,0,0,0,0,0,0,test
AC423be82,1,1,3,3,3,3,
AC423c84d,0,0,2,2,0,0,test
AC423d631,0,0,2,2,0,0,test
AC4244926,0,0,0,0,0,0,
AC42435dc,0,0,0,0,0,0,
AC423ccbf,3,3,1,3,3,3,
AC4242215,3,3,1,3,3,3,
AC423eddf,0,0,0,0,0,0,val
AC42433cb,0,0,0,2,0,0,
AC42451d0,2,2,2,2,0,0,train
AC4244f07,2,2,2,2,2,0,val
AC4244c36,2,1,1,3,3,1,
AC423d366,2,0,2,1,1,0,
AC423c4e3,3,3,1,2,3,3,
AC42447e8,3,3,1,2,3,3,
AC42407eb,3,3,1,2,3,3,
AC4242db2,3,3,1,2,3,3,
AC423d4e7,3,3,1,2,3,3,
AC423e7aa,3,3,1,2,3,3,
AC4242d74,3,3,1,2,3,3,
AC42426d6,3,3,1,2,3,3,
AC424471e,0,0,0,0,0,0,
AC4242e3c,2,2,1,1,1,0,
AC42426bd,0,0,0,0,0,0,
AC4241bd3,3,3,2,3,0,0,test
AC4241a68,1,0,2,0,0,0,
AC423e0d5,0,0,0,0,0,0,
AC424393e,0,0,0,0,0,0,
AC424343b,2,2,2,0,1,2,
AC423d99b,1,1,3,3,3,3,
AC423e312,2,2,2,0,0,0,
AC423e213,0,0,2,1,0,0,test
AC423cc88,0,0,0,0,0,0,
AC4241b38,0,0,0,0,0,0,
AC423eef6,0,0,1,2,2,0,
AC423d27a,0,0,0,0,0,0,
AC4241ceb,2,2,1,3,3,3,
AC42427ff,2,2,2,2,3,1,
AC423dc8f,2,2,2,2,3,1,
AC42417a2,2,2,1,3,2,3,
AC424168c,2,2,1,3,2,3,
AC423e14b,2,2,1,3,2,3,
AC42403b5,2,2,1,3,2,3,
AC423d564,2,2,1,3,2,3,
AC4240397,3,3,1,3,3,1,
AC42433cd,3,3,1,3,3,2,
AC4241c36,0,0,1,0,0,0,test
AC4242d30,0,0,0,0,0,0,
AC423dc3c,0,0,0,0,0,0,
AC424341e,3,3,1,3,3,3,
AC423fdc6,3,3,1,3,3,3,
AC423cebb,3,3,1,3,3,3,
AC423d551,0,0,0,0,0,0,
AC4244ee1,0,0,0,0,0,0,
AC4242786,3,3,3,3,1,3,
AC4244888,3,3,3,3,1,3,
AC423e39a,3,3,3,3,1,3,
AC4241cef,3,3,3,3,1,3,
AC4242a13,0,0,0,0,0,0,
AC423e012,1,3,3,3,3,2,test
AC4244f16,3,3,1,3,3,3,test
AC42426aa,0,0,0,0,0,0,
AC423c7b0,2,3,2,0,0,1,test
AC423e74c,2,2,2,0,1,2,
AC42414b2,2,2,2,3,1,2,
AC423daee,2,2,2,2,0,0,
AC4242cc3,2,2,2,3,1,3,test
AC423d2a5,2,2,2,0,0,0,
AC4243c5d,2,2,2,0,0,0,
AC423be96,2,2,2,2,2,0,
AC42416d5,0,0,0,0,0,0,train
AC4243472,2,2,2,0,0,0,
AC4241469,2,0,2,0,0,0,test
AC423efcb,0,0,0,0,0,0,
AC423d2eb,1,1,2,2,1,0,test
AC423c12a,1,1,2,2,1,0,test
AC424149b,1,1,2,2,1,0,test
AC424143f,1,1,2,2,1,0,test
AC423dbce,0,0,2,2,0,0,
AC4243b48,1,3,2,2,1,3,
AC4240a01,3,0,3,0,0,0,
AC423e767,2,2,2,2,0,2,
AC4243fa1,2,3,2,1,2,1,
AC424171e,1,1,2,3,3,3,
AC4244104,0,0,0,0,0,0,test
AC424163a,3,3,1,3,3,3,
AC42445cf,2,2,1,0,2,0,train
AC424305c,2,2,2,0,2,0,train
AC423f09a,2,2,2,0,2,0,train
AC423e34a,2,2,2,0,2,0,train
AC4244e60,2,2,2,0,2,0,train
AC4240df0,0,0,0,0,0,0,
AC423f49d,0,0,0,0,0,0,
AC423c6cc,0,0,0,0,0,0,
AC4243b54,3,3,1,3,3,3,
AC4242795,0,0,0,0,0,0,val
AC4244817,0,0,0,0,0,0,val
AC42453cd,2,2,2,2,2,0,
AC42446d0,2,2,2,2,2,0,
AC424279b,2,2,2,2,2,0,
AC424284c,1,1,1,3,3,3,test
AC42410a2,2,2,2,2,0,0,
AC4244d9b,2,2,2,2,0,0,
AC423ce11,0,0,0,0,0,0,
AC423dc41,0,0,0,0,0,0,train
AC4244127,0,0,2,1,0,0,
AC424484f,2,2,2,2,1,3,
AC4243c50,3,3,1,3,3,3,
AC4240d5c,3,3,1,3,3,3,
AC4245a2a,3,3,1,1,1,3,
AC423fcd9,3,3,1,1,1,3,
AC4240ec5,3,3,3,1,3,3,test
AC423fa1e,0,0,0,0,0,0,
AC4242e16,0,0,2,0,2,0,
AC4240dbe,1,1,3,3,3,2,test
AC42401ee,0,0,0,0,0,0,
AC4245e5f,1,1,0,0,0,0,
AC42435ee,1,1,0,0,0,0,
AC42409ca,0,0,0,0,0,0,
AC42428b4,3,3,0,0,0,1,
AC423e25e,2,2,0,0,0,1,
AC423d5c6,0,0,0,0,0,0,
AC4244e02,0,0,1,0,0,0,
AC4243bd5,0,0,0,0,0,0,val
AC4243b65,0,0,0,0,0,0,
AC423c06f,0,0,0,0,0,0,
AC4244575,1,1,1,0,1,0,
AC423f68c,1,1,1,0,1,0,
AC42416ac,3,3,3,0,0,0,
AC423d51a,0,0,0,0,0,0,
AC42435af,3,3,2,1,3,3,
AC42428d7,2,2,2,1,3,3,
AC423bf53,3,3,2,3,1,3,
AC423cecd,0,0,0,0,0,0,
AC423c63d,0,0,0,0,0,0,
AC423d2cc,0,0,0,0,0,0,
AC423fbb9,1,3,2,2,3,3,
AC423ee73,0,0,0,0,0,0,
AC424472f,0,0,0,0,0,0,
AC4244736,0,0,0,0,0,0,
AC4240712,0,0,0,0,0,0,
AC423e316,2,2,0,0,0,0,
AC4242120,2,2,2,0,1,2,
AC423cd8d,2,2,2,0,1,2,
AC4242e4f,0,0,1,0,1,0,
AC4243cbe,0,0,1,0,1,0,
AC423f524,0,0,0,0,0,0,
AC4242a6d,0,0,0,0,0,1,
AC423fc94,1,1,0,1,0,3,train
AC423d9d0,2,2,2,2,1,3,
AC423c030,1,1,1,1,3,3,test
AC4242a57,0,0,0,0,0,0,
AC423cf7e,0,0,0,0,0,0,
AC423bf87,2,2,2,2,1,0,train
AC42407db,2,2,2,2,1,0,
AC423dbb3,2,2,2,2,3,0,
AC423c70e,3,3,3,0,0,0,
AC424012e,0,0,0,0,0,0,
AC4242fd6,0,0,3,0,0,0,val
AC42423d4,0,0,0,0,0,0,train
AC4242fa1,0,0,2,0,0,0,
AC4242ee0,0,0,2,0,0,0,
AC4240d89,0,0,2,0,0,0,
AC4244050,1,1,2,3,1,3,
AC4242110,1,1,1,0,1,0,
AC423d4d0,2,2,2,0,2,0,
AC4243b58,1,3,3,3,3,3,
AC423cee6,1,3,3,3,3,3,
AC424211f,3,3,3,3,1,1,test
AC42454a0,2,2,2,0,2,0,
AC423e223,2,2,2,0,2,0,
AC423e2bd,1,1,2,3,3,3,
AC4240239,2,2,3,0,3,0,
AC423ed71,0,0,0,0,0,0,
AC4243aa5,0,0,2,0,0,0,
AC4244860,1,0,2,0,1,0,
AC424239f,2,3,2,1,3,1,
AC4243693,0,0,0,0,0,0,
AC42420dd,0,0,0,1,0,1,train
AC42410cc,0,0,0,0,0,0,
AC423cc1f,0,0,1,0,0,1,val
AC423f6f4,0,0,0,0,0,0,
AC423f010,3,3,3,3,1,3,test
AC4241b78,1,3,2,3,3,3,
AC4244f15,0,0,0,0,0,0,test
AC423cd48,0,0,3,0,0,0,
AC4244224,0,0,0,0,0,0,
AC4240469,1,3,3,3,3,3,val
AC4242ffd,0,0,0,0,0,0,
AC4243c75,1,1,1,1,1,3,
AC423f76f,3,3,1,3,3,3,
AC4242738,1,1,3,2,3,3,
AC423fb73,0,0,0,0,0,0,
AC423f4ca,0,0,0,0,0,0,
AC4242271,2,2,1,2,3,3,
AC42454b4,1,3,2,2,3,3,
AC4244686,0,0,2,0,0,0,
AC423d94b,0,0,0,0,0,0,test
AC4240edf,3,3,3,3,0,0,
AC4240714,1,1,3,0,3,0,
AC4242a4a,2,2,2,2,2,0,
AC423e8c2,1,1,2,2,3,2,train
AC423e023,1,1,2,2,2,2,train
AC423be6d,2,2,2,0,0,0,
AC4240809,2,2,2,0,0,0,
AC423c5da,0,0,2,0,0,0,
AC423d530,2,1,2,3,3,2,test
AC423da6c,0,0,3,2,0,0,
AC4242075,0,0,2,2,0,0,
AC4245d16,0,0,0,0,0,0,
AC42423f6,0,0,0,0,0,0,
AC423bf92,0,0,2,2,0,0,
AC4242a50,1,1,3,0,1,0,
AC424352f,3,1,2,3,2,3,
AC4242196,0,0,1,0,0,0,
AC4242eac,0,0,0,0,0,0,
AC4242f31,1,1,2,0,0,2,
AC423c120,0,0,0,0,0,2,
AC423e05f,0,0,0,0,0,0,
AC42442dd,0,0,0,0,0,0,
AC424155c,3,3,3,3,1,3,test
AC424298c,0,0,0,0,0,0,
AC4241afc,0,0,0,0,0,0,
AC4242069,0,0,0,0,0,0,
AC423f091,0,0,0,0,0,0,
AC4244c3b,0,0,0,0,0,0,
AC424171b,3,3,1,1,3,3,
AC423daf9,0,0,0,0,0,0,
AC423ed3b,2,2,2,2,0,0,
AC423c073,0,0,0,0,0,0,
AC423e0d3,0,0,0,0,0,0,
AC42441de,0,0,2,0,0,0,
AC4240104,2,1,0,0,0,1,
AC423dadb,0,0,0,0,0,0,
AC423f675,0,0,0,0,0,0,test
AC4244ed2,0,0,0,0,0,0,test
AC4240112,0,0,0,2,0,0,
AC42403cf,3,3,1,3,3,3,test
AC4241d13,2,0,3,2,0,0,
AC4241a3d,2,0,2,2,0,0,
AC4244196,1,1,2,2,3,3,
AC4241023,3,3,1,1,1,3,
AC4244812,3,3,3,1,3,3,
AC4242d29,3,3,1,2,3,3,
AC423fa53,1,3,3,3,3,3,
AC42407f3,3,0,0,0,0,0,
AC4242d6e,3,3,1,3,3,3,
AC4242210,2,2,2,0,0,0,
AC4240405,2,2,2,0,0,0,
AC423d586,0,0,0,0,0,0,
AC42400e0,0,0,0,0,0,0,val
AC423eecd,0,0,0,0,0,0,val
AC4240231,0,0,2,0,0,2,
AC423ee7c,0,0,2,0,0,2,
AC423f5ca,0,0,2,0,0,2,
AC4240989,1,1,1,1,1,2,
AC423c100,1,1,2,3,1,2,
AC42452fc,2,3,2,2,1,2,
AC423c5d5,2,2,2,2,1,2,
AC4242ed4,2,2,2,2,1,2,
AC424423d,2,2,2,2,1,2,
AC423cdd5,2,2,2,2,1,2,
AC4244f2d,0,0,0,0,0,0,
AC424147c,2,2,1,2,0,0,val
AC4243327,2,2,1,2,0,0,val
AC423f429,0,0,0,0,0,0,
AC423e894,1,0,3,3,0,0,test
AC4242ed1,0,0,0,0,0,0,
AC423d383,0,0,0,0,0,0,
AC42454ff,0,0,0,0,0,0,
AC424456d,3,3,3,1,3,3,
AC4240854,3,3,3,1,3,3,
AC4243b50,3,3,3,1,3,3,
AC4244f20,1,1,2,2,2,3,test
AC4240424,3,3,2,1,3,3,test
AC4241c34,0,0,0,0,0,0,
AC42442c1,0,0,0,0,0,0,
AC424207a,0,0,2,0,0,0,val
AC4245508,0,0,2,0,0,0,val
AC423dcd1,2,2,0,0,0,2,
AC423e8e0,0,0,1,0,0,0,
AC4242e98,3,3,1,2,1,3,
AC423fcb2,0,0,0,0,0,0,
AC423d2e6,0,0,0,0,0,0,
AC4240813,1,1,2,3,1,3,
AC423bf2c,2,2,2,2,1,1,
AC4242273,2,2,2,2,1,2,
AC42439d6,0,0,0,0,0,0,
AC424286f,0,0,0,0,0,0,
AC4243933,0,0,0,0,0,0,
AC423e937,0,0,3,0,0,0,
AC423cbea,2,0,0,0,0,0,val
AC423be95,0,0,0,0,0,0,
AC4244c64,0,0,2,2,0,0,
AC423bf1e,0,0,0,0,0,0,
AC4242119,0,0,0,0,0,0,
AC4241010,0,0,3,0,0,0,
AC4242154,1,3,3,2,3,3,
AC423fcea,1,3,3,2,3,3,
AC4244d4f,2,3,1,3,3,3,
AC423e02f,2,1,2,2,1,2,
AC423c4ec,1,1,3,1,1,3,
AC4245229,1,1,3,1,1,3,
AC423cbf6,1,1,3,1,1,3,
AC42423b8,0,0,2,2,0,0,test
AC423dfc3,0,0,2,2,0,0,test
AC423da56,2,2,2,0,0,0,
AC423e284,2,2,2,0,0,0,
AC4241d3c,2,2,2,2,2,0,
AC42416b5,0,0,0,0,0,0,
AC4244d5e,3,3,1,1,3,3,
AC4243681,0,0,2,0,0,0,
AC423c6c7,1,1,3,3,3,3,
AC423f05e,0,0,0,0,0,0,test
AC423fa95,2,3,1,3,3,3,
AC4240a71,3,3,1,1,1,3,
AC424043b,2,2,2,0,0,0,
AC4240748,0,0,0,0,0,0,
AC424207d,2,1,2,1,0,0,
AC423edae,2,1,2,2,0,1,
AC423f026,2,1,2,2,0,1,
AC423be8a,0,0,1,0,0,0,test
AC42420ec,0,0,0,0,0,0,
AC423fa3f,0,0,0,0,0,0,train
AC4240778,3,3,2,1,3,3,
AC42400bd,2,2,2,2,0,0,
AC4242dc9,0,0,0,0,0,0,val
AC4243a76,3,3,3,3,1,3,
AC424391e,3,3,3,3,1,3,
AC4242344,3,3,3,3,1,3,
AC4241129,0,0,0,0,0,0,train
AC4240e32,0,0,0,0,0,0,
AC4242820,1,1,2,2,2,1,val
AC4244709,3,3,3,1,3,3,
AC423e17a,3,3,3,1,3,3,
AC4244202,2,2,2,1,1,1,test
AC4244b78,0,0,0,0,0,0,test
AC424030d,0,0,0,0,0,0,
AC423becd,2,2,2,1,2,3,test
AC4241a9f,1,0,0,1,0,0,
AC423cd55,2,0,0,2,0,0,
AC4241b72,0,0,0,0,0,0,
AC423cd1f,0,0,0,0,0,0,
AC42409fd,2,2,2,3,1,3,val
AC4241c8f,2,2,2,3,1,3,val
AC423c891,2,2,2,0,0,2,
AC424031c,3,3,2,2,1,3,test
AC423dab4,0,0,0,0,0,0,
AC4243650,0,0,0,0,0,0,
AC424484b,0,0,0,0,0,0,
AC4243bc3,0,0,0,0,0,0,
AC423ed4e,0,0,0,0,0,0,
AC4242733,3,3,3,3,1,3,
AC4242083,3,3,3,3,1,3,
AC4244664,3,3,3,3,1,3,
AC424038b,0,0,0,0,0,0,
AC423d3ff,0,0,0,0,0,0,
AC4241bb7,0,0,0,0,0,0,
AC4240e1d,2,2,1,2,3,3,
AC42420d3,0,0,0,0,0,0,
AC42410c6,2,2,2,0,1,0,val
AC423e961,2,2,2,0,1,0,val
AC423c78d,0,0,1,0,0,0,
AC4241cfc,0,0,0,0,0,0,
AC423daa7,1,1,1,0,0,0,
AC4240eaa,1,1,1,0,0,0,
AC424096e,0,0,0,0,0,0,
AC4244160,0,0,0,0,0,0,
AC423f405,0,0,0,0,0,0,
AC424073c,0,0,0,0,0,0,val
AC4241d2e,0,0,0,1,0,0,
AC4243ac9,0,0,0,3,0,0,
AC42408dc,0,0,3,0,0,0,
AC42452e9,0,0,2,0,0,0,
AC423cd66,0,0,0,0,0,0,val
AC424405a,0,0,0,0,0,0,
AC42407e5,2,0,3,2,0,1,test
AC423e39f,0,0,0,0,0,0,
AC423e0fd,1,0,2,0,0,0,
AC423edbc,2,0,2,0,0,0,
AC423e32d,2,0,2,0,0,0,
AC4241cf5,2,0,2,0,0,0,
AC42414ac,0,0,0,0,0,0,
AC42448a9,0,0,0,0,0,0,
AC42432ef,2,2,2,0,0,0,test
AC4245c7d,2,2,2,0,0,0,test
AC423cdb7,0,0,0,0,0,0,val
AC423ee65,0,0,0,0,0,0,
AC424458a,0,0,0,0,0,0,
AC424149c,2,2,1,0,0,0,
AC423cdcf,3,0,0,0,0,0,test
AC424333d,3,3,1,3,3,3,
AC4243c82,1,3,3,3,3,3,
AC4240818,0,0,2,2,0,0,
AC42401ea,1,1,0,0,0,0,
AC4243fa4,1,1,1,3,1,3,
AC424455a,0,0,0,0,0,0,
AC423f5f3,0,0,0,0,0,0,val
AC42414d9,0,0,0,0,0,0,
AC423c83a,1,0,0,0,2,0,train
AC423c7d0,0,0,0,0,0,0,
AC4242ef3,0,0,0,0,0,0,
AC4245ce8,0,0,0,0,0,0,
AC4244c55,0,0,0,0,0,0,
AC42403be,0,0,2,2,0,0,
AC423d356,0,0,2,2,0,0,
AC42439e6,2,2,1,3,3,3,
AC423fd61,2,2,1,3,3,3,
AC423cdac,2,2,1,2,2,0,
AC423e090,0,0,0,0,0,0,test
AC42410c2,2,2,2,3,1,3,
AC423e7fe,3,3,3,3,0,0,
AC424159c,3,3,3,1,3,3,
AC423f531,0,0,0,0,0,0,
AC423eeb1,0,0,0,0,0,0,
AC424472a,0,0,0,0,0,0,
AC4240309,0,0,0,0,0,0,
AC423d465,2,1,1,0,1,0,
AC423cbda,2,2,1,3,3,3,test
AC42445be,2,2,1,3,3,3,test
AC4245ca4,3,3,3,3,0,0,
AC4240832,2,1,2,2,2,3,
AC424210c,0,0,0,0,0,0,
AC423fb21,1,3,1,3,3,3,train
AC4241ae3,1,3,1,3,3,3,train
AC423e8a6,2,2,2,1,2,3,
AC423e2ff,0,0,2,2,0,0,
AC423bf75,3,3,1,3,3,3,
AC4244bdd,2,0,2,0,0,0,
AC424101b,0,0,0,0,0,0,
AC42440fe,0,0,0,0,0,0,
AC423f55e,0,0,0,0,0,0,
AC423c04b,0,0,0,0,0,0,
AC424239c,0,0,0,0,0,0,
AC4242730,1,1,0,0,0,0,
AC42407b8,0,0,2,0,0,0,
AC4240ee8,2,1,2,2,1,3,
AC4242e1f,2,2,2,0,2,0,
AC423da33,0,0,0,0,0,0,test
AC424549d,3,3,1,3,3,3,
AC423fa70,3,3,1,3,3,3,
AC4244095,3,3,0,0,0,2,
AC423e753,2,2,0,0,0,1,
AC4245dcd,0,0,0,0,0,0,
AC423f513,0,0,0,2,0,0,
AC423d282,1,1,3,3,0,1,
AC423da2d,2,2,2,0,0,0,
AC424428b,3,3,1,3,3,3,test
AC42434e0,2,2,2,1,1,0,
AC42447c5,2,2,2,3,3,1,
AC42416aa,0,0,2,0,0,0,
AC4244bbc,0,0,2,0,0,0,
AC424346e,0,0,0,0,0,0,
AC423fb32,1,1,2,2,0,0,
AC423c006,2,2,2,2,0,0,
AC423e35c,2,2,2,2,0,0,
AC42453d3,2,2,2,2,0,0,
AC4241c9a,0,0,0,0,0,0,
AC4244e85,0,0,0,0,0,0,
AC423d452,2,2,1,1,0,0,test
AC42416b2,0,0,0,0,0,0,
AC423d47d,0,0,0,3,0,0,
AC423c10a,0,0,0,0,0,0,test
AC424033c,0,0,0,0,0,0,test
AC4242f37,0,0,0,0,0,0,test
AC4241a73,0,0,0,0,0,0,test
AC424520e,0,0,0,0,0,0,test
AC4240228,2,2,2,2,2,0,
AC423f629,2,2,2,2,2,0,
AC424405e,0,0,0,0,0,0,
AC4245c90,1,3,2,3,2,3,
AC4241cd6,1,3,2,3,2,3,
AC4240daf,0,0,2,0,2,0,
AC423e15c,2,2,2,2,2,0,
AC4241480,0,0,0,0,0,0,
AC423f060,3,3,3,3,1,3,test
AC42439aa,0,0,0,0,0,0,
AC423d416,2,2,0,0,0,0,
AC42410d1,2,2,2,0,0,0,
AC42439b8,2,2,2,0,0,0,
AC424520a,0,0,2,0,0,0,
AC423c61f,0,0,2,0,0,0,
AC423fb56,0,0,0,0,0,0,
AC423ee48,0,0,0,0,0,0,
AC42403f6,0,0,0,0,0,0,
AC4243057,0,0,2,0,0,0,
AC423e319,3,3,1,1,3,3,
AC4242cf7,2,2,0,0,1,0,
AC4243b94,0,0,0,0,0,0,
AC4240fe2,2,2,2,0,2,0,
AC423d4f5,2,2,2,0,2,0,
AC42410a8,0,0,0,0,0,0,test
AC4241ccd,0,0,0,0,0,0,val
AC4242e51,3,3,3,1,3,3,
AC4243095,2,2,2,1,3,3,
AC423c4c6,0,0,2,0,0,0,
AC4244d51,0,0,0,0,0,0,test
AC42421e5,0,0,0,0,0,0,train
AC423c6a5,0,0,0,0,0,0,train
AC4244640,0,0,0,0,0,0,
AC4241467,0,0,0,0,0,0,
AC424286c,0,0,0,0,0,0,
AC4240220,0,0,1,0,0,0,
AC42414b1,2,1,2,2,2,2,
AC424364b,0,0,0,0,0,0,
AC4241d1a,0,0,0,0,0,0,
AC423c729,3,3,3,3,0,0,test
AC423c6ec,0,0,0,0,0,0,
AC424460d,0,0,0,0,0,0,
AC424103b,3,3,2,2,1,0,
AC4240dc2,2,2,2,2,2,0,
AC423f768,2,2,2,2,2,0,
AC4240922,0,0,3,0,0,0,train
AC423cda6,3,3,3,2,3,1,
AC423e2da,1,3,2,2,3,3,
AC424035e,2,0,0,0,0,0,test
AC423fda1,0,0,2,0,0,0,
AC423f566,0,0,0,0,0,0,train
AC423c7fa,2,3,2,2,1,0,
AC423e929,2,2,0,2,0,0,
AC423c700,1,3,2,2,3,3,
AC423ea43,1,3,2,3,2,3,
AC424533c,1,3,2,3,2,3,
AC4244b70,1,3,2,3,2,3,
AC4242782,1,3,2,3,2,3,
AC423e6bb,0,0,0,0,0,0,
AC4244661,3,0,1,0,0,0,
AC4241a61,2,0,2,0,0,0,
AC423bf4c,2,0,2,0,0,0,
AC423c7c6,3,3,2,1,3,3,
AC4240a8f,0,0,1,0,0,0,train
AC4241b0c,0,0,2,0,0,0,val
AC423e99c,2,2,2,0,0,0,
AC4242872,1,1,2,2,0,0,
AC423ee58,0,0,0,0,0,0,
AC423e938,2,2,2,3,1,3,train
AC4241731,2,2,2,3,1,3,train
AC4241c7b,2,2,2,3,1,3,train
AC423fae4,2,2,2,3,1,3,train
AC423dcd6,1,3,3,3,3,3,val
AC423fa44,2,2,2,0,0,0,
AC4240128,3,3,2,2,3,1,
AC423d97c,2,2,2,0,1,0,test
AC4243aab,1,1,2,3,3,3,
AC424418b,0,0,0,0,0,0,train
AC4240eb1,0,0,0,0,0,0,
AC423f6ca,0,0,2,2,0,0,
AC4241b9d,3,3,1,3,3,3,
AC424475b,3,3,1,3,3,3,
AC4240438,1,0,0,0,1,0,val
AC42423b6,0,0,0,0,0,0,
AC4243cda,2,1,3,3,3,3,
AC4240fff,1,3,3,3,3,3,
AC42416ee,3,3,1,3,3,3,
AC423e387,2,2,2,0,2,1,
AC423f058,1,1,1,1,1,0,
AC423c4c0,2,2,0,0,2,0,
AC4242347,3,3,1,3,3,3,
AC424481d,0,0,0,0,0,0,
AC4240e90,0,0,0,0,0,0,val
AC42439e7,1,1,1,3,1,1,
AC423fb1c,0,0,3,0,0,0,
AC423cc40,3,3,3,3,3,1,
AC424009f,2,1,2,2,3,3,val
AC42402f7,0,0,0,0,0,0,
AC424269e,0,0,0,0,0,0,
AC423e9b3,1,1,3,3,3,3,
AC4241c58,3,3,2,2,0,1,
AC423d637,2,2,2,2,0,1,
AC423c170,2,2,2,2,0,1,
AC4242fd1,2,2,2,2,0,1,
AC423d3c8,2,2,2,2,0,1,
AC423dbe4,2,2,2,2,0,2,
AC4242139,2,2,2,2,0,2,
AC42435db,2,2,2,0,1,0,
AC4243676,3,1,1,0,0,0,
AC423c640,0,0,3,0,0,0,
AC42439a4,0,0,0,0,0,0,train
AC423edbe,2,2,1,3,3,1,
AC424073a,0,0,0,0,0,0,
AC423d565,0,0,0,0,0,0,
AC4240111,0,0,1,0,0,0,
AC4245e15,0,0,1,0,0,0,
AC423fdab,1,3,2,3,3,3,
AC4243381,0,0,0,0,0,0,
AC4242f5c,0,0,0,0,0,0,test
AC42401a1,0,0,0,0,0,0,
AC424363c,1,3,2,2,3,3,
AC4241732,0,0,0,0,0,0,
AC423c81a,0,0,0,0,0,0,
AC423cea8,0,0,0,0,0,0,
AC423dfce,3,3,1,3,1,3,
AC423e943,0,0,0,0,0,0,
AC4241dab,0,0,0,0,0,0,
AC4242162,2,2,2,0,0,0,test
AC42434c2,0,0,2,0,0,0,
AC4241415,1,1,2,3,2,3,train
AC4240f66,0,0,0,3,0,0,test
AC4240249,2,2,2,3,1,3,
AC4242ea3,2,1,2,1,1,3,
AC4243479,0,0,0,0,0,0,
AC423bedd,3,3,2,3,1,1,test
AC4244cda,0,0,2,2,0,0,
AC423e6f5,2,2,2,3,1,2,
AC4244dcd,0,0,0,0,0,0,
AC423c118,0,0,0,0,0,0,test
AC423e7bf,0,0,0,0,0,0,
AC423db39,2,2,2,2,0,0,
AC4244278,3,3,2,3,3,1,test
AC4242f43,0,0,1,1,0,0,
AC42440e8,2,2,1,2,3,1,
AC423f6e0,0,0,0,0,0,0,
AC42401bc,0,0,3,3,0,0,
AC4242961,0,0,0,0,0,0,
AC423e050,0,0,0,0,0,0,
AC42439bc,2,2,2,2,1,3,
AC4243970,0,0,0,0,0,0,
AC42440b0,2,2,1,0,2,0,
AC4241d1f,0,0,0,0,0,0,
AC424346f,2,0,0,0,0,0,
AC423d3c7,0,0,2,0,3,0,
AC423c06b,0,0,0,0,0,0,
AC4245abe,1,3,2,3,3,3,
AC423dd06,1,3,2,3,3,3,
AC423ed3a,2,3,1,3,3,3,
AC4241de4,0,0,0,0,0,0,
AC423e2a2,2,2,1,0,0,0,
AC4244e4f,2,2,2,0,0,0,
AC423d4e9,1,3,3,3,3,3,
AC423f413,2,2,2,1,3,3,
AC4243354,2,2,2,1,3,3,
AC423c06a,2,2,2,1,3,3,
AC424456c,3,3,1,3,3,3,
AC4242e59,0,0,0,0,0,0,
AC423da1f,1,3,3,3,3,3,
AC4242e86,2,2,2,1,0,0,
AC42434d5,0,0,0,0,0,0,
AC42453d8,0,0,1,0,0,0,
AC4240920,0,0,1,0,0,0,
AC423e82d,3,3,1,3,3,3,
AC42441da,3,3,1,3,3,3,
AC423ce9d,2,1,2,0,0,1,
AC423fc11,2,1,2,0,0,3,
AC42429dc,3,0,0,0,0,0,train
AC424348f,0,0,0,0,0,0,
AC4241043,0,0,3,0,0,0,
AC423cf58,0,0,0,0,0,0,
AC4243490,0,0,0,0,0,0,
AC423e96f,0,0,0,0,0,0,
AC4244df8,0,0,3,2,0,0,train
AC423bea0,1,3,2,3,3,3,
AC423e8cc,0,0,0,0,0,0,
AC4241da4,3,0,0,0,0,0,
AC4243c9b,2,1,2,3,3,3,
AC4241006,2,0,2,2,2,0,
AC423c7ec,0,0,0,0,0,0,
AC423fbe6,3,3,1,3,3,3,
AC423ee3a,0,0,0,0,0,0,test
AC423c6c3,1,0,1,0,0,0,
AC423cd52,1,3,1,3,3,3,
AC424214d,2,1,3,3,3,3,train
AC423d9ed,0,0,0,0,0,0,
AC423efed,3,3,2,1,2,1,
AC423cbcd,2,2,2,1,2,1,
AC423c5e0,2,0,0,0,0,0,
AC4242789,2,2,2,2,2,1,
AC42433ba,0,0,0,0,0,0,test
AC4244eeb,3,3,2,3,1,3,
AC42407b9,2,2,2,0,0,2,
AC423fc59,3,3,1,3,3,3,
AC424024f,0,0,0,0,0,0,
AC42429a8,1,1,2,2,2,3,test
AC423e371,0,0,0,0,0,0,
AC424546b,0,0,0,0,0,0,
AC4242212,0,0,0,0,0,0,
AC42452ac,0,0,0,0,0,0,
AC423ef9d,3,3,2,1,3,2,
AC423d3b8,3,3,1,3,3,3,val
AC4242413,3,3,0,0,0,0,
AC42423a8,2,2,2,2,0,0,
AC424480d,0,0,0,0,0,0,
AC423c60f,1,3,1,1,2,3,test
AC423c4c7,1,3,1,1,2,3,test
AC42422a2,0,0,0,0,0,0,test
AC4244741,0,0,0,0,0,0,
AC4241c46,0,0,0,0,0,0,train
AC4241a96,1,1,2,0,2,0,
AC423e8d7,0,0,0,0,0,0,
AC4242f65,2,2,0,0,0,0,
AC423bf20,0,0,0,0,0,0,
AC423c7c1,0,0,2,2,0,0,
AC42426e4,1,3,3,3,3,3,
AC42440ee,0,0,0,0,0,0,
AC423f0c3,0,0,0,0,0,2,
AC423eec0,0,0,0,0,0,2,
AC4241768,3,3,1,3,3,3,
AC423dfe1,0,0,0,0,0,0,val
AC4243b46,0,0,0,0,0,0,val
AC423e9f7,0,0,0,0,0,0,
AC424028f,0,0,1,0,0,0,val
AC423e27a,3,3,2,1,1,3,
AC4242087,3,3,1,3,3,3,
AC4244ca2,2,2,0,2,0,0,
AC42442b9,2,2,2,0,0,0,val
AC423ce2f,0,0,1,0,0,0,val
AC4243f42,0,0,0,0,0,0,
AC423fccf,0,0,0,0,0,0,
AC4245919,1,3,3,3,3,3,
AC4240a75,1,3,3,2,2,3,
AC4241d2f,0,0,0,0,0,0,
AC423cd96,0,0,0,0,0,0,
AC4242ce5,2,2,2,2,1,0,
AC423e979,0,0,2,2,1,0,
AC423da7c,2,2,0,0,0,0,
AC423c871,2,2,0,0,0,0,
AC4245e68,2,2,0,0,0,0,
AC424491b,2,2,0,0,0,0,
AC42408f8,0,0,2,0,2,0,test
AC423c64b,0,0,0,0,0,0,
AC423e912,2,2,2,0,0,0,
AC423e8af,1,3,3,3,3,3,
AC4244c73,0,0,0,0,0,0,
AC423ed68,0,0,2,2,2,0,
AC423db47,0,0,2,2,2,0,
AC4240aab,3,3,1,3,3,3,
AC423d26d,0,0,0,0,0,0,
AC423fd2b,2,0,2,2,0,0,
AC423d5a5,0,0,0,0,0,0,
AC4242d5e,2,0,0,0,0,0,
AC423cc12,3,3,2,2,1,3,train
AC423d2a6,0,0,0,0,0,0,
AC42415a6,1,1,3,3,3,3,train
AC423f736,0,0,0,0,0,0,
AC423c72a,0,0,3,3,0,0,
AC4243651,0,0,0,0,0,0,
AC423ccb1,1,3,3,3,3,3,
AC423c149,1,3,2,3,3,3,
AC4243908,0,0,1,0,0,0,
AC4242fc3,1,2,2,0,2,0,train
AC4244671,1,2,2,0,2,0,train
AC424096c,1,2,2,0,2,0,train
AC4240f92,2,2,2,0,2,0,train
AC423fd10,1,1,2,2,0,0,
AC4244f00,2,2,2,2,0,0,
AC4242ddf,0,0,0,0,0,0,
AC424458c,0,0,0,0,0,0,test
AC4241c00,0,0,0,0,0,0,test
AC423be12,0,0,0,0,0,0,test
AC4240f35,0,0,0,0,0,0,test
AC423fc56,0,0,0,3,0,0,
AC4245cef,0,0,0,0,0,0,
AC4241d4e,0,0,0,0,0,0,
AC423bf45,0,0,0,0,0,0,
AC423cf2c,0,0,0,0,0,0,
AC42441c4,1,3,3,3,3,3,train
AC42453bb,1,3,3,3,3,3,train
AC4244e16,0,0,0,0,0,0,
AC4244bf1,0,0,1,3,0,0,
AC4240aea,1,1,1,0,0,0,
AC4242967,1,1,3,3,1,3,
AC4242f1e,2,2,3,3,1,3,
AC423f6f9,2,2,3,3,1,3,
AC4245486,2,2,3,3,1,3,
AC4245782,2,2,3,3,1,3,
AC4244c01,3,3,2,2,1,3,test
AC423f595,0,0,1,0,0,0,train
AC423e0e7,0,0,1,0,0,0,train
AC424031a,0,0,0,0,0,0,train
AC4244bc3,0,0,0,0,0,0,
AC424045a,0,0,2,0,0,0,val
AC423dc13,3,3,2,1,3,3,
AC423d507,1,1,1,3,3,3,
AC423fd0e,3,3,1,3,3,3,
AC4242fa6,0,0,0,0,0,0,
AC424334f,0,0,0,0,0,0,
AC423d9f2,0,0,0,0,0,0,
AC423cf2e,0,0,0,0,0,0,
AC42400a5,0,0,0,0,0,0,
AC423ce37,0,0,3,3,0,0,
AC423e234,2,2,2,0,2,0,
AC423e040,2,2,2,0,2,0,
AC423cd2f,2,2,2,0,2,0,
AC424157e,2,2,2,0,2,0,
AC4242071,3,3,3,1,3,3,
AC423e06d,0,0,2,0,2,0,
AC423f034,2,2,2,1,2,3,
AC424302e,0,0,0,1,0,0,test
AC423fa93,0,0,0,1,0,0,test
AC423f511,2,1,2,3,2,3,
AC423ce53,0,0,2,0,0,0,
AC4243974,0,0,0,0,0,0,
AC4243ae7,3,3,1,1,3,3,
AC424338c,0,0,0,3,0,0,
AC423d410,1,1,1,0,1,0,
AC423eda3,3,3,3,0,3,0,
AC423fa87,3,3,1,3,3,3,
AC424592b,3,3,3,3,1,3,
AC423c620,2,2,3,3,3,1,test
AC423d3be,2,1,0,1,0,1,
AC4240959,2,1,0,2,0,2,
AC424276a,1,0,0,0,0,0,
AC423fbde,3,3,2,3,2,1,
AC4243321,2,2,2,0,0,0,
AC423cc62,0,0,0,0,0,0,
AC423e7a2,0,0,0,0,0,0,
AC423fa65,2,2,2,2,1,0,
AC4240a6f,2,2,2,2,1,0,
AC4242a1d,3,3,3,0,0,0,
AC423eebd,2,2,2,3,1,3,train
AC4242922,0,0,0,0,0,0,
AC424407c,0,0,2,0,2,0,train
AC423ee3f,0,0,0,0,0,0,
AC424342f,0,0,0,0,0,0,
AC423f717,3,3,1,3,3,3,
AC4241626,2,3,1,3,3,3,
AC4241108,1,3,2,2,3,3,
AC423fca1,3,3,1,3,3,3,
AC424027a,3,3,2,3,1,2,test
AC423d42f,3,3,2,3,1,2,test
AC423d44e,0,0,0,0,0,0,
AC4244e82,0,0,0,0,0,0,
AC423da60,0,0,0,0,0,0,
AC423d974,2,2,2,2,0,0,
AC4243552,1,1,2,3,1,3,
AC423bf37,3,0,3,0,0,0,
AC424236d,0,0,0,0,0,0,
AC4243400,0,0,0,0,0,0,
AC423d4ec,0,0,0,0,0,0,
AC423e736,0,0,1,0,0,0,val
AC4243022,0,0,0,0,0,0,
AC42401c9,2,3,2,1,3,3,test
AC423ee94,0,0,2,0,0,0,val
AC423d285,1,3,3,2,3,3,
AC4242a62,0,0,0,0,0,0,
AC4240999,3,3,1,3,3,3,train
AC42403d4,1,1,3,3,3,3,
AC4244694,0,0,0,0,0,0,
AC4241a3c,1,3,2,3,3,3,
AC423fad3,1,3,2,3,3,3,
AC423d4e0,1,3,2,3,3,3,
AC4241528,3,3,2,3,1,3,
AC424158b,0,0,0,0,0,0,test
AC423fb8e,3,0,3,0,0,0,train
AC423c599,2,2,1,2,2,3,
AC423ee0d,1,3,3,3,3,3,train
AC4244c03,1,1,2,2,2,0,
AC4242a68,2,2,2,2,2,0,
AC423ed12,2,2,2,2,2,0,
AC4241012,2,2,2,2,0,0,val
AC4243081,2,1,2,0,0,0,
AC423dcd8,2,2,2,3,1,3,
AC423fbe7,2,2,2,2,2,0,
AC423f5cf,0,0,2,0,0,0,
AC42439ef,1,1,1,0,1,0,
AC42413c6,0,0,0,0,0,0,
AC4242822,1,3,3,2,3,3,
AC423fd9b,2,2,0,0,0,0,
AC423f769,2,2,0,0,0,0,
AC4241a7f,2,2,1,3,3,3,
AC423f738,0,0,0,0,0,0,
AC42414c6,2,2,1,3,3,3,
AC423ccb3,2,0,2,0,2,0,
AC4240742,0,0,0,0,0,0,
AC4242d35,1,1,3,3,3,3,
AC4242996,0,0,3,0,0,0,
AC423e228,0,0,0,3,0,0,test
AC423d966,1,1,2,0,0,1,
AC4243541,1,1,3,3,3,3,
AC42428d5,0,0,3,3,0,0,
AC4244d95,2,2,2,3,1,3,
AC423c7bd,0,0,0,0,0,0,
AC423bfb0,3,3,1,1,3,3,
AC42427af,0,0,0,0,0,0,
AC424284a,0,0,0,0,1,0,
AC423c5f5,0,0,0,0,0,0,
AC423e259,0,0,0,0,0,0,
AC4241b82,0,0,0,0,0,0,
AC42440d8,0,0,0,0,0,0,
AC423e22e,0,0,0,0,0,0,
AC42445c9,0,0,0,0,0,0,
AC42402eb,3,3,2,2,1,3,
AC423c018,3,3,1,3,3,3,
AC423d95b,3,3,1,3,3,3,
AC4244628,3,3,1,3,1,3,
AC4244021,0,0,0,0,0,0,
AC423c0f3,1,1,2,0,1,0,train
AC423c79e,0,0,0,0,0,0,
AC423dbaf,3,3,3,3,1,3,
AC424353b,3,3,1,3,2,3,test
AC4242db0,1,1,1,0,0,0,
AC4244889,1,3,3,3,3,3,
AC42451d8,1,3,2,2,3,3,
AC42402c1,0,0,3,0,0,0,
AC4244e2b,0,0,0,0,0,0,
AC42428d4,0,0,0,0,0,0,
AC4242432,2,3,3,3,0,0,
AC42447ea,2,2,1,2,0,0,
AC4245a1f,0,0,0,0,0,0,
AC423d39d,0,0,0,0,0,0,
AC4243fbd,1,3,1,3,3,3,
AC4244704,0,0,0,0,0,0,
AC423d3db,3,3,1,3,3,3,
AC4242d8b,2,2,2,1,0,0,
AC4243415,0,0,1,1,0,0,test
AC424233b,0,0,0,0,0,0,
AC423cc8a,0,0,0,0,0,0,
AC424288b,0,0,0,0,0,0,
AC4242e29,0,0,0,0,0,0,
AC424028a,0,0,0,0,0,0,
AC424106c,2,2,2,0,0,0,test
AC423c089,2,2,2,1,2,0,
AC4240ac2,2,2,1,1,3,3,
AC423e258,0,0,2,0,0,0,
AC4244767,0,0,2,0,0,0,
AC423fbca,0,0,0,0,0,0,
AC423c0e1,2,2,2,1,3,3,
AC4244ef9,1,1,2,3,1,3,
AC424039c,1,1,2,3,1,3,
AC423eff0,1,1,2,3,1,3,
AC4241d6e,1,1,2,3,1,3,
AC423bf5a,3,3,2,2,3,1,train
AC423eec3,1,1,0,0,0,0,
AC423e6b9,0,0,0,0,0,0,
AC42428a3,0,0,0,0,0,0,
AC4241d92,0,0,1,0,0,0,
AC424365c,0,0,0,0,0,0,
AC42433c4,0,0,0,0,0,0,
AC424399a,3,3,1,3,3,3,val
AC4243cd3,2,2,2,2,0,0,
AC4244c35,0,0,0,0,0,0,test
AC42448a3,0,0,0,0,0,0,
AC4242101,1,3,3,2,3,3,
AC423c075,0,0,0,0,0,0,
AC424089f,0,0,0,0,0,0,test
AC423cca9,0,0,2,0,0,0,test
AC4244777,1,1,2,2,2,0,
AC423f5f4,0,0,0,0,0,0,
AC4243a97,0,0,0,0,0,1,
AC423d27e,0,0,0,0,0,0,
AC4241d27,0,0,0,0,0,0,
AC42442a7,0,0,0,0,0,0,
AC4242f24,1,0,0,0,0,0,
AC423ea28,2,0,2,2,0,0,
AC4242192,0,0,0,3,0,0,
AC423dc45,2,0,2,2,0,0,
AC42402ee,0,0,0,0,0,0,
AC4242d45,0,0,0,0,0,0,
AC4241a40,2,2,2,2,0,1,
AC423f4ef,2,2,2,2,0,1,
AC423ce67,0,0,0,0,0,0,
AC423e372,3,3,3,0,1,0,
AC4241a6d,1,3,3,2,3,3,
AC423cddc,0,0,0,0,0,0,
AC423cc64,0,0,0,0,0,0,
AC4243b89,0,0,0,0,0,0,
AC4243bb2,3,3,3,1,3,3,
AC4242cfe,3,3,3,1,3,3,
AC4243f9d,3,3,3,1,3,3,
AC4240aa4,0,0,1,0,0,0,
AC423cc0a,1,1,3,0,1,0,
AC423cbfd,0,0,0,0,0,0,
AC423cc63,0,0,0,0,0,0,
AC4241b9e,2,2,2,3,3,1,train
AC4243aaa,1,1,0,0,0,0,
AC4240982,0,0,0,0,0,0,val
AC423be8b,0,0,0,0,0,0,
AC4241be6,0,0,0,0,0,0,
AC423d999,0,0,0,0,0,0,
AC423fd9e,0,0,2,0,0,0,val
AC42453d0,2,2,2,2,0,1,
AC423ee8a,1,1,2,3,1,3,test
AC42401a9,1,3,2,3,3,3,
AC42423d1,0,0,0,0,0,0,test
AC4242d99,0,0,2,0,0,0,val
AC423e1d0,1,3,3,3,3,3,val
AC42413e9,2,2,1,2,3,3,
AC424102e,0,0,0,0,0,0,
AC4240e68,1,1,3,3,3,3,
AC4240f20,3,3,0,2,0,0,test
AC4244561,3,0,2,0,0,0,
AC423ce3a,1,1,3,3,3,2,
AC423ccd9,0,0,0,0,0,0,
AC423bffd,1,3,2,3,3,3,
AC4242fc1,2,2,1,1,0,0,train
AC4244da5,2,2,1,1,0,0,train
AC424081f,2,2,2,1,0,0,train
AC424083d,2,2,2,1,3,3,train
AC4243a98,2,2,2,0,0,0,
AC423f696,3,0,3,3,0,0,
AC4241617,2,0,2,2,0,0,
AC4241ce3,0,0,2,0,0,0,
AC42426f5,0,0,0,0,0,0,
AC4242a36,0,0,0,0,0,0,
AC423e90e,0,0,0,0,0,0,
AC424281d,0,0,2,3,0,0,
AC424176d,0,0,2,2,0,0,
AC423e8ff,0,0,3,0,0,0,test
AC42428cf,0,0,3,0,0,0,
AC4240a16,3,3,1,3,3,3,
AC42448f0,3,3,1,3,3,3,
AC4243365,3,3,0,3,0,0,
AC4245333,3,3,3,3,1,3,
AC423cbca,3,3,3,3,1,3,
AC4241aef,3,3,3,3,1,3,
AC423e052,1,1,1,1,0,0,
AC423ef21,0,0,0,0,0,0,
AC423dbae,2,3,2,3,1,3,test
AC4242ddb,2,2,2,0,2,0,
AC4244848,1,3,2,2,3,3,val
AC4241c4f,0,0,0,0,0,0,
AC4240eb3,3,3,2,1,3,2,test
AC4240a4e,1,1,2,2,0,0,
AC423fb3a,3,3,1,2,3,3,
AC423e340,3,3,2,3,1,1,
AC4242f21,3,3,3,1,3,3,
AC424040d,3,3,2,1,3,3,train
AC4240e43,3,3,2,1,2,3,train
AC423e270,0,0,0,0,0,0,
AC4240f63,1,1,3,1,1,0,
AC424219d,0,0,0,0,1,0,
AC42414eb,0,0,0,3,0,0,test
AC42415fb,0,0,0,0,0,0,
AC423e971,3,3,1,3,3,3,
AC42442e4,3,3,3,1,3,3,
AC4241700,1,1,3,1,1,1,
AC4240939,1,1,3,2,1,1,
AC42402ca,1,1,3,2,1,1,
AC4241def,1,1,3,2,1,1,
AC42440ce,0,0,0,0,0,0,test
AC42407d4,2,2,2,0,2,0,
AC423db14,3,3,1,3,3,3,val
AC424077c,3,3,1,3,3,3,
AC42436bb,0,0,0,0,0,0,
AC4241ce1,1,1,3,3,3,3,
AC4244807,2,3,3,2,1,3,
AC42401d9,0,0,0,0,0,0,
AC423c68d,0,0,1,0,0,0,
AC423d992,2,1,2,2,2,3,
AC42414e4,0,0,0,0,0,0,
AC423be73,1,1,2,2,2,0,
AC423dfd0,1,1,2,2,2,0,
AC4240473,2,2,2,2,1,3,
AC42420f3,0,0,2,0,0,0,val
AC423ed3c,0,0,0,0,0,0,
AC424044d,0,0,3,0,0,0,test
AC4242105,1,1,1,3,3,1,
AC4241a0f,3,3,1,2,3,3,val
AC4244f0d,3,3,1,2,3,3,
AC42433d5,0,0,0,0,0,0,
AC4242a49,1,1,2,2,1,1,
AC423fa9f,1,1,2,2,1,1,
AC4244154,0,3,3,0,0,0,
AC424212a,2,2,2,0,0,0,
AC42429bc,2,2,2,3,1,2,
AC4243f72,3,3,1,3,3,3,
AC4244eb6,0,0,2,0,0,0,
AC423f3d2,1,1,2,2,1,3,train
AC42447f7,0,0,0,0,0,0,
AC4244761,1,3,2,3,3,3,
AC423c14a,0,0,2,0,0,0,test
AC4240263,0,0,0,0,0,0,
AC4243082,1,1,3,3,3,3,
AC42442d0,1,3,3,3,3,3,
AC4240814,1,3,3,3,3,3,
AC424456f,1,3,3,3,3,3,
AC423d9ec,0,0,0,0,0,0,test
AC423d57f,2,2,0,0,0,0,
AC4245c87,2,2,0,0,0,0,
AC423fc42,0,0,0,0,0,0,val
AC423f640,1,1,3,3,3,3,
AC4244d5a,1,3,3,3,3,3,
AC4242752,0,0,0,0,0,0,test
AC4243bb5,2,2,2,0,0,0,
AC4242a6e,3,3,2,1,2,2,train
AC42445a7,2,2,2,2,2,1,
AC423e181,0,0,0,2,0,0,
AC423ef6b,3,3,1,2,3,3,
AC4241ad9,0,0,3,0,0,0,
AC4240417,2,2,2,2,3,1,
AC423f6d5,0,0,3,3,0,0,
AC423e132,0,0,0,0,0,0,
AC424355d,0,0,0,0,0,0,
AC4240f25,3,3,3,1,3,3,
AC423dc88,2,3,2,2,1,3,
AC4241b08,2,3,2,2,1,3,
AC4240d86,1,3,3,3,2,3,
AC423da19,3,3,1,3,3,3,test
AC42400be,0,0,0,0,0,0,
AC42452e5,0,0,0,0,0,0,
AC423e042,3,3,1,1,3,3,
AC4244db0,3,3,3,3,3,1,
AC424471a,1,3,2,3,3,1,train
AC42402d5,3,3,3,3,0,0,test
AC4244c38,3,3,1,3,3,3,test
AC423f435,0,0,3,3,0,1,
AC4243feb,0,0,3,3,0,0,test
AC4242f9d,0,0,0,0,0,0,
AC4241c6d,3,3,1,3,1,3,test
AC4241a1b,1,1,3,3,3,3,
AC4242893,0,0,0,0,0,0,
AC4243afd,0,0,1,1,0,0,
AC42426b4,3,3,1,1,3,3,
AC424269d,2,2,1,3,3,3,val
AC423ea47,2,2,1,3,3,3,val
AC423f449,1,3,3,2,3,3,
AC423bfaf,0,0,0,0,0,0,
AC423d48b,0,0,1,0,0,0,
AC4243f91,0,0,0,0,0,0,
AC423c0e8,3,3,3,3,3,1,
AC42457f8,3,3,3,3,3,1,
AC4244c6a,3,3,3,3,3,1,
AC423c024,3,3,3,3,3,1,
AC423f699,0,0,0,0,0,0,
AC423f70a,0,0,2,2,0,0,
AC423e6dc,0,0,2,2,0,0,
AC4243505,2,1,2,3,1,3,
AC42439d2,0,0,0,0,0,0,
AC423cf1f,0,0,0,0,0,0,
AC423fb91,0,0,0,0,0,0,test
AC424159e,0,0,3,0,0,0,
AC424344f,0,0,0,0,0,0,
AC423e102,0,0,0,0,0,0,train
AC4242144,0,0,0,0,0,0,
AC4244bc2,0,0,0,0,0,0,
AC423dc46,2,2,2,2,1,3,
AC4242e0f,2,2,2,2,1,3,
AC424341a,2,2,2,2,1,3,
AC4242da5,2,2,2,1,2,3,
AC4243a09,2,2,1,3,3,3,
AC423cbae,1,3,2,2,3,3,test
AC4245415,3,3,2,3,1,3,
AC423e24a,3,3,2,3,1,3,
AC423c575,3,3,1,2,3,3,
AC4241c0d,1,1,2,2,3,1,
AC4242319,3,3,3,0,0,0,
AC423e01b,2,2,2,1,2,0,
AC423d291,2,2,2,1,2,0,
AC4243582,0,0,2,0,0,0,
AC424230d,0,0,1,0,0,0,
AC423e285,0,0,1,0,0,0,
AC423f473,0,0,0,0,0,0,
AC4244eb5,0,0,0,0,0,0,
AC423d29a,0,0,0,0,0,0,
AC4242737,0,0,0,1,0,0,
AC423f49e,0,0,0,0,0,0,val
AC423f698,1,1,3,3,3,3,
AC423dae3,3,3,1,3,3,3,test
AC42441ea,1,1,3,3,3,3,
AC42426bf,3,3,2,2,1,3,train
AC42436bc,3,3,2,2,1,3,train
AC424154c,0,0,0,0,0,0,
AC42410f6,3,3,1,2,3,3,
AC423bdcb,0,0,2,2,2,2,
AC424164a,2,2,2,3,3,1,val
AC423d338,2,3,3,1,3,3,
AC423c54b,2,3,3,1,3,3,
AC4242079,1,3,1,3,3,3,
AC423c121,0,0,0,0,0,0,test
AC423e2e4,1,1,2,2,2,0,
AC423d64b,3,3,1,3,3,3,
AC423fb0f,0,0,0,0,0,0,train
AC4242e5f,1,1,3,3,3,3,
AC42445fb,1,1,3,3,3,3,
AC423d31a,0,0,0,0,0,0,
AC42453a7,0,0,0,0,0,0,
AC423e823,0,0,0,0,0,0,
AC423d28c,3,3,2,3,3,1,
AC42407cb,2,2,2,2,3,1,
AC423fcba,0,0,0,0,0,0,
AC4240412,2,1,2,2,3,3,test
AC423e670,3,3,3,1,3,3,
AC423ed4a,1,3,3,3,3,3,
AC42440fb,1,3,3,3,3,3,
AC423c5aa,1,3,3,3,3,3,
AC423da22,3,3,1,3,3,3,
AC4240102,3,3,1,3,3,3,
AC423db50,0,0,0,0,0,0,
AC4240ee3,0,0,0,0,0,0,
AC4244748,0,0,0,0,0,0,
AC423c6a6,0,0,0,0,0,0,
AC423f626,2,2,2,1,0,0,
AC4245861,2,2,2,1,0,0,
AC423ed5b,2,2,2,1,0,0,
AC423c7b3,2,2,2,1,3,3,
AC4242d4f,0,0,2,2,0,0,
AC42423b1,3,3,3,1,3,3,
AC4242dc1,0,0,0,0,0,0,
AC423dc68,3,3,3,1,3,3,
AC4241a78,3,3,1,3,3,3,
AC423ee9e,3,3,3,3,3,1,
AC4244277,0,0,0,0,0,0,train
AC423d473,1,3,2,3,1,3,test
AC423f762,2,2,2,2,2,0,
AC4243458,3,1,3,3,3,3,
AC424241d,0,0,2,0,0,0,
AC423d3ca,0,0,2,0,0,0,
AC42447e6,0,0,0,0,0,0,
AC423c172,0,0,2,2,2,0,val
AC42429f6,0,0,2,2,2,0,val
AC423cc93,1,3,3,3,3,3,
AC42410f9,1,1,2,2,2,3,
AC423dcc5,0,0,0,0,0,0,test
AC4244e9a,1,3,3,3,3,3,
AC42442ae,1,3,3,3,3,3,
AC423e2d4,1,3,3,3,3,3,
AC423d381,1,1,1,3,1,0,
AC423cf33,1,1,2,2,2,0,
AC424112f,1,1,2,2,2,0,
AC423e23d,3,3,2,1,2,3,
AC424300b,3,3,3,3,1,3,
AC4240855,0,0,0,0,0,0,
AC423d314,0,0,0,0,0,0,val
AC423c03f,1,3,3,2,3,3,
AC423c0c5,1,3,2,1,3,3,
AC423db01,1,3,3,3,3,3,test
AC423ce22,2,2,2,2,1,1,
AC423c74b,2,2,2,2,1,1,
AC423fc4c,3,3,3,3,1,3,
AC4241c11,3,3,2,1,3,3,test
AC424334b,2,2,2,2,0,0,
AC4241050,0,0,0,0,0,0,
AC423f0e9,0,0,2,0,0,0,val
AC423c583,0,0,0,0,0,0,
AC4240e80,0,0,0,0,0,0,
AC423c828,0,0,0,0,0,0,
AC423cf8d,0,0,0,0,0,0,
AC423e8b0,0,0,0,0,0,0,
AC423c75d,0,0,0,0,0,0,
AC42428c2,0,0,3,3,0,0,
AC4244cb9,2,2,2,2,1,3,
AC423fc58,0,0,1,0,0,0,
AC424576c,0,0,1,0,0,0,
AC4240f91,0,0,1,0,0,0,
AC4241d3f,1,3,2,3,1,1,
AC42454ec,2,2,2,3,3,1,
AC42446d5,0,0,2,0,0,0,train
AC4240e8f,0,0,2,0,0,0,train
AC42422e1,3,3,1,1,3,3,test
AC4240f11,3,3,1,1,3,3,test
AC423cc49,0,0,1,0,0,0,
AC423d38c,0,0,2,0,0,0,
AC4242247,0,0,2,0,0,0,
AC4245275,0,0,2,0,0,0,
AC42445c5,1,1,2,3,3,3,
AC4240edd,2,2,2,2,2,0,train
AC4243b0c,2,2,2,2,1,2,
AC423cf7b,3,3,3,0,0,0,
AC4242794,2,2,2,1,3,3,
AC423fb35,2,2,2,2,2,0,
AC42415d5,1,2,2,2,2,3,test
AC423c101,1,2,2,2,2,3,test
AC4243958,2,2,2,1,3,3,
AC42416df,0,0,0,0,0,0,
AC42415cb,3,3,2,0,2,1,
AC4244d37,3,3,1,0,0,0,train
AC42408e2,0,0,0,0,0,0,
AC423dbbc,1,1,3,3,3,3,
AC423d554,1,3,3,3,3,3,
AC4245cc1,3,3,1,3,3,3,train
AC4242e52,0,0,0,0,0,0,
AC42403e2,2,2,1,1,1,0,
AC423d4f3,3,3,1,3,3,3,test
AC424237d,3,3,1,3,3,3,test
AC42458f5,3,3,3,3,1,3,
AC4243a71,3,3,3,1,3,3,
AC4244d50,3,3,1,3,3,3,
AC4241569,0,0,1,0,0,0,
AC4241137,3,3,1,3,3,3,
AC4242860,1,3,2,3,2,3,
AC423cc19,0,0,1,1,1,0,val
AC423c7cd,1,3,1,3,3,3,
AC423c0a4,3,3,1,3,3,3,val
AC42435e9,3,3,1,3,3,3,
AC423e6e5,2,2,1,1,1,3,
AC4244900,2,3,1,2,3,3,
AC423f06a,0,0,0,0,0,0,
AC423c77c,0,0,3,0,0,0,test
AC4240138,2,2,2,2,2,0,
AC423cc0d,0,0,0,0,0,0,
AC4245278,2,2,1,3,3,3,
AC4241bbd,2,0,2,0,0,0,
AC423e73b,0,0,0,0,0,0,
AC4242760,3,3,1,3,3,3,
AC423fd5d,1,1,2,3,3,3,
AC424481f,1,1,2,3,3,3,
AC424154b,0,0,0,0,0,0,
AC42442b5,3,3,1,3,3,3,
AC4241594,1,1,2,2,2,3,
AC423e368,1,1,3,3,3,3,
AC423d3b3,2,1,2,3,3,3,
AC4244d65,2,1,2,3,3,3,
AC423efe0,2,1,2,3,3,3,
AC424523e,2,1,2,3,3,3,
AC423d3e8,2,1,2,3,3,3,
AC42446da,2,2,2,2,0,0,
AC423ce4c,1,3,3,3,3,3,
AC423d923,3,3,2,3,3,1,
AC42408e6,2,2,1,2,1,3,
AC4242a6c,0,0,2,1,0,0,
AC423f47a,2,3,1,3,3,3,
AC423dc79,0,0,0,0,0,0,
AC4240fe8,1,3,2,3,3,3,
AC4241b65,0,0,0,0,0,0,test
AC423d42c,1,1,3,3,3,3,
AC4240a35,3,3,3,3,1,3,
AC42414e2,3,3,2,3,1,3,
AC423ceef,3,3,2,3,1,3,
AC42416be,3,3,1,3,3,3,
AC4241603,3,3,1,3,3,3,test
AC42458be,3,3,2,3,1,3,
AC424233d,3,3,2,3,1,3,
AC4242d2d,1,1,3,3,3,3,
AC4242749,3,3,1,2,3,3,test
AC42438f9,0,0,1,0,0,1,
AC42452e3,0,0,1,0,0,1,
AC42446af,3,3,3,3,3,1,
AC423fa5c,3,3,2,3,3,1,
AC4240f56,3,3,1,3,3,3,
AC4240963,0,0,0,0,0,0,
AC423e95d,3,3,1,3,3,3,
AC423f55d,1,3,3,3,3,3,
AC423f39b,0,0,0,0,0,0,
AC424164e,0,0,2,0,0,0,
AC423c62b,1,1,2,3,3,3,
AC4241504,2,2,2,2,0,0,test
AC424582b,3,3,3,3,1,3,
AC423d5f1,3,3,2,3,3,1,
AC423fa3e,1,1,0,0,0,0,test
AC4242117,0,0,2,0,0,0,
AC4244009,0,0,2,0,0,2,
AC423cf2b,0,0,2,0,0,2,
AC4244e5a,3,3,1,3,3,3,
AC4242112,1,1,2,3,3,3,
AC4241bfc,3,3,0,3,0,0,
AC423ede1,0,2,2,2,2,1,test
AC4244c13,0,0,2,2,0,0,val
AC4243966,0,0,2,2,1,0,
AC42440b7,3,3,1,3,3,3,test
AC423ee20,3,3,1,3,3,3,
AC4240410,1,1,3,3,3,3,
AC42435f9,3,3,2,2,1,3,
AC423c5b3,3,3,2,2,1,3,
AC423c79f,3,3,1,3,3,3,
AC42435c6,2,2,1,3,1,3,test
AC423f3d7,3,3,1,3,3,3,
AC423ccbb,3,3,3,1,3,3,
AC423fd8c,2,2,1,3,2,3,
AC423fd58,1,1,3,3,3,3,
AC424577d,1,1,2,2,1,3,
AC4245448,1,1,2,2,1,3,
AC4241d4b,2,3,2,1,2,3,val
AC423ee7d,0,0,0,0,0,0,
AC423dc2e,0,0,0,0,0,0,
AC42410b1,3,3,2,1,3,3,train
AC423fce9,0,0,0,0,0,0,test
AC424593a,0,0,0,0,0,0,
AC42414b4,0,0,0,0,0,0,
AC423fc7a,3,3,1,3,3,3,
AC4243ca6,3,3,2,2,1,3,train
AC4241627,0,0,1,0,0,0,
AC4244226,0,0,1,0,0,0,
AC424222c,0,0,0,0,0,0,
AC42429fa,3,3,3,1,3,3,
AC4242804,3,3,1,3,3,3,
AC423d371,0,0,3,0,0,0,
AC423f5a7,0,0,2,0,0,0,
AC423e0ae,0,0,2,0,0,0,
AC423ee82,0,0,2,0,0,0,
AC4244c9a,3,3,1,3,3,3,train
AC42441fc,3,3,1,2,3,3,
AC42440c7,3,3,1,3,3,3,test
AC424089b,2,3,2,3,1,3,
AC42440e9,2,3,2,3,1,3,
AC424348a,3,3,1,3,3,3,
AC4245c83,3,3,1,3,3,3,
AC423d57e,3,3,1,1,3,3,test
AC423e748,1,3,2,3,3,3,
AC4242f97,0,0,0,0,0,1,
AC4241d2c,0,0,0,0,0,0,test
AC42423ff,0,0,0,0,0,0,test
AC4244152,1,1,2,2,2,3,
AC423e169,3,3,1,1,3,3,
AC423faf4,1,1,1,2,3,3,train
AC4244e61,3,3,2,2,1,3,
AC4242d81,0,0,0,0,0,0,
AC423c879,0,0,0,0,0,0,
AC4242db1,0,0,0,0,0,0,
AC4242f60,3,3,3,3,3,1,
AC423e30c,1,1,0,0,0,1,
AC424430a,2,2,1,3,3,3,train
AC423e28a,3,3,2,3,3,1,
AC423e190,1,1,1,3,3,3,
AC42441a3,2,2,1,3,3,2,
AC423c151,0,0,0,0,0,0,
AC4241d32,1,1,3,3,1,3,
AC4243b07,1,3,3,3,3,3,
AC424205c,2,2,1,3,3,3,test
AC4243338,1,3,2,2,1,3,
AC4245dce,0,0,0,0,0,0,
AC4243c87,3,3,1,3,3,3,
AC423dc2d,3,3,1,3,3,3,
AC4241ba7,3,3,3,1,3,3,
AC42426a9,0,0,0,0,0,0,
AC4244c8a,3,3,2,3,1,3,
AC4242431,1,1,1,3,3,3,
AC423bff0,2,2,2,3,1,3,test
AC42400d9,3,3,1,3,3,3,
AC4244843,3,3,1,2,3,3,
AC42442da,3,3,1,2,3,3,
AC423e775,3,3,1,1,3,3,
AC423dcf4,3,3,1,3,3,1,test
AC423c7ab,2,2,2,1,1,3,
AC423e81e,3,3,1,3,3,3,
AC4245387,3,3,1,3,3,3,
AC423da89,0,0,2,0,0,0,
AC4241da1,1,1,2,3,3,3,
AC423e37d,1,1,2,1,2,3,
AC4244882,1,1,2,3,2,3,
AC4242d1e,1,3,2,3,2,3,
AC42448b1,0,0,0,0,0,0,
AC42429bb,3,3,3,3,1,1,val
AC42422de,3,3,2,3,1,1,val
AC424079c,3,3,2,3,1,1,val
AC42454df,3,3,2,3,1,1,val
AC42423bd,3,3,2,3,2,1,val
AC4243965,3,3,2,3,2,1,val
AC42402c2,1,3,3,3,3,1,train
AC4244e6c,1,3,3,3,3,1,train
AC4242d08,1,3,3,3,3,1,train
AC42446c7,2,3,3,3,3,1,train
AC423d5df,2,3,3,3,3,1,train
AC423f559,2,3,3,3,3,1,train
AC4242698,2,3,3,3,3,1,train
AC423e0eb,2,3,3,3,3,1,train
AC4243392,2,3,3,3,3,1,train
AC4242d4c,0,0,0,0,0,0,
AC423d9c4,1,1,1,3,3,1,
AC4242e2c,1,3,3,3,3,2,test
AC4241749,3,3,1,3,3,3,train
AC423f074,1,1,3,3,3,3,
AC42439d1,3,3,3,2,3,1,
AC424283d,3,3,2,1,3,3,
AC4244143,1,3,1,3,3,1,
AC424153f,1,3,1,3,3,1,
AC424234b,2,3,1,3,3,1,
AC424240d,1,1,3,3,3,3,
AC4243a7b,1,1,1,1,3,1,
AC423db35,1,1,1,1,3,1,
AC42409c2,2,2,2,3,1,3,
AC42415a9,1,3,3,2,2,3,
AC4240e09,2,2,1,3,3,3,
AC423d3fe,3,3,1,3,3,3,train
AC4244cd3,2,2,3,3,1,3,test
AC424427d,2,2,3,1,3,3,
AC423fb8d,2,1,2,3,3,3,
AC423bf7d,3,3,3,1,3,3,
AC4240e55,3,3,1,3,3,3,
AC42428af,1,1,1,3,3,3,
AC424213d,1,1,3,3,3,3,
AC42403df,1,1,2,3,3,3,
AC42435cd,1,3,3,3,3,3,test
AC423d51f,3,3,1,2,3,3,
AC4243b9e,3,3,1,2,3,3,
AC4240fdd,3,3,1,2,3,3,
AC423c591,2,2,2,3,3,1,val
AC4241aa0,3,3,1,3,1,3,
AC4243c90,1,1,3,3,3,3,
AC42416c8,3,3,1,1,2,3,train
AC423e765,3,3,1,1,2,3,train
AC4244046,2,2,1,3,3,3,val
AC424024e,2,2,1,3,3,3,val
AC424426a,1,1,1,3,3,3,
AC423efc6,3,3,3,1,3,3,
AC423f4a2,3,2,2,3,1,1,
AC423c65b,3,3,1,1,1,3,test
AC423fb44,1,1,2,3,3,3,test
AC423e7d3,3,3,2,3,1,3,
AC423ef6c,1,1,3,3,3,3,test
AC4245907,1,1,2,2,3,3,test
AC423d45b,1,1,2,2,3,3,test
AC4243abe,1,1,2,2,3,3,test
AC4241ae1,1,1,2,2,3,3,test
AC42428c9,1,1,2,2,3,3,test
AC423d5bc,1,1,2,2,3,3,test
AC423e68a,1,1,2,2,3,3,test
AC423e942,1,1,2,2,3,3,test
AC423f6ec,3,3,1,2,1,3,val
AC423bf17,3,3,1,3,1,3,
AC423cd7b,3,3,2,1,3,3,train
AC423d376,1,1,2,3,2,3,
AC4242057,1,1,2,3,2,3,
AC4244061,3,3,1,3,3,3,
AC4244c1c,1,1,2,3,2,3,
AC423c854,3,3,3,1,3,3,
AC4243a7f,3,3,1,3,3,3,
AC4241bde,1,3,1,3,3,3,
AC4244dc2,1,3,2,3,3,3,
AC423cc9f,3,3,2,3,1,3,val
AC4244706,3,3,2,3,1,3,val
AC423e026,3,3,2,3,1,3,val
AC4241592,3,3,2,3,1,3,val
AC42403af,1,1,2,2,3,3,
AC424299a,1,1,2,2,3,3,train
AC423c0cf,3,3,1,3,3,3,
AC423edfa,3,3,1,3,3,3,
AC423e9f3,3,3,3,3,1,3,
AC42403bb,1,1,2,2,3,3,
AC4245777,3,1,3,1,1,3,
AC423d5ba,3,1,3,1,1,3,
AC423cf89,3,1,3,1,1,3,
AC424552c,3,1,3,1,1,3,
AC4240d88,3,1,3,1,1,3,
AC423c55e,3,3,1,3,1,3,
AC4244c71,1,1,2,1,3,3,
AC423fc81,1,1,2,1,3,3,
AC423fb7e,1,1,1,3,3,3,val
AC4242eec,2,1,2,2,2,3,val
AC4244c0d,3,3,1,2,1,3,
AC4244d58,3,3,1,2,1,3,
AC423fc4f,3,3,1,3,3,3,
AC4241c23,3,3,1,3,3,3,
AC423d958,3,3,1,3,3,3,
AC4241446,3,3,1,3,1,3,
AC42409f0,2,1,1,3,1,3,test
AC4244034,1,3,3,3,3,3,
AC4240f4f,1,3,3,3,3,3,
AC424221d,1,3,3,3,3,3,
AC423ce59,1,3,3,3,3,3,
AC4243bb0,3,3,3,1,3,3,test
AC4244910,3,3,3,1,3,3,test
AC423f548,2,2,2,3,1,3,
AC42435ba,3,3,3,3,1,3,
AC4240419,3,3,3,3,1,3,
AC4240800,3,3,1,3,3,3,
AC4240d7b,1,1,3,3,3,3,
AC4243042,3,3,2,1,3,1,
AC423fb9d,3,3,1,3,3,3,
AC423ea39,3,3,2,1,3,3,
AC423cda9,1,1,3,3,3,3,
AC423f06c,3,3,3,3,3,1,
AC423da0b,1,3,3,3,3,3,
AC423c747,1,1,3,3,3,3,val
AC4243c0d,3,3,1,3,3,3,
AC424395c,2,1,2,3,3,3,
AC4243312,1,1,2,2,3,3,
AC4245a0e,1,1,2,2,3,3,
AC423dff6,1,1,2,2,3,3,
AC423d431,1,1,2,2,3,3,
AC42427dc,1,1,1,1,1,3,
AC423cd3f,2,2,2,1,3,3,
AC4242a23,2,2,2,1,3,3,
AC423c84e,3,3,3,1,3,3,test
AC424029f,3,3,1,1,3,3,train
AC42429e7,3,3,1,2,2,3,
AC423bfc2,1,1,1,3,1,3,
AC4242850,1,1,3,3,3,3,
AC42410dc,3,3,1,1,3,3,
AC423fc7b,2,3,2,2,1,3,
AC4240dec,1,3,2,2,1,3,test
AC423c7be,1,3,1,3,3,3,
AC4242988,3,3,1,1,3,3,val
AC4240ef6,1,1,3,3,3,3,
AC423d4d8,3,3,1,3,3,3,
AC423c801,1,3,3,3,3,3,
AC4242dea,1,3,3,3,3,3,
AC42400d0,3,3,3,3,1,3,test
AC4240eef,3,3,3,3,1,3,test
AC423fde1,3,3,3,3,1,3,test
AC423c6b1,3,3,3,3,1,3,test
AC4244b7b,3,3,1,3,3,3,
AC4243bb3,1,3,1,1,3,1,val
AC4243a27,3,3,1,3,3,3,test
AC423c672,3,3,2,3,1,2,
AC4244069,1,3,3,3,3,3,
AC4244cee,3,3,1,3,3,3,test
AC423ce7b,3,3,1,3,3,3,
AC423d95c,3,3,1,1,3,3,test
AC4243a57,3,3,2,3,1,1,
AC4242404,3,3,1,3,3,3,
AC424082c,1,1,1,3,3,3,
AC423f50b,1,3,3,3,3,3,
AC423c4f1,3,3,2,3,3,1,val
AC423d9a9,3,3,1,1,3,3,
AC423fbb2,1,1,3,3,3,3,
AC423e9bd,1,1,3,3,3,3,
AC423bdfd,3,3,1,3,3,3,
AC423f4a1,2,2,1,3,2,3,
AC424091d,2,2,2,2,1,3,
AC42426ad,2,2,2,2,1,3,
AC423c519,2,2,2,3,1,3,train
AC4240f0a,3,3,2,1,3,3,
AC4240ad7,2,3,2,1,3,3,
AC423c69d,1,1,1,1,3,3,
AC423fb7d,1,1,2,2,3,3,
AC42429b2,3,3,1,1,3,3,test
AC4240988,3,3,1,2,3,3,
AC4242890,3,3,2,1,1,2,
AC423fbaa,1,1,3,3,3,3,
AC423dc4e,3,3,1,3,3,3,
AC42400b3,3,3,1,3,3,3,
AC423f5c0,1,3,2,3,3,3,
AC4242da9,1,3,1,3,3,3,
AC423f764,3,3,3,3,3,1,train
AC424596a,1,3,2,2,3,3,
AC423bfa0,1,3,2,2,3,3,
AC424350e,1,3,2,2,3,3,
AC423e8ef,1,3,2,2,3,3,
AC4242a11,1,3,2,2,3,3,
AC42447d7,1,3,2,2,3,3,
AC4242808,1,3,3,2,3,3,
AC423d51d,3,3,3,3,1,3,
AC42407d0,3,3,1,3,3,3,
AC424143e,1,1,1,3,3,3,test
AC424280a,1,1,1,3,3,3,
AC4242417,0,0,0,0,0,0,
AC423efb9,0,0,0,0,0,0,
AC4241771,1,3,3,3,3,3,test
AC4241079,0,0,0,0,0,0,
AC423bdf4,0,0,0,0,0,0,
AC4241c96,0,0,0,0,0,0,test
AC4240ac1,0,0,0,0,0,0,
AC423f691,0,0,0,0,0,0,test
AC423d290,0,0,0,0,0,0,
AC4242f1b,0,0,0,2,0,0,
AC423f3fd,2,2,2,1,2,0,
AC42402df,2,2,2,1,2,0,
AC4245ae6,2,2,2,1,2,0,
AC42416a0,2,2,2,1,2,0,
AC4244773,2,2,2,1,2,3,
AC4244047,2,2,2,1,2,3,
AC4241dc4,0,0,0,0,0,0,
AC4242800,0,0,0,0,0,0,
AC42439af,0,0,0,0,0,0,
AC42439b2,3,3,1,3,3,3,
AC423e2b1,3,3,1,3,3,3,
AC424347f,3,3,1,3,3,3,
AC4245e8d,2,2,1,0,0,0,
AC423fb89,2,2,1,0,0,0,
AC423eed2,2,2,1,1,0,0,
AC4243fb8,0,0,0,2,0,0,
AC423e1a6,0,0,0,0,0,0,
AC4241c87,0,0,0,0,0,0,
AC4240a5a,3,3,1,3,3,3,
AC4244606,0,0,0,0,0,0,
AC423e80b,0,0,0,0,0,0,
AC423c0c4,0,0,0,0,0,0,
AC4241cf0,0,0,0,0,0,0,
AC423ed20,0,0,0,0,0,0,
AC42448e5,0,0,0,0,0,0,test
AC4240e1e,0,0,0,0,0,0,test
AC423d9dc,0,0,0,0,0,0,
AC4245e0d,0,0,0,0,0,0,
AC4242f64,3,3,1,2,3,3,val
AC424489e,3,3,1,2,3,3,val
AC423fac6,3,3,1,2,3,3,val
AC423d5ac,0,0,0,0,0,0,test
AC423f6c2,0,0,0,0,0,0,
AC4241b6e,1,3,3,2,3,3,
AC423be6b,0,0,0,0,0,0,
AC42423c8,0,0,0,0,0,0,
AC423e94b,0,0,0,0,0,0,test
AC42427ba,0,0,0,0,0,0,
AC4243ca0,0,0,0,0,0,0,
AC4241550,0,0,0,0,0,0,test
AC4241421,0,0,3,0,0,0,
AC4241a43,0,0,0,0,0,0,
AC423e0b1,0,0,2,0,0,0,
AC4242416,0,0,2,0,0,0,
AC4244ec0,0,0,0,0,0,0,
AC423d4b0,3,3,1,3,3,3,
AC4240879,0,0,0,0,0,0,
AC4243a4f,0,0,0,2,0,0,
AC423ceb5,1,1,3,2,3,3,test
AC423d2e0,0,0,0,0,0,0,
AC423e287,0,0,0,0,0,0,
AC4242ceb,0,0,0,0,0,0,
AC424296c,0,0,0,0,0,0,
AC423d594,1,0,0,0,0,0,
AC424017a,1,1,3,3,3,3,
AC42435a7,0,0,0,0,0,0,train
AC42429ad,0,0,0,0,0,0,
AC4244bb9,0,0,0,1,0,0,
AC4240342,0,0,0,0,0,0,
AC4242f98,0,0,0,0,0,0,
AC423c192,0,0,0,0,0,0,
AC42401b9,1,0,0,0,0,0,val
AC423cc29,0,0,0,0,0,0,
AC423fc64,0,0,0,0,0,0,
AC423dce2,0,0,0,0,0,0,
AC42426be,0,0,0,0,0,0,
AC423be10,0,0,0,0,0,0,
AC4241cfa,0,0,0,0,0,0,test
AC423be16,0,0,0,0,0,0,
AC424149a,0,0,0,0,0,0,
AC423ee1e,0,0,0,0,0,0,test
AC4242ee9,0,0,0,0,0,0,
AC423f5cb,0,0,0,0,0,0,test
AC423cc78,0,0,0,0,0,0,test
AC423ef09,0,0,0,0,0,0,
AC42441e4,0,0,0,0,0,0,
AC423e7d1,0,0,0,0,0,0,
AC423cbbc,0,0,0,0,0,0,
AC423fa21,0,0,0,0,0,0,
AC4244c56,0,0,0,0,0,0,
AC423edcf,0,0,0,0,0,0,
AC424235c,0,0,1,0,0,0,
AC424173e,0,0,0,0,0,0,
AC42434fc,2,2,0,0,0,0,
AC42407b6,0,0,0,0,0,0,
AC423fdbc,0,0,0,0,0,0,
AC4243be7,0,0,0,0,0,0,
AC423e8a2,0,0,0,0,0,0,
AC4240464,0,0,0,0,0,0,
AC424309a,0,0,0,0,0,0,test
AC4244656,0,0,0,0,0,0,
AC423e946,1,0,0,0,0,0,
AC4243bd0,0,0,0,0,0,0,
AC423e21a,0,0,0,0,0,0,
AC423f66c,0,0,1,0,0,0,
AC4243a47,1,0,2,1,2,0,
AC423cbe6,0,0,0,0,0,0,
AC423ea02,2,2,1,3,3,3,
AC423f6ee,0,0,0,0,0,0,
AC4240710,3,3,1,3,3,3,
AC4240a99,3,3,1,3,3,3,
AC4244792,3,3,1,3,3,3,
AC4243ca4,0,0,0,0,0,0,
AC423cc37,1,0,0,0,0,0,
AC423d3ef,0,0,0,0,0,0,
AC4242a03,3,3,2,3,1,3,
AC4242a0f,0,0,0,0,0,0,
AC42415e7,0,0,0,0,0,0,
AC4242716,0,0,0,0,0,0,
AC423e329,3,3,2,3,1,1,
AC424474b,0,0,0,0,0,0,
AC423e0c6,1,3,1,3,3,3,
AC423e8f4,0,0,0,0,0,0,
AC4243fec,1,3,3,3,3,3,test
AC423dc6e,3,3,1,3,3,3,
AC42433e7,1,3,3,3,3,3,
AC423f51a,3,3,1,3,3,3,val
AC424013a,0,0,0,0,0,0,
AC42451ab,0,0,0,0,0,0,
AC423fd5a,0,0,0,0,0,0,
AC4244c91,0,0,0,0,0,0,
AC423f094,0,0,1,0,0,0,
AC42421c1,0,0,1,0,0,0,
AC4240256,0,0,0,0,0,0,
AC42433e9,0,0,0,0,1,0,
AC423e2d2,3,3,3,1,3,3,val
AC424345c,2,1,2,0,2,0,
AC423efb2,3,3,1,3,3,3,
AC42426d7,1,0,1,0,0,0,train
AC4241d04,3,3,3,3,3,1,
AC423db57,3,3,3,1,3,3,
AC423ccbc,3,3,1,3,1,3,
AC4240ddf,1,3,3,3,3,3,
AC423edc3,1,3,3,3,3,3,
AC423e927,0,0,0,0,0,0,
AC423c646,0,0,0,0,0,0,
AC42426a2,0,0,0,0,0,0,
AC423e2c6,0,0,0,0,0,0,train
AC423c87e,3,3,3,1,1,3,train
AC42403e7,3,3,3,1,1,3,train
AC423c89b,3,3,3,1,1,3,train
AC423cccf,3,3,3,1,1,3,train
AC4245a1e,3,3,3,1,1,3,train
AC42410ab,0,0,0,1,0,0,
AC423e9a7,0,0,0,0,0,0,
AC423e156,1,1,0,1,1,0,
AC423d3e7,2,2,0,1,1,0,
AC423e00a,0,0,0,0,0,0,
AC4240132,0,0,0,0,0,0,
AC424422c,0,0,0,0,0,0,
AC4242fe9,3,3,1,3,3,3,
AC423cf8c,0,0,0,0,0,0,
AC423c19d,0,0,0,0,0,0,
AC423cef6,0,0,0,0,0,0,
AC424340d,0,0,0,0,0,0,
AC423ee8d,0,0,0,0,0,0,train
AC4242317,0,0,0,0,0,0,
AC4241049,0,0,0,0,0,0,
AC4243015,0,0,0,0,0,0,
AC423fc99,2,3,1,3,3,3,
AC424172e,1,1,2,3,0,0,
AC423fa28,2,1,2,2,0,0,
AC423ce9c,0,0,0,2,0,0,
AC42432f4,0,0,0,0,0,0,
AC42446fc,0,0,0,0,0,0,
AC423bde7,2,2,1,3,3,3,
AC4242748,0,0,2,0,0,0,
AC4242eda,3,3,3,1,3,3,train
AC423fdd4,0,0,0,0,0,0,
AC424398f,0,0,0,0,0,0,
AC423e84a,0,0,0,0,0,0,
AC423ccb4,0,0,0,0,0,0,train
AC4242739,0,0,0,0,0,0,train
AC42413eb,0,0,0,0,0,0,train
AC4241aab,0,0,0,0,0,0,
AC423d50b,0,0,0,0,0,0,
AC424359c,0,0,2,2,0,0,
AC42451dc,0,0,2,2,0,0,
AC423e162,3,3,1,2,3,3,
AC4242244,0,0,0,0,0,0,val
AC424221f,0,0,0,2,0,0,
AC4240ffd,0,0,0,3,0,0,
AC4245199,0,0,0,2,0,0,
AC4245504,0,0,0,2,0,0,
AC423e878,0,0,0,2,0,0,
AC424405b,3,3,1,3,3,3,
AC4241dba,0,0,0,0,0,0,
AC4242197,0,0,0,0,0,0,test
AC4242234,1,1,3,1,3,3,
AC423ee6b,2,2,3,1,3,3,
AC42439b9,2,2,3,1,3,3,
AC423e8e3,0,0,0,0,0,0,
AC423fab4,0,0,0,0,0,0,val
AC423efbb,0,0,0,0,0,0,
AC4242f2d,0,2,1,2,0,0,test
AC4241d95,0,0,0,0,0,0,
AC4244613,0,0,0,0,0,0,
AC4243f5c,0,0,0,0,0,0,test
AC423c166,2,2,2,0,2,0,
AC423e77b,3,3,1,2,3,3,
AC423d52b,0,1,2,1,0,0,val
AC42421d1,0,0,0,0,0,0,
AC4245358,1,0,0,0,0,2,
AC423cd3e,2,2,2,0,2,0,
AC423fa29,2,2,2,0,2,1,
AC4241708,2,2,2,0,2,1,
AC4245984,2,2,2,0,2,1,
AC4243980,2,2,2,3,2,1,
AC423d35c,1,1,3,3,3,3,
AC4241131,1,3,1,3,3,3,
AC4243b1f,0,0,0,0,0,0,
AC4241066,0,0,0,0,0,0,
AC423cc24,0,0,0,0,0,0,
AC423c5eb,0,0,0,0,0,0,
AC4242308,0,0,0,0,0,0,
AC423fce0,0,0,0,0,0,0,
AC424335e,0,0,3,0,0,0,
AC423bdf9,3,3,1,3,3,3,
AC424290d,3,3,1,3,3,3,
AC423c632,3,3,1,3,3,3,
AC423c86b,0,0,0,0,0,0,
AC4243ab9,0,0,0,0,0,0,
AC423e7d5,0,0,0,0,0,0,
AC424034a,0,0,2,2,1,0,
AC4242125,2,2,0,2,1,2,
AC423cf29,2,2,0,2,1,2,
AC423dae7,2,2,0,2,2,2,
AC423f08f,2,2,0,2,2,2,
AC4244b87,0,0,0,0,0,0,test
AC4241dcb,1,1,1,0,0,0,
AC4244cb7,0,0,0,0,0,0,val
AC4242831,0,0,0,0,0,0,
AC423ef88,0,0,0,0,0,0,val
AC423fd06,0,0,0,0,0,0,
AC4240923,0,0,0,0,0,0,
AC4242df7,0,0,0,0,0,0,train
AC423fb59,3,3,1,3,3,3,
AC42400c9,0,0,0,0,0,0,
AC4242f5a,0,0,0,0,0,0,
AC423db2f,0,0,0,0,0,0,
AC4241688,0,0,0,0,0,0,
AC4243c52,2,2,2,2,2,0,test
AC4244077,3,3,1,3,3,3,
AC424491d,0,0,0,0,0,0,train
AC424281f,0,0,0,0,0,0,
AC423c795,2,2,2,2,2,0,val
AC423e74b,0,0,0,0,0,0,
AC4241740,0,0,0,0,0,0,
AC424426c,0,0,0,0,0,0,
AC4244f38,0,0,2,0,0,0,
AC424046a,0,0,0,0,0,0,
AC423f4a5,0,0,0,0,0,0,
AC4241016,3,3,1,1,1,3,
AC4240d75,0,0,0,0,0,0,
AC423e36d,0,0,0,0,0,0,
AC423e8f3,0,0,0,0,0,0,
AC4241d3a,0,0,0,0,0,0,
AC423f497,0,0,0,0,0,0,
AC4242929,0,0,0,0,0,0,
AC423f5bd,0,0,0,0,0,0,
AC423da83,0,0,1,0,0,0,
AC423cbe0,2,3,3,3,3,1,
AC42401ca,0,0,0,0,0,0,val
AC4240298,0,0,0,0,0,0,
AC424297a,0,0,0,0,0,0,
AC4240933,0,0,0,0,0,0,
AC4244636,0,0,0,0,0,0,train
AC424028d,0,0,0,0,0,0,
AC423cc48,0,0,0,0,0,0,
AC4242d95,0,0,0,0,0,0,
AC4243672,0,0,0,0,0,0,
AC42402bf,0,0,0,0,0,0,
AC42409b6,0,0,0,0,0,0,train
AC423f0e7,0,0,0,0,0,0,
AC4240780,3,3,3,2,3,1,
AC4240da7,3,3,1,1,3,3,
AC42414a2,1,3,3,3,3,3,
AC42422ca,0,0,0,0,0,0,test
AC424099d,0,0,0,0,0,0,test
AC423fbab,0,0,0,0,0,0,
AC423ce0c,2,2,1,0,0,0,
AC423be93,2,2,1,0,0,0,
AC42416d0,2,2,1,0,0,0,
AC424392c,2,2,1,0,0,0,
AC423e6a1,2,2,1,0,0,0,
AC424545d,2,2,2,0,0,0,
AC424424d,2,2,2,0,0,0,
AC4244890,0,0,0,0,0,0,
AC4243ae0,0,0,0,0,0,0,train
AC4240dad,0,0,0,0,0,0,
AC423f421,0,0,0,0,0,0,
AC423faa6,0,0,0,0,0,0,
AC42446ae,0,0,0,0,0,0,test
AC4244090,0,0,0,0,0,0,
AC424283a,0,0,1,0,0,0,
AC423db23,0,0,0,0,0,0,
AC4244c59,0,0,0,0,0,0,val
AC423c4f0,0,0,0,0,0,0,
AC423f5d5,0,0,0,0,0,0,
AC423d9f9,0,0,0,0,0,0,
AC4242778,0,0,1,0,0,0,
AC4240904,0,0,0,0,0,0,
AC423e6e0,0,0,0,0,0,0,
AC4243631,3,3,3,3,1,3,test
AC424010c,0,0,0,0,0,0,
AC423e333,0,0,0,0,0,0,
AC423ce64,0,0,0,0,0,0,
AC423c554,0,0,1,0,0,0,
AC423c76f,2,1,3,3,3,3,
AC4242374,0,0,0,0,0,0,
AC423d360,0,0,3,1,0,0,
AC42442e5,0,0,2,1,0,0,
AC423f5f1,0,0,2,1,0,0,
AC4240364,0,0,2,1,0,0,
AC4242320,0,0,2,1,0,0,
AC423c818,0,0,2,2,0,0,
AC42426e1,0,0,0,0,0,0,test
AC4242f2b,0,0,1,0,0,0,
AC423e81f,0,0,1,1,0,0,
AC4243348,0,0,0,0,0,0,
AC424352a,0,0,0,0,0,0,val
AC4242fd9,0,0,0,0,0,0,
AC423ea18,0,0,0,0,0,0,
AC424034c,0,0,0,0,0,0,
AC423fd62,3,3,1,3,3,1,
AC42400dc,0,0,0,0,0,0,
AC42440af,3,3,1,3,1,3,
AC42435d6,0,0,1,0,0,0,
AC4245dbb,0,0,3,0,0,0,
AC42442e0,0,0,0,0,0,0,
AC42429c8,0,0,0,0,0,0,
AC423e376,0,0,0,0,0,0,
AC424083f,0,0,0,0,0,0,val
AC4241699,0,0,0,0,0,0,train
AC423e907,3,3,1,3,3,3,
AC424306f,3,3,1,3,3,3,
AC4242eb2,3,3,1,3,3,3,
AC423fb7b,1,1,0,0,0,0,
AC4241bf3,0,0,0,0,0,0,
AC42428d9,0,0,0,0,0,0,val
AC4243ccd,2,2,2,0,2,0,
AC42435ac,0,0,0,0,0,0,
AC424358a,2,3,2,3,1,3,
AC4244927,2,2,2,0,0,0,test
AC423e20d,2,2,2,2,2,0,
AC4241b40,1,1,2,3,3,1,
AC42416ea,1,1,1,3,3,3,
AC423bfc5,3,3,1,3,3,3,
AC423d357,3,3,1,3,3,3,
AC4243605,2,2,2,2,1,3,
AC424141c,3,1,3,3,3,3,
AC423e7ff,3,1,3,3,3,3,
AC42401ed,1,3,3,3,3,3,
AC42445eb,2,2,3,1,3,3,
AC4240435,1,1,2,3,3,3,
AC4244083,1,1,2,3,3,3,
AC4242e13,1,1,2,3,3,3,
AC423cde0,1,1,2,3,3,3,
AC42433df,1,3,3,1,3,3,
AC4241605,1,1,1,3,1,3,
AC423bde1,1,1,2,3,1,3,
AC423e138,1,1,2,3,1,3,
AC42454e0,1,1,2,3,1,3,
AC423d9e1,1,1,2,3,1,3,
AC4241d60,3,3,1,3,3,3,
AC4242cfa,3,3,1,3,3,3,
AC423e76b,2,2,2,1,3,3,
AC4240f00,1,3,3,3,3,1,
AC4243aa9,3,3,3,3,3,1,
AC423e161,2,2,2,1,2,3,
AC423e0ea,1,1,3,3,3,3,test
AC424414d,2,3,2,2,1,1,
AC423fb5b,3,3,1,3,3,3,test
AC42408ca,3,3,1,3,3,3,test
AC424392d,1,1,1,2,2,3,
AC423bec2,1,1,1,2,2,3,
AC423efbf,1,1,1,2,2,3,
AC423c13b,1,1,1,2,2,3,
AC42409ee,3,3,3,1,3,3,
AC4242080,3,3,3,1,1,3,
AC4240f3a,3,3,3,1,1,3,
AC424518b,3,3,3,1,3,3,test
AC423f0b0,3,3,1,3,3,3,
AC423e7b2,3,3,1,3,3,3,
AC423d2cf,2,3,1,3,3,3,test
AC4241570,1,3,3,3,1,3,
AC4243f65,1,1,2,2,3,1,
AC4240e29,3,3,1,3,3,3,
AC423fc80,1,1,1,3,3,3,
AC4242f81,1,1,1,3,3,3,
AC4243017,1,1,2,3,3,3,
AC423ef9a,3,3,3,3,1,3,
AC4243910,3,3,1,3,3,3,
AC423c6b6,3,3,1,3,3,3,
AC4244094,3,3,1,3,3,3,
AC423e36e,3,3,1,3,1,3,
AC42408cc,3,3,1,2,1,3,
AC4243bf4,3,3,3,2,1,3,
AC423f53f,3,3,2,2,1,3,
AC42445fa,2,2,1,1,1,3,
AC4242a00,3,3,1,3,3,3,
AC4243046,2,2,2,2,3,1,
AC423f3d9,3,3,1,1,3,3,
AC4243c40,2,2,1,2,3,3,
AC4240a53,1,3,3,3,3,3,
AC423dcae,1,1,3,3,3,3,val
AC4241122,3,3,1,3,3,3,
AC424393d,3,3,3,2,1,3,test
AC42413e4,1,1,3,3,3,3,
AC423edc4,1,3,3,3,3,3,
AC424228d,1,3,3,3,3,3,
AC423e83c,1,3,3,3,3,3,
AC424167e,1,3,2,3,3,3,
AC423e690,1,1,1,1,1,3,
AC4243c47,2,2,1,3,3,3,
AC423d445,1,3,2,3,3,3,
AC4244681,3,3,2,2,2,1,
AC42436b4,3,3,1,3,3,1,
AC423be55,3,1,3,3,3,3,val
AC4244272,2,1,2,3,3,2,val
AC4245cc2,2,1,2,3,3,2,val
AC42420ed,3,3,1,3,1,1,
AC4240a51,3,3,1,3,3,3,
AC42441b9,1,1,2,2,2,1,
AC423fb99,2,1,2,2,1,3,
AC423f760,3,3,3,1,3,3,
AC423f630,3,3,1,3,3,3,
AC423e8b6,1,1,3,3,3,3,
AC4240ad2,1,1,2,3,3,3,
AC42415b1,1,1,2,3,3,3,
AC423fb8f,1,1,3,3,2,3,
AC423e164,1,1,2,2,3,3,
AC424018e,3,3,3,3,3,1,val
AC423c82c,3,3,1,1,3,1,
AC423fc4b,2,1,2,2,1,2,
AC42434ad,1,3,1,3,3,3,
AC42410b4,3,3,2,3,1,1,test
AC4245372,3,3,2,3,1,2,test
AC4242f9e,3,3,3,1,3,3,val
AC424469b,3,3,3,3,1,3,
AC423c542,3,3,3,3,3,1,
AC4244c0c,3,3,2,1,3,3,
AC423e1be,1,3,3,1,3,3,train
AC423bfbf,1,1,3,3,1,3,
AC42435ef,3,3,1,3,3,3,
AC424077a,1,1,3,3,3,3,test
AC423efae,3,3,1,2,1,3,
AC423dfe0,3,3,3,3,1,2,
AC423d928,1,1,2,3,1,3,
AC4242f28,1,1,3,3,3,3,
AC4242f58,3,3,1,3,3,3,
AC4244075,3,3,1,1,3,3,
AC4242eb6,1,1,3,3,3,3,
AC4242f03,3,3,1,3,3,3,
AC4240187,3,3,1,3,3,3,
AC4243065,1,1,1,3,3,3,
AC423fb17,3,3,1,3,3,3,
AC423ed8c,2,2,1,3,3,3,
AC4244651,2,2,1,3,3,3,
AC423ea04,1,1,3,1,3,3,
AC423f443,3,3,3,3,1,3,
AC4240e50,1,3,2,2,3,3,test
AC4241ac8,3,3,1,3,1,3,
AC4240276,3,3,1,3,3,3,
AC42428f9,3,3,3,3,3,1,
AC4240e6c,3,3,3,1,3,3,
AC423edbd,3,3,1,3,3,3,test
AC423bdfa,1,1,3,3,3,3,
AC423f3dd,2,1,2,2,3,3,
AC4243002,2,1,2,2,3,3,
AC42409f3,1,1,3,3,3,3,
AC423c655,1,1,1,3,3,3,
AC42426ce,3,3,1,3,3,3,
AC423beb3,1,3,3,3,3,3,
AC423fc3b,1,3,3,3,3,3,test
AC4242a2c,1,3,2,2,3,3,
AC423c7ea,3,3,3,1,3,3,test
AC423d563,1,1,3,3,3,1,
AC4241c5d,1,1,2,3,3,1,
AC423e0af,1,1,3,3,3,3,
AC4243cce,1,3,1,3,2,3,train
AC4243538,1,1,1,3,3,3,
AC423c7ae,0,0,0,0,0,0,test
AC423dc4b,3,3,1,3,3,3,
AC4242256,1,1,3,3,3,3,
AC4244beb,3,3,1,3,3,3,
AC424175d,3,3,3,2,1,0,
AC424343d,3,0,2,2,2,0,train
AC4240286,1,3,2,2,1,3,train
AC4241526,2,2,2,0,1,0,
AC423e347,2,2,2,0,1,0,
AC4241682,0,0,0,0,0,0,
AC4244d61,2,2,2,2,2,0,
AC423c77e,2,2,2,2,2,0,
AC4240a33,2,2,2,2,2,0,
AC423f507,2,2,2,2,2,0,
AC4242ea1,3,3,2,3,1,3,
AC4240f4e,2,2,2,3,1,3,
AC424160f,2,2,2,3,1,3,
AC423e3a1,0,0,0,0,0,0,
AC423fbfc,0,0,2,2,0,0,
AC423c560,1,3,3,3,3,3,
AC4244268,2,2,2,1,0,0,
AC4240477,1,1,2,2,1,0,
AC423ce28,2,2,2,2,2,1,
AC423e205,1,3,2,2,2,3,
AC4242d43,3,3,3,3,1,3,
AC423f3b3,2,2,2,0,1,0,val
AC4243a50,2,2,2,0,2,0,val
AC423d98e,0,0,0,0,0,0,
AC423f0d8,0,0,1,0,2,0,
AC423e0e9,0,0,0,0,0,0,
AC4243b78,3,3,2,1,3,2,
AC42448d0,2,1,2,2,2,3,val
AC4243512,1,1,2,3,3,3,
AC424205b,2,2,2,1,2,0,
AC4243c5f,2,2,2,1,2,0,
AC423e22d,2,2,2,2,2,0,
AC4244870,0,0,0,0,0,0,
AC423ef0b,1,3,3,3,3,3,
AC423cdcd,1,1,1,3,1,3,
AC423bef2,1,1,1,3,1,3,
AC423f0b8,0,0,0,0,0,0,
AC423dc0e,1,1,1,0,0,0,
AC42414f9,0,0,0,0,0,0,
AC4244052,3,3,2,2,3,1,
AC424470f,0,0,0,0,0,0,
